Headline (CID),Date_Posted,Post_Text,Source_URI,Author_DID
bafyreig5cmrxhpklgdabvoxjwcpdhc244zzjmnrtgpsu77xl27zeaarznu,2026-02-28,"Okay, but if despicable, why cool looking?  That is a man that has never needed to ""farm"" aura, for he has never known a shortage of it in his life.",https://bsky.app/profile/kalonimos.bsky.social/post/3mfxgnfbowc2z,did:plc:tyycjns2lohdlw5u2nkytcjw
bafyreih4leaxuiqowzalp5ddpkptkpkp2p2bh4nldc5rmd3bth4luasdde,2026-02-28,"If you're rooting for an emergent democracy in Iran, the best you can hope for is a long bloody civil war. When the institutions of democracy have not existed for generations, there is nothing but factions...",https://bsky.app/profile/mikey-hq.bsky.social/post/3mfxgnfbca22b,did:plc:rivf66rx5zsbhkrzya46anjv
bafyreiei2dso23us555ks4ie5yushta6vmhqzeox6ii2sy57rczhapqwx4,2026-02-28,That is sorta like a John Smith changing his name to Jon Smith and claiming it is the different person.,https://bsky.app/profile/jasski.bsky.social/post/3mfxgnfa54k23,did:plc:5lfpei6cseredu4s4kjygfhh
bafyreigitufv6s6v7ckxyvtju662pezbb4uosdpd5e6mkvsetdvwxsrvmi,2026-02-28,I really love that piece by Aria. Would love to see Kitten like that some day. 💜,https://bsky.app/profile/gothmommyxoxo.com/post/3mfxgnf3rhs2n,did:plc:eo27grztl5mjj62p3kr4k3bz
bafyreihgtcrk4zcg2v3zpbfo4d4m52x6s4ao5d3nktk3rgt6sx6e636kru,2026-02-28,Can’t wait until the stock futures open to a big crash tomorrow night,https://bsky.app/profile/kascnef82.bsky.social/post/3mfxgnewpec25,did:plc:w3h67omnfeohaytmslo2gali
bafyreifa3dpy5d6bj4o7unlhh2zzpa4myw7dpfigospqfpfnox5wb5aqhq,2026-02-28,الصراحه عندك حق❤️❤️,https://bsky.app/profile/anamshhena.bsky.social/post/3mfxgneu6ck2y,did:plc:ay5bkrs4ziahtvbuix6fvif2
bafyreihexbs5ikvxjbsftwaeqpbsqixqpldpom3sp43dhs66va4qqtd62i,2026-02-28,Hey @govwesmoore.bsky.social what are you going to do to protect us from the state sponsored militia ethnic cleansing death squads?,https://bsky.app/profile/bobcatarts.bsky.social/post/3mfxgnetpns2t,did:plc:vjs5dx2m7dgmqaittyzch4ig
bafyreie477bzif5ebhdiwiht4gad2prhi6upbuoboqpjiwxu2c6lmjf4j4,2026-02-28,Rumps Metal of Fee-Don same as he gave to the hockey team.,https://bsky.app/profile/ncdems.bsky.social/post/3mfxgneryxs2p,did:plc:n7geznioblri6isbvvrulobd
bafyreib7q2e5wg37cxsg2jhktosgljy4c6pk2ddc4uhw2cxb4z3inx5qrq,2026-02-28,"Seeing a pattern here. Trump just accused Iran of interfering in our '20 & '24 elections. Now he's claiming China did the same. Will he blame the entire world of interfering so he can stop the elections to ""protect"" us? I was tired of this fucker before he took office in '16 - imagine how I feel rn.",https://bsky.app/profile/breedanielswins.bsky.social/post/3mfxgneoojk2k,did:plc:fge6es3o7m2oh6p635ojgpb3
bafyreichekymcmyn2pe3rtig4sm6cj5pdep2ffyrbd75n5nftgo36ea6ka,2026-02-28,You're a clown if you expect people running for office to be in the top 0.1% of anything. That kind of nonsensical bullshit is how the ruling class convinces useful idiots to sabotage anything less shitty than the status quo.,https://bsky.app/profile/miasmo.bsky.social/post/3mfxgneny2s2r,did:plc:hrib4vzyew4dujw2pwrtys5m
bafyreia6wnn4ktzlmggobf6bcf4cduyasbpr3oan2hvtrtsizbk7elqovy,2026-02-28,Rick Scott on @cnn.com: Every president since Truman has gone to war without a war declaration.  It's not a good sign that my work is relevant: The Gloss of War: Revisiting the Korean War’s Legacy - Michigan Law Review share.google/bd3NyagMfAdL...,https://bsky.app/profile/marydudziak.bsky.social/post/3mfxgnem6h22k,did:plc:b6r7hwcxjmxeelgzrn7lyqvr
bafyreihldnzei3ulnlaestrs5l77gvh2my7q54afruk3p5fef2r2wbqsaa,2026-02-28,"Yeah it sucks, it's actually looking like a few people may show up but after all but no where near what I prepped for",https://bsky.app/profile/orenshedherskin.bsky.social/post/3mfxgnelvns24,did:plc:2v5itwuwvpjre2rguoqw6kbf
bafyreicyka7bmahrq26qcjtkxm4ymmamknl7r5ctvext7laofagyp2rlzq,2026-02-28,I'm have to agree with you here. But I don't do that kind of cheerleading. I tell the truth. Doesn't mean I don't vote. It just means I'm honest about this country and what is happening.,https://bsky.app/profile/beyondblonde.bsky.social/post/3mfxgnelgz22l,did:plc:3qlrceor2e4rundf465oli4r
bafyreigyjg4ukn4mo6hx6ttuutuskgbmfbxg65qtlfr77j5v5t2c6zbb3y,2026-02-28,How long until we see part two where moon is cumflated/pregnant and star is pounding eclipsa or heckapoo,https://bsky.app/profile/argovermillion.bsky.social/post/3mfxgnekols25,did:plc:7g7px65pnycgydj3pf2dxd3c
bafyreigolfqzonuy4k77ckbwqb6wble4piolatoxp6whguxxz2vvxnddxm,2026-02-28,"On the contrary to what Trump has said about the imminent threat from Iran, this continued series of campaigns against Iran have taken place precisely because the US believes Iran does not have the capacity to impose costs or threaten the US in the short term",https://bsky.app/profile/oromazes.bsky.social/post/3mfxgnegxhc2m,did:plc:uccvoznjralbj74vjmxyjjvn
bafyreiaygo5yjgac5ft7k2tz2uwxfweg2gpyny6ndls4uklttivtft4sfa,2026-02-28,the bacon is thiccer than the dang borger,https://bsky.app/profile/skuncc.bsky.social/post/3mfxgnegvis2h,did:plc:5npw2n2czqtflckm67ld4ij5
bafyreidtxlbudikvqjewit7yj6wlwdiajc7c4ojqwmf7lpy467qqzzuehu,2026-02-28,D.h. er lebt noch?,https://bsky.app/profile/malignant-obs.bsky.social/post/3mfxgnegfus24,did:plc:jfbg27xuqxu2hmbxpawrabfj
bafyreid2iulzslh3yhfaorcckcoocd4ltuyity5l6z7lrnuckt7ozv5n7e,2026-02-28,Trump will keep bombing countries until he is finally given the Nobel Peace Prize!,https://bsky.app/profile/deanobeidallah.bsky.social/post/3mfxgneehes27,did:plc:zetunk75tdvsmkjqkel65dcl
bafyreihpwfn47jx2u6u6ddmodiahyf4achzemgc6v6ex6ememmlzf6tllq,2026-02-28,What’s that?,https://bsky.app/profile/n0tf0ll0w.bsky.social/post/3mfxgneebjc27,did:plc:t7ndwxfqzv33fgqt2rwo5bsg
bafyreieslcwizqsiqor6ag4uznf2oo7ajcu5ltqtpcv62j3ypphtfvmzzu,2026-02-28,Sometimes you just gotta light a candle for someone and move on.,https://bsky.app/profile/lavellinda.bsky.social/post/3mfxgnee4n22g,did:plc:rjvb7mbbgswmkhfzft64x2am
bafyreigyg35dipgrgky5w7xksmdjeuyyjgvrldvlv5vq4gxqtsagycglhi,2026-02-28,saturdays are made for shoegaze,https://bsky.app/profile/griffinsspike.bsky.social/post/3mfxgnedmz226,did:plc:jscye6humnenuqrbi2xmww2x
bafyreics4pgsu63f6cfmwil7g2gdxh4or2o6klqdrw2yoyzf2outdbohrm,2026-02-28,all big monster men just love receiving rimjobs thats just how it is and you should give them their rimjobs!,https://bsky.app/profile/kled.bsky.social/post/3mfxgnedh5k2b,did:plc:7j3bszinofxweabbxhtjgeb4
bafyreidls6skuqnbmwvzptoebl3rpgsyafnprifwv4xg77k7cbpzjcchhi,2026-02-28,Thank you @sausalitohippie for reposting this.,https://bsky.app/profile/garytcoles.bsky.social/post/3mfxgned7dk2w,did:plc:6kzlg4obmpyqtikux4luxiiv
bafyreihot7sz3amlnm7mf4nl73aq5urjezolnvdr6ooryuael6l27blyni,2026-02-28,she is essentially a mascot for a voicebank called vocaloid where people pitch up and down individual voice samples to make her sing (all without AI as well!)   and she has gained a lot of popularity   the leeks are something thats been established with her character for a long while lol,https://bsky.app/profile/sweetribbonvt.bsky.social/post/3mfxgnecmrs2l,did:plc:b645qm4we5x5be7g4ccid2yi
bafyreidjl6bkfvew6dqwnwflrr6vqpra7jcfiufphqiwyrtusmiqiyy4mi,2026-02-28,"Thank you, dear Stina.",https://bsky.app/profile/wnwagner.bsky.social/post/3mfxgnebllc2c,did:plc:3gftjhxovla4oux7ivqvw3nt
bafyreicudgi4t4s2tlzr4pemtwkqeax53b7mwmzupn6nvgxvyp6s2f3qjm,2026-02-28,9% in Worcestershire thanks to my idiot neighbours who voted for them.,https://bsky.app/profile/stefaniabarutta.bsky.social/post/3mfxgnebbss2w,did:plc:j4qyg7vn4rz2mbhocxcsdz3u
bafyreie7fyhv7a2d6zx4uly67ijg7eplyyypzigzai5qkrez776f74ukbu,2026-02-28,breaking a nail gotta be the biggest heartbreak of all time,https://bsky.app/profile/razorsinmyreeses.bsky.social/post/3mfxgne7k5k27,did:plc:d26wqeodfx6xnxvfsfr35i4e
bafyreiev4x6ej6me7wo3qrs5cpsve57izoqpuficb3ytz54j34y4r6t2ei,2026-02-28,So we stole because this administration is scared they might release the #Trumpstein files?,https://bsky.app/profile/donaldtess.bsky.social/post/3mfxgne7bec2f,did:plc:db4q2ouwc73bp5ptlxz7gao5
bafyreifaariy5n4lpdrnlhiok3pu4oxayhnvosmjvqtei6oeqlbpbhw3ty,2026-02-28,Scary hot,https://bsky.app/profile/truther-dare.bsky.social/post/3mfxgne6fzc2q,did:plc:sec5e5bfghet5h6rg2rpt2py
bafyreih6ng6ajsih5viifgxjrpcvh55zlw23hhbs4fcwniureqxyn4gtp4,2026-02-28,Who dat? She cute,https://bsky.app/profile/twatinthehat.bsky.social/post/3mfxgne4sb22k,did:plc:zkwinpnyvbuhao23elbvnhxh
bafyreihwye4kwur46mk5r44avcug4kaygk4f2qhidyvc72g3gfhqr2jwwi,2026-02-28,I just keep coming back 😮‍💨,https://bsky.app/profile/undressingdown.bsky.social/post/3mfxgne3r2k2d,did:plc:qvbipnkcihdhndpfwndibin2
bafyreihwbszspwyhtlc57ttcwi4lqefobtfnnt5zglmeobyksvtxrjvznq,2026-02-28,Every female Democrat in office has a bigger dick than the other eunuch punks in office.,https://bsky.app/profile/rgrzy.bsky.social/post/3mfxgne3p422h,did:plc:d5rxu37chy4wstghb5zguvod
bafyreifagzcehpcgsgi2ku3kv23xxygfbgwzoe5jgoi76fxudeyix4uxue,2026-02-28,"I suppose it's good that my mind is still subject to boggling. Imagine being a news reporter for the most powerful newspaper on earth and deciding on the day a lunatic president launched an illegal military attack on another major power that ""paves way for a broader dispute"" is the best hook.",https://bsky.app/profile/danmitchell.bsky.social/post/3mfxgne3l722v,did:plc:vrlavdjilbnbwjrp2noneuhe
bafyreibtbaqaa5pey5x2w6zjhjqxmrwrgya3epaxqukxjosde2ye3ykm7m,2026-02-28,tRump hates America.,https://bsky.app/profile/iamlilithfair.bsky.social/post/3mfxgne3ahc25,did:plc:4uthu5gpandbgem4j63sclxq
bafyreibfogmwa2mezkejupexe5zqi7wejxgiexvv567tphhlak5zyihwhm,2026-02-28,‘Don’t attend in person’: Lindsey Graham issues ominous warning to journalists   www.rawstory.com/amp/iran-267...,https://bsky.app/profile/trumprussiaties.bsky.social/post/3mfxgne2wos23,did:plc:dv25rroygcfed4cxxeyhygmb
bafyreihqyyrofa6cwo73rqw4eodi7njwd6jjbg26kfosep5qshjx4fdbd4,2026-02-28,Crying blood difference --- #sonicexe #2011x #xenophanes #headcanon #art #fanart,https://bsky.app/profile/reatheartist.bsky.social/post/3mfxgne2ync26,did:plc:u7oqmuy4xagfz4m2y43xnvze
bafyreicsniee5qvazvqxgwqc2w54zevk2xc3d3thubbe4enecncixmeh3a,2026-02-28,"(And in way too many non-North American cities, for the record😇)",https://bsky.app/profile/pcongre.bsky.social/post/3mfxgne2pu22l,did:plc:zposfgka2nolb3nadclz4nty
bafyreidoxm7tlyupav7uxdgfsrjrkqk73s4p4rcuw2t3u556xjqgm2bknm,2026-02-28,Shaving with a metal straight razor has given me so much less stubble and it's genuinely helped me feel less ugly I love it,https://bsky.app/profile/kortamor.bsky.social/post/3mfxgndy3uk2d,did:plc:ucyzelc2ycghc65eragxhxid
bafyreiejld2axzzl6cqi3ulwlr4yne2gnpyy5qzeb44cf43fnupiay3fp4,2026-02-28,"You literally don't understand how things work.   This group can't make a case for it, and wouldn't get approval for it.",https://bsky.app/profile/dave-m-5.bsky.social/post/3mfxgndxwyc2q,did:plc:djqarap7v2w2x5az3rygungd
bafyreifcr73vlr2ulldhqzv3ecyrdbtq6w3tngivpmhypajqmvyiwpwr6m,2026-02-28,bsky.app/profile/chad...,https://bsky.app/profile/ellisor.net/post/3mfxgndvvkk2d,did:plc:wvauhk2kzu5qxtemqvpkqk2e
bafyreia5oavqxc6ochsi645mtgtqy2efr3nsts4yzpn2tmhxm2vkbnbihu,2026-02-28,I was tearing up during the trailer. And what a cast!   Congrats @edsolomon.bsky.social Hoping it makes it to our part of the world.,https://bsky.app/profile/phoenixblack.bsky.social/post/3mfxgndvb2c2r,did:plc:xdp5i2zpt4avbi4xb2hz5pqm
bafyreigdp3yhhgjgy6too6hnzv6hdijnkexclej6d4oce3s76p5bddj7dm,2026-02-28,i love my himbo ranger general so much blizzard please keep him safe and also let him become a druid thanks,https://bsky.app/profile/erilihn.bsky.social/post/3mfxgndstvk2f,did:plc:s6zruaslnpvtrna4zgstggdw
bafyreialjsvownu4qwa2b3ksyfrsvhpl3yharsqiuxjr3gcovfmq5qbm6m,2026-02-28,"I hear what your saying. But if the company - or any company - was going to filter out my application without even looking at it, maybe that's a company I don't want to work for. But I didn't get to make that choice. He took that away from me. And lied about it. How am I supposed to forgive that?",https://bsky.app/profile/bioherald.bsky.social/post/3mfxgndo7hk2i,did:plc:penfcumjjb5hlmy5fl3l2k4u
bafyreif5qkpe45yxxaag2evmnfrj5xec2z7l6fv2qcndlvux564vaximdu,2026-02-28,youtube.com/shorts/pGpGw...,https://bsky.app/profile/kmf0990.bsky.social/post/3mfxgndn6b224,did:plc:4ekvxw2hp33hpiz63h237gdl
bafyreibtdfasywvyzmewj64yl33rvxgfyqk3jccqzwb4zipt4tdc5dmfwa,2026-02-28,"and remember the Fitbit scandal? Military had passed them out or encouraged them, until they figured out, they could be hacked or tracked.",https://bsky.app/profile/hnowlinlaw.bsky.social/post/3mfxgndk5lc25,did:plc:ab3vg3qm4tp7f6inh37uhqgu
bafyreihs3lmzodwbsgaomjjiaojxf63lbkhx5mjaqozvorbvusg555rpjq,2026-02-28,Theater,https://bsky.app/profile/umi2025.bsky.social/post/3mfxgndhmjk2u,did:plc:bdhn5nppdjlxbi34saucdvpk
bafyreiebxyiliqygqe4dnickcsgtkybrq7bofauaokw35nb4rknydhi2de,2026-02-28,"My mom watched Hercules with me when it came out on VHS and she laughed and was like, ""yea, no, Hera was not his mom and also there's a lot of freaky in the mythology AND Hades isn't technically a bad guy. The underworld isn't like Hell from Christianity. But sure. Why not?"" Lol",https://bsky.app/profile/adorkabledragon.bsky.social/post/3mfxgndhfos27,did:plc:kzdho3ewlmo26ols26wttz3s
bafyreidxiylikqtbowy3bja6f7e6ghmsqwpumojnwoxl35o4dznm6i467q,2026-02-28,It's a paper one with fireworks attached.,https://bsky.app/profile/jacksni.bsky.social/post/3mfxgndgeic2i,did:plc:fugh7ysnwfaf3wyfd3sx5dow
bafyreighxpi37bovtjr6wvlb7k2rs6cakhwjvdlo3u6bosql554pj65eqa,2026-02-28,"I had to identify the source, lol. Wild times",https://bsky.app/profile/mkatepaski.bsky.social/post/3mfxgndg5nk2x,did:plc:ci2mmhvkbkglr5ukjuxd44z5
bafyreifoaztjxb3c4c2e4kihsfmxwf7selfg5ymxhak7dnlxzi26klz43m,2026-02-28,,https://bsky.app/profile/xcocob.bsky.social/post/3mfxgndeiw22r,did:plc:2nz4lum77vg3lzcamd3q7bm5
bafyreicbyrkm3v5i3sptl6ynjr6hai65mzig4mgl7vz5ldzvxowmg22kdu,2026-02-28,"I hope everyone who types ""first"" in the youtube comments gets the word ""first"" engraved into their tombstone by the first person to arrive at their funeral",https://bsky.app/profile/voidlingseraph.bsky.social/post/3mfxgndckg22u,did:plc:mbnero54ecjlh56dvx2egje5
bafyreihwyfjsmfyojp6j73ceg7vbe7svlwtcdmdtiha6eki27ov4r62zg4,2026-02-28,What a funny thing to say……,https://bsky.app/profile/panik.bsky.social/post/3mfxgndcgj222,did:plc:6e3mf2ngatjijzfpovfrnkuc
bafyreihdmvrgo5o7peryesu7g4n5qxweii3a7dkriyo5gtzmnb53uhtr54,2026-02-28,"I'm old enough to remember the idiocy, corruption,  and lies around both Gulf Wars - same playbook here. And it's the ordinary people who suffer. #Israel #Iran #Trump",https://bsky.app/profile/mikeybill.bsky.social/post/3mfxgndbxuc2y,did:plc:i6daqt2obbr6m4zzmmw34kdu
bafyreif6ibkor7itjmtntre34hlomenqhp5ncmgxvkirffbtotdsrueudq,2026-02-28,Any chance of a bit of commentary on the Vegas game? 🫣,https://bsky.app/profile/yaboij0shua.bsky.social/post/3mfxgndasqs2v,did:plc:zu4yu5esuarerz63rad4sr5o
bafyreifg23goegjolfqvx7zwaqsm54rcxbict5aws72fqxiicdq2m33tke,2026-02-28,Benefiting  OIL OLIGARCHS  HE NEEDS  A SUBDUED  Iran so kushner  can build  resorts  in Ghaza!,https://bsky.app/profile/travelingwjoy.bsky.social/post/3mfxgnd7hrs2w,did:plc:do5iiywood6teghvdwtuc7d2
bafyreibiy4zcv2x3fwffmjqhso7zlyfwpmonwguuojpu3fwp644qraen4y,2026-02-28,Like straight up just bombed a dude out of existence. Because you ended a deal that — though not perfect — held it together in the Middle East.  And you make it worse?!,https://bsky.app/profile/writesantonio.bsky.social/post/3mfxgnd66rc2m,did:plc:3dd4jhx26ymylvnrk7ktt25p
bafyreid4czrbj4bbrg7rtnnaorhqlbgw2smqimpjgf37x772n2yefse6b4,2026-02-28,"In photos: Bluebell Fire response southwest of Chautauqua in #Boulder. The blaze was first estimated at 5 acres, later mapped at 1.5 acres and 50% contained by 4 p.m. More than 100 firefighters responded as helicopters dropped water and hikers evacuated. boulderreportinglab.org/2026/02/28/i...",https://bsky.app/profile/boulderrl.bsky.social/post/3mfxgnd5xwk2k,did:plc:7lqpdof4fqal4imvharp66vb
bafyreihivthvckgt64ljhaqmrxf2gvmbqzctmyn4rghlxhx2x4aexmzmae,2026-02-28,🧐,https://bsky.app/profile/momentoftru.bsky.social/post/3mfxgnd5n6s2w,did:plc:flljyvdn7xlo7wle7gxmz2ae
bafyreifvvvjjcgktkmhrn5mqnoha23esgwjkddzhhh55sdepra3e5jq7dy,2026-02-28,"War, death and destruction mean nothing to tRump except as a means to an end, that end being his own enrichment, staying out of jail, and of course, earning the Nobel Peace Prize.",https://bsky.app/profile/bluesmominohio.bsky.social/post/3mfxgnd4xpc2b,did:plc:d2lnqc4afklruwqwgoroufpx
bafyreige4y2fox4ec3uxc7a4l54lirqbrgguma7ctkjkaej6blavsncrvu,2026-02-28,Great move! Love it!,https://bsky.app/profile/ohheyscarlett.bsky.social/post/3mfxgncymzs2t,did:plc:lfoqnyv3whelhcujtwog4n5g
bafyreiemvfxmsaqo6thashojfrc2z6nh5uaiqsa7wdyro6qjvactzbkqm4,2026-02-28,"I mean....if you look up, you can see what certainly looks like offside. I found it in like 2 seconds of pausing. Also, I don't really care. I don't care about either team. I was just shocked that they didn't challenge it.",https://bsky.app/profile/fmjason.bsky.social/post/3mfxgncwvek2q,did:plc:yzxpvcsvj4667o4x5gllvqt2
bafyreiezndnw3ydjwimj43ngemipqmug5phuzmkaws5to4fwzzs4ixnqka,2026-02-28,They'll kiss his ring once again.. Republicans face a 'major test of loyalty' after Trump's latest 'slap in the face'. www.rawstory.com/trump-iran-2...,https://bsky.app/profile/ldogld.bsky.social/post/3mfxgncvan22o,did:plc:6x4aos53mbvaprbmcw2igusy
bafyreian6venfopyvr7y5qvtojufrvvn2xgmmyi5mnk4whusljiov3pd3a,2026-02-28,Guilty as sin?,https://bsky.app/profile/ash131618.bsky.social/post/3mfxgnct5as2d,did:plc:7trqq5gzj5fd5nxigtdezgaq
bafyreie65lihw2grzkoww44amxvcvi45ey7kx7l2wriojf6mp2bmlomz2y,2026-02-28,"Yes, I believe it was about Gaza.",https://bsky.app/profile/joisspeaking.bsky.social/post/3mfxgncrdn222,did:plc:44qqtm37lrais6xurzzky4lo
bafyreibmsixszxswvieejr7snc7rm5hhcdfs5ho2ad72kg3zquvl5bpk7e,2026-02-28,"have you ever been horny? I thought so, you vile little",https://bsky.app/profile/treknirb.bsky.social/post/3mfxgncqszs2h,did:plc:v4c4nokhvrjmx5ylyc3bxcu6
bafyreigpi6knsqsim6ndx5bxnv2jt7s77p6ttloms4lxf5bbhwfswv4f2i,2026-02-28,"Oof. It hit 77 here in NorCal today, too.",https://bsky.app/profile/miscelena.bsky.social/post/3mfxgncqdfs2g,did:plc:pci5vbcv733cb7ys5fg25ghe
bafyreibqigss6wvlcdpzyhxppwry4qegs4cxldqpmayrlp4nniyf3oh7ba,2026-02-28,That shift got my back sore as FUCK 😫😫🫠🫠,https://bsky.app/profile/chennield.bsky.social/post/3mfxgncpssk2v,did:plc:nl4wlx7osyj2mlej2qdcexie
bafyreigdrwfvdvdsuwdm35aodqpea4vsbrn7dbpfaz3ciguify472zh2ji,2026-02-28,It's gonna fry your noodle when you find out the percentage of gay people is pretty close to the percentage of left handed people in the world.  And they play sports.,https://bsky.app/profile/janetmckennalowry.bsky.social/post/3mfxgncpqu22f,did:plc:2lrxljofwuxhmvwqfbd7cere
bafyreibbfrjzuf6ebxdw3cljg4ydwlbgsv7fpe2ezwnniruvf6qx27xsbm,2026-02-28,"“A man of many companions may come to ruin, but there is a friend who sticks closer than a brother.” Proverbs 18:24",https://bsky.app/profile/shestandsintruth.bsky.social/post/3mfxgncorm22h,did:plc:qvwttg23owdwycx7tznemdnd
bafyreieffc5m6fegb55aaj3ieyxad4dosa6isjzovhkbfbvasvjdyhxlm4,2026-02-28,Everything is fine. It is NOT a Mountain Dew CODE RED.,https://bsky.app/profile/qsalt.bsky.social/post/3mfxgncnz6s2y,did:plc:nr73armgqidpuj4qmqbig2tk
bafyreib3yc2pmaamhwapl3dghnshpdnlniym66wpybltom7xhloebprmse,2026-02-28,Oops 😬!!,https://bsky.app/profile/mkabir.bsky.social/post/3mfxgncnwb226,did:plc:6xpj2b7f2ftcpuzvv5kymhuv
bafyreigott6irosv3z23e6sma5iajxrcs2mddkeibu42efgtvlifjtvszu,2026-02-28,"Trump tried to gin up a war with Iran his last time around.  Part of me thinks it's more an attempt to destroy the black guy's legacy of signing a treaty with Iran than it is a distraction of Trump's involvement with Epstein, his dismal failure as President, & his record breaking bad poll numbers.",https://bsky.app/profile/jc-allen.bsky.social/post/3mfxgncnoh22v,did:plc:igrk546x2ms3ptmgokdylxyc
bafyreigceokt4uyrgj6jcdwmlzv3wth7auk4vfaey46tdpbwhxzdedzmc4,2026-02-28,This goal is stuck at $1871 needing its urgent goal praying,https://bsky.app/profile/bethistired.bsky.social/post/3mfxgncnilk2h,did:plc:pngxp4cy774adnrfz4dofmv7
bafyreihz6zdx6xgqmapybk2rqvnrjkixer7mnqub24xaej55d2ejuurgxe,2026-02-28,Certainly understandable. Approaching in general isn't easy. Still hoping for the best for you when you are able to do so.,https://bsky.app/profile/zordrak.bsky.social/post/3mfxgncn6t22p,did:plc:si2x4lg7fifvws37vcac66or
bafyreicz2mn352xw4qu3kxjuh4akwqmf3jw6hv5ox7hoapcbl2c3pi4cx4,2026-02-28,Wonder what that games will be on NSO,https://bsky.app/profile/fineconfetti.bsky.social/post/3mfxgncl2hk2x,did:plc:zggwanelx5lagsrny7srpm2z
bafyreibexxe2ppu2cvnjbxbkx333x4h66buyt3mmv7dv7insupvypfbjoe,2026-02-28,Obviously you never played flag football if you think it’s like regular football.,https://bsky.app/profile/mystakak.bsky.social/post/3mfxgncklss2d,did:plc:m32hjglgj5sgnt7yggakddty
bafyreid2invutnbc4hrn3yolcdlvctezdmerddy23y7u4fz5kw4ckejzfa,2026-02-28,"Everyone (but especially those of us in Illinois/Chicago right now) should always read the fine print on ads, the ""paid for by"" bit, and google whatever the name is.",https://bsky.app/profile/refrag.bsky.social/post/3mfxgncj5w22z,did:plc:5i7qv6sq3azq3i3yzqicf6iz
bafyreifpzsrbflge5qvhshq6os3r3arwwgmtuofxgiewpcy546sz4xsoqe,2026-02-28,"There might be more to it than Xi sitting around waiting until he has decided he has enough legitimacy to take, then flipping the ""Take Taiwan"" switch",https://bsky.app/profile/spacelawyer.bsky.social/post/3mfxgncidkc2y,did:plc:meczknia5io45qaxpeozbilf
bafyreiakrsqlniedgb6lsnygz7oma3gjqmp7csiktbyshee7frved5hb2a,2026-02-28,Just watching my tax dollars being wasted on murdering children and innocent people again and again every day to continue the war economy the US and Israel need,https://bsky.app/profile/voyahora.bsky.social/post/3mfxgndbqzk2v,did:plc:ggrxgv6j6blle4lkqr4ioti6
bafyreig6xz3b2dteiwajwvwlzhzhbcjzi5z2knvbvqas726owfddqee36u,2026-02-28,Idk what's the point of these right wing nutsos pushing the narrative that the attacks on Iran are actually symbolic in Judaism other than doing the same tactics as Isis.,https://bsky.app/profile/voyahora.bsky.social/post/3mfxgnch6gs2v,did:plc:ggrxgv6j6blle4lkqr4ioti6
bafyreih3jg32rjw3rylbv7ewnszeq2zo5i7nipke5lj2yryq3h5u5vyewm,2026-02-28,"Neil, I love the Better Ottawa Panel; you’re passionate and committed, and you have some good ideas. Unfortunately, you also have one very bad idea. No more entry level mayors for Ottawa. We’ve had too many already.",https://bsky.app/profile/jamesmccrea.bsky.social/post/3mfxgncgps22r,did:plc:6tltqnawiryfj7kejrqcbjxr
bafyreicmrv6a2qqmmrqlwauuroozgfvz23v2jcjma36zsxvpiluawyrfnq,2026-02-28,She very pretty,https://bsky.app/profile/kittysierra.bsky.social/post/3mfxgnc7p6k2v,did:plc:2zuc5wgh2oxnefx3vxyvkbqc
bafyreidqkvmy6mok4kyqnog3kju23eaed3qywsqxbfm7szv76rwcjhrhdu,2026-02-28,I had a bad feeling when I saw this post.,https://bsky.app/profile/angrymomma.bsky.social/post/3mfxgnc7bj222,did:plc:nll7umoae22i3k4rs34f3eqc
bafyreidbmnilgebwwoqnukizoctjxvgpz5vs4pgomqwl6mnzc4pgp5qgqm,2026-02-28,"I worked with defense contractors early in my IT career, we would have been instantly fired and prosecuted for even proposing the many violations of security we can see and I am sure it's actually worse than what we see from the outside.",https://bsky.app/profile/freshbison.bsky.social/post/3mfxgnc6suc2v,did:plc:wcdnxhfpe7kjay6ena3qrblm
bafyreig63rxyfpvrmoofkcegrlukwnp7ri7setkc7v63h7dhrafl5xyppy,2026-02-28,🤭,https://bsky.app/profile/prudentdemocrat.bsky.social/post/3mfxgnc53722d,did:plc:ngh3ajv66wcfh7x2pfcposm5
bafyreifgkxavinhtpixgnd6ryvo7wjj727men3rgg3giss7l22pysohb6m,2026-02-28,,https://bsky.app/profile/estel62.bsky.social/post/3mfxgnc4inc27,did:plc:ouhnha7gtxykqf7nlsxqxile
bafyreic3d4evo3qsj3gttsncnpe54mw6nitf2m6cxdjadn56aqbqw34xlq,2026-02-28,"I think I beat him to it, tbh, but yeah, it's not really a huge surprise.",https://bsky.app/profile/mgreenaw.bsky.social/post/3mfxgnc3w3k24,did:plc:25kkmjmdc4xf46um4fdqlftf
bafyreicwrfzt57q7aklxgo4nfgdjtsu3cp3ynztilsdvhjbegnhz26q7ja,2026-02-28,🍋,https://bsky.app/profile/paulmwall.bsky.social/post/3mfxgnby5xs2r,did:plc:mqdne37fwo2wtowjfbawq6lq
bafyreiccpb7pp7iudwyzgrq6v7mbyziwywvxgqokb5ru3234yzztqx3zwe,2026-02-28,"I voted for the candidate opposing Trump, who was obviously the candidate who had a worse Middle East policy",https://bsky.app/profile/suddenlygarmo.bsky.social/post/3mfxgnbxjhk2i,did:plc:vgdwohw5iqdlqxarugyujfcj
bafyreiblbcz4qenltwfoc3rg4yndydklfuca44rc3yij6lig7cnh4ydhvm,2026-02-28,Awawa cute moth awawa!,https://bsky.app/profile/memoria.moe/post/3mfxgnbwyuc2q,did:plc:d5k7mp6ji2xyccsffyusx4ju
bafyreihcfpyjignv6lbhaudqeqqc276ay46n2mich6tbzdr67ojgrqxrhe,2026-02-28,Ohh I’ve been listening to this one a bit too! It was funny I had found it before I heard Bird Brain and I realized “oh yeah they did just really like that song” lmao. Pretty good Teto,https://bsky.app/profile/mrunclephuncle.bsky.social/post/3mfxgnbw7hs24,did:plc:7yopnfkmnjnbvasqhxi3gyxv
bafyreihtmiuim6bdin4yiuv64mr45ab7ke7dge5bvzjq4znytivcwyttzy,2026-02-28,why espio the chameleon of course,https://bsky.app/profile/pellapellasekai.bsky.social/post/3mfxgnbviz22z,did:plc:q23kw6pfnyhs25qtmmkzikrn
bafyreidpe6fpesmwhpcslwxyuyn7yyocs4i2fxs4trrm72gzd6jicfc62q,2026-02-28,ESTÃO MATANDO NOSSO TWINK,https://bsky.app/profile/jekky.bsky.social/post/3mfxgnbtsd226,did:plc:hlgtcqhtfzf4if6jqkyg4mxp
bafyreibm6mosrivcmyqjh6mc3sar4u5ysjfzildfy6dtk4plxqtg3ayqdm,2026-02-28,@oopsallsetite.bsky.social hi hi hi sweetie! Just saw you like a post and wanted to send you ehugs.,https://bsky.app/profile/terilynns.bsky.social/post/3mfxgnbt2v22w,did:plc:632z2ymiyhotlwucs7xyarsw
bafyreicmsb6ahidxsas2te4pvudzx6ensncjs5375kqmwozbwuj5psxy7y,2026-02-28,Just bro stuff man,https://bsky.app/profile/brodeome.bsky.social/post/3mfxgnbss3s2f,did:plc:j65xsikz67eav7z3drymkeh3
bafyreibowto44cvm2cgzngao3hoxww6it22t25zpuq4gysqyuenm6ekkuy,2026-02-28,Oh that’s wonderful,https://bsky.app/profile/psudonym.bsky.social/post/3mfxgnbsegc26,did:plc:fy6lc2bjkvgo5xalycuyfqps
bafyreibbyrp3cw5yvehrexzflipckeeog7dcn5djrge6iaajmczkl7y52m,2026-02-28,Aaah international 3d tennis. :),https://bsky.app/profile/kurtkonig.bsky.social/post/3mfxgnbqnqc2m,did:plc:v6ozkxgnlc6fhideyyu67uqs
bafyreigup3zakwdgxsiqrcimtf43tnna5tzpm44ghbgicbi7xdpwael6zm,2026-02-28,Our is $3 now!,https://bsky.app/profile/rinative.bsky.social/post/3mfxgnbpass2x,did:plc:4idj567kdvs33kzrfftqpwyw
bafyreig4ipx7nnxzq6o3loyma2j2qaj72rqdx2kk6tqdlgdjtatrzlngze,2026-02-28,I didn’t say any of that,https://bsky.app/profile/gasbuddyguy.bsky.social/post/3mfxgnbnbdk2p,did:plc:el26bci423wwjjnhoohutwem
bafyreigooaxqri5kcvrwgxgmlxys47njooeepdsneo3bbfnfe3vlfo5spa,2026-02-28,So majority of movies I own are:  Furry trash animation Furry trash animal horror movies Lots of vore type movies Scifi movives Whatever weird shit gets my interest from Japan movies.,https://bsky.app/profile/skipai.bsky.social/post/3mfxgnbmpr22y,did:plc:jgjjstp3kp6vchoyxqydkhp3
bafyreid6zuphsbjfcawtk3vbb46kig6fod4xjmsz2dn7ifeaa36pb4knly,2026-02-28,"If a mysterious icy lady invites you to dance in the middle of a blizzard... Yeah, you should probably run.  A sketch of Yukihana, yuki-onna OC for Ankuh!",https://bsky.app/profile/lewdwok.bsky.social/post/3mfxgnbmc3k2g,did:plc:l37gq2phfwlnfanp64z32a7g
bafyreies2nv23ya2eqfxoatyflej2l445g27gkmpcanv7nibykacwfno6i,2026-02-28,"Basketball for sure. You can play by yourself, equipment is cheap, and it’s easy to learn.",https://bsky.app/profile/baylynrose.bsky.social/post/3mfxgnblyd22p,did:plc:yhpzhjqash7anu37tua7xe4s
bafyreidpv62cpc2vpzb6uw3vnry7s3cejbftpuphjacxck6sjgatwvwvyy,2026-02-28,gorgeous....,https://bsky.app/profile/hartxstarr.bsky.social/post/3mfxgnblpjs27,did:plc:s22fxac4kmqyujgiq4pbfyx5
bafyreidfcoipmzulldq4xsgbgoroci4qysoja2lbukqyzfnrbbueccc5wi,2026-02-28,,https://bsky.app/profile/cfarong.bsky.social/post/3mfxgnbkqbs2d,did:plc:bd3kgjmtrhqvomqsmoroazss
bafyreifhn737guwuywgqybovjns4e2osk6cqwlfqzucj7it52bermnqerq,2026-02-28,,https://bsky.app/profile/whoknowsnow.bsky.social/post/3mfxgnbk4qs2q,did:plc:i6widalnk6xdfnv52xra3l3t
bafyreidmp46wcipz2on5h6o6wfregkrqheouqunguv3a2kejqzpttiohjm,2026-02-28,couch time surprise 😅,https://bsky.app/profile/austinsings.bsky.social/post/3mfxgnbjrz22v,did:plc:ekzcpz74ajksur627nwwxun6
bafyreiddebgom2x7n35lqreakhtqwctdpr6rmrn6vfc7uv5owmh4hu662u,2026-02-28,wish me luck pls all i play nowadays is fields of mistria and baldurs gate,https://bsky.app/profile/ghosttzuu.bsky.social/post/3mfxgnbjvw22d,did:plc:7ibwr4t4ssg5epmoml6auacz
bafyreicqtol2z2dmncy3wz5rnhunxj6pndm7gboh7luclidmcc2ivz4aei,2026-02-28,"i really like bloodborne lore and the aesthetic and the designs and everything ( gothic anything has my heart ) and i’ve watched my partner play it a lot, but never played it myself ( only soulsborne game ive acc played it elden ring lol ) and at my partners request i shall attempt tomorrow",https://bsky.app/profile/ghosttzuu.bsky.social/post/3mfxgnbjgc22d,did:plc:7ibwr4t4ssg5epmoml6auacz
bafyreif5ofx7qpiwoqe6pgg65wqhudgddfn6fhp2633xkco3hhdqxj5or4,2026-02-28,"'Serious moment': Most Republicans support strike as Dems demand answers ->ABC7 | More on ""Republicans back Iran strike debate"" at BigEarthData.ai",https://bsky.app/profile/bigearthdata.ai/post/3mfxgnbkvzr2b,did:plc:lc6hdhnjkgccd6ysi7e23pll
bafyreihyg7izrlp7256rgulhhkbsnaorfixvakwneteyxcsrpgd4udpp6y,2026-02-28,We are hoping that things will go back to normal in the near future.,https://bsky.app/profile/abrighterfuture1.bsky.social/post/3mfxgnbhirc2y,did:plc:qbxldxlbbfpu45bumw33sx25
bafyreid2l6ws4td7jbuckgxp3yhzmghbkahi4usuf4eh5fvuwysyikqobm,2026-02-28,my ex best friend is a popular trans masc fansly creator on twt and every day i thank the rat gods that he hasn’t made the move to bsky yet 😮‍💨🙏🏻,https://bsky.app/profile/magentaratgirl.bsky.social/post/3mfxgnbhhs22g,did:plc:l5lvh4utf6cti6ukkgxardqo
bafyreickooqpw4at5tqmvl3oo2bh2qq7cpxxm6kvpumj5dualopopnwztm,2026-02-28,I’m putting my application in 😈,https://bsky.app/profile/preebsnyc.bsky.social/post/3mfxgnbf3mk2b,did:plc:lhaayo4ijl4owhxhn7mah2vj
bafyreibnujgtr6ji26k72gthkazovbgnmdjdf47klxftteglvvxajve64y,2026-02-28,“Trump” and “is dead” appeared on my phone screen today. This was just a drill.,https://bsky.app/profile/mcbeardie.bsky.social/post/3mfxgnbeca22n,did:plc:6zsk2ffmlltvyveznb4btljv
bafyreif7jkixtcx6cjeil7hpyufrvme74ki4ajhwihdw5bkume4w5ihfem,2026-02-28,wiggle wiggle wiggle!,https://bsky.app/profile/archmage112358.bsky.social/post/3mfxgnbdwj22m,did:plc:tg2sl7gqoxelvbiq5iikwm5h
bafyreigtupbvmmypatgnw5sqml3p2luxm4zws4m56ihyn7rue6sqomrbvu,2026-02-28,"Appropriate post for the day  ""Two novels can change a 14yo’s life: The Lord of the Rings & Atlas Shrugged. One is a childish fantasy that often engenders a lifelong obsession w its unbelievable heroes, leading to being emotionally stunted & unable to deal w the real world. The other involves orcs.""",https://bsky.app/profile/amwclark.bsky.social/post/3mfxgnbdewk2u,did:plc:fgrya4td3n3nhdj2spozv37t
bafyreiheo2fkwjpumyrcyrljcudi6zqxdvcyv3ljmp3v2tnndvl3s4ac7a,2026-02-28,"Did Joe Testitore just say,” to honor the greatest nation on earth”? TKO/WWE jumping into maga late in the game?",https://bsky.app/profile/itswhateverfam.bsky.social/post/3mfxgnbasvk26,did:plc:n2cdg33zjkcuygbnxhlh4oae
bafyreieukwqmpt4ukdsadhm3l2drkqojdfub5k5f2cpiwuq7mylmiev7li,2026-02-28,AMERICA: every life is precious   ALSO AMERICA: just not yours,https://bsky.app/profile/bornmiserable.bsky.social/post/3mfxgnb7ums2n,did:plc:h4j2lwrcd2bxlncqqmnoy7vy
bafyreidoywfu33veht25tcklm6jx3eha7vrklxgzvqnbgezbjgtofzy4uy,2026-02-28,Mr Fancy Pants they all call you behind your back at work i bet!,https://bsky.app/profile/wgoodf.bsky.social/post/3mfxgnb7ltk2f,did:plc:ii6uxniyioeglswryubc6msf
bafyreiagocyxc5s345oqxtowc26zafyfegxgkdb3hp3crwgrzclwjyh6ne,2026-02-28,I saw that Janis Joplin was trending. I hope she didn't die again.,https://bsky.app/profile/foghornleghorn1357.bsky.social/post/3mfxgnb3xms25,did:plc:sxtizfs5bjywkj2meznfzjpn
bafyreibhrstw3kw7gqgguvfyzaymegwi2nqelqgsukn653akczh6qc7k5e,2026-02-28,Nice! An actual cat. 🙂,https://bsky.app/profile/aistudio.bsky.social/post/3mfxgnb3f322k,did:plc:hbtdgvaik6f23wo6d4ciopsx
bafyreihawwmekneeidlrjotzhspw4maymdcllzp3zp76j4a44yp422cv2m,2026-02-28,"Mh, not feeling too great tonight. Feeling a bit miserable. Wanted to cheer myself up with a bit of VR, but there's apparently another API outage so I can't.  Guess I'll sleep instead.",https://bsky.app/profile/toshixyrho.bsky.social/post/3mfxgnb2yes2c,did:plc:n5gwdflqxbwndeiw3lqpcn7g
bafyreihu22cdionnbfeuiab5b74vdtga7cqsqy27fzlo45sfcynpvmse5m,2026-02-28,"Nå er hun helt oppslukt av episoden om katter. Hun har aldri vært opptatt av skjermen før, så jeg syns dette er veldig gøy!",https://bsky.app/profile/vannkoker.bsky.social/post/3mfxgnb25z22n,did:plc:b66g2f6utk25ppjzsujhhqgt
bafyreie3zynseimc4yxma3iuu7iqh3ul3wwfeggb7da5vdlfzomfg2zmuq,2026-02-28,"Feed: ""Tell-Tale TV"" By: Ashley Bissette Sumerel on Saturday, February 28, 2026",https://bsky.app/profile/longtail-news.bsky.social/post/3mfxgnc3cnr2z,did:plc:o6ggjvnj4ze3mnrpnv5oravg
bafyreievb547odrfu52adgudmntwl6hqw5dtr5wfbdl5rlfmy2qiqinwje,2026-02-28,"Seems to me that innocent Iranian children are currently having a much harder time with that than we are, and Carney explicitly and officially supports it.   You're going to wave that off for ""diplomacy?""",https://bsky.app/profile/greenglassworm.bsky.social/post/3mfxgnaw72k2f,did:plc:rt4zwgabycy5jnrgvkerrmlc
bafyreihbens3grkzlpc2mclaw7mj53cqmnnjbwyaaelt3yvor5u6oci3sq,2026-02-28,"I don't mean it in a sexual way. Christ, I would rather put a bullet to my head",https://bsky.app/profile/johnwolfen.bsky.social/post/3mfxgnaw63c25,did:plc:fgppfxutbrzss5j7bvypqtev
bafyreibc4vm4psfau3bwwi76v7qjlbxted2hhasgz6cwel67amq6rzoo4a,2026-02-28,"Trousers shall be worn, that is all.",https://bsky.app/profile/jonnymorris.bsky.social/post/3mfxgnavucs2n,did:plc:y6aqetaddexldwjyxdz33xd5
bafyreidudadfyub3qshjai2sqqmogbvw57eclyuud27urg3lenpzc5i65q,2026-02-28,youtube.com/watch?v=CpwD...,https://bsky.app/profile/bebeleche.bsky.social/post/3mfxgnaskts2m,did:plc:zyfmdkix7mg2piz2cmzy7bim
bafyreieiefxa3qss2mjblrspksksgr6fx75yd3yeo7s55x5dgxt4kj2zly,2026-02-28,You're assuming Schumer is bigoted against Iranians because why?,https://bsky.app/profile/caramia5.bsky.social/post/3mfxgnarlls2k,did:plc:js6zq2s2hmvicumhndcibyra
bafyreie37qznebl5xc6ufbmwnc6exnd25pncsatp6bgqgwem4aaejhwpcq,2026-02-28,"In all seriousness, so much of the country IS that stupid. How else would we get to where we are today?",https://bsky.app/profile/jimdalton.bsky.social/post/3mfxgnarjnc2u,did:plc:jx572weygfcwrwg3ck4fsgqy
bafyreia3kwq2ghjplatbuiaxotlo264ww3gdglcihh3wqfhcst3hgqxs3e,2026-02-28,#beardgangbeardgangbeardgang,https://bsky.app/profile/leumas-misc.bsky.social/post/3mfxgnaqra22m,did:plc:vkdzii36muzomtr6hbbr6uxx
bafyreiecprrrj4gj4s3kxjgpoazve62vy3pj3ylssbpttet37ttgjl3q6i,2026-02-28,pound for pound: nothing feels better as a creator than memes being made of your thing   (Credit @jienbirb.bsky.social on this one),https://bsky.app/profile/grantorwhatever.bsky.social/post/3mfxgnanqkc2k,did:plc:yoncswob7df25vd4mxb7vwpd
bafyreic4xwii56et6kmficqvc4qkyi46myvlzx7rf2t5lwwgttos4a3zdy,2026-02-28,I would like to enjoy what im drawing because everything is lowkey looking terrible in my rn,https://bsky.app/profile/ryesmysticarts.bsky.social/post/3mfxgnal2mc2o,did:plc:44xeqpywaawg6zo5d3qikfrf
bafyreiabyqqvcejdqb4cklaa3t4estmrr3r2z6piw2g2tob2wyl6m2eho4,2026-02-28,Exhibit A 👆🏼,https://bsky.app/profile/calycan.bsky.social/post/3mfxgnajjrs2i,did:plc:dnen6rneidvlpa5dcwgp4buz
bafyreievqpbs5igoxdljccdhmh5i7g65mag2r7mdmt7rgfdbckcflp5s6a,2026-02-28,🤦‍♂️ moment from #bbcnews amidst the #iran strikes.,https://bsky.app/profile/diabolicalmdog.bsky.social/post/3mfxgnajdwc27,did:plc:odpaejgy6zwqn62ad5iqeohw
bafyreidj6cfjwt4l6nli4orw53jnp7g2rpzjs4yortuleujotzy7ph3ehe,2026-02-28,OBLIDARATED JUNE 2025.,https://bsky.app/profile/mandu1234.bsky.social/post/3mfxgnaidp22n,did:plc:h3avmqvxexcj6be2joqr5jtg
bafyreiazwb7iv64ypsnqd7ur54gjj7bfrkafdt54pj3goottv6cdzdfyye,2026-02-28,"Finding something to occupy your brains and hands is helpful. Knitting (easy to learn, cheap), woodcarving, potato printing, whatever. It all helps reduce your brain's overload. Signed, A Knitter",https://bsky.app/profile/spiderandme.bsky.social/post/3mfxgnai7s223,did:plc:di4dhnlrs3ad5b6kzuf3ioot
bafyreif5aghzzrwmun364q52bfpcj2ks3pposnu6dfrik6v4bfyvhksace,2026-02-28,I am about to replace a 6 year old American Standard heat pump system due to air conditioning issues and inability to find a contractor to do repairs.   If anybody knows of a competent HVAC contractor in the San Francisco South Bay please reach out.,https://bsky.app/profile/dogsitmatter.bsky.social/post/3mfxgnagut22n,did:plc:sakwvxsk7pvrbmp5wg7fzxb5
bafyreibawoyo52p2pdzf3intkdfhksw2xrbelikyiwveagkofrmn3h425a,2026-02-28,Videodrome  Carnival of Souls  Lady Snowblood,https://bsky.app/profile/djkideye.bsky.social/post/3mfxgnagtts2t,did:plc:jwycikfhxr5qsm7zr7jqqac3
bafyreigl2a2jnilis4dwi4nihikriv34txohiel7jsydnwuldq5t4alktq,2026-02-28,Definitely not AI sir.,https://bsky.app/profile/therealeeman.bsky.social/post/3mfxgnag3gk27,did:plc:4xwfbi5ue7ugg57ygm2ptrp5
bafyreianrmseutl7lpq7n3bjohserf37yyjx23gfz3gikigl4l6jydzg6m,2026-02-28,I am so tired of fragile little men starting wars. I am so tired of fragile little men making policy decisions that harm us all. I am so tired of fragile little men doing horrendous harm to children and expecting us all to forget about it. I am so tired of fragile little men with their tantrums.,https://bsky.app/profile/nikitagill.bsky.social/post/3mfxgnaepic2j,did:plc:hyyqshfmzarjhybykciopfw6
bafyreif2wxwq5noi4fl6sbgyiwnjpliksjsxkickkrreraj7ovhchjafye,2026-02-28,I don't want to ever move again  Holy fuck I'm so so so tired,https://bsky.app/profile/splitletters.bsky.social/post/3mfxgnaekm22q,did:plc:3lfxzgtkute66pggnppgif5l
bafyreihsajfjajzbmfyycegm4nm3mh7arqxy4dzf6pw6yc6mr2brz4py7y,2026-02-28,Welcoming my new kiddos home. Now to find them a permanent place to stay in here 🥰,https://bsky.app/profile/spicynocajun.bsky.social/post/3mfxgnaarj22s,did:plc:7ezvhnprvvpxwqdncrrqx5w2
bafyreib4doum2b4nwhyg7ja7mxvuqcldctmq7vafsxjd6gxxxtd6pg26wi,2026-02-28,Who are the troops on the ground going to be? (Long term) We gonna pull them out of concentration camps to die on the front lines? 🤔,https://bsky.app/profile/lkayc.bsky.social/post/3mfxgnaacuc2c,did:plc:fu4a33k464p7tw7k3qbv3orr
bafyreiarovdy6ed2z36gvyczgiqavb47el45qxvbueejl7hu45vpsnc3vu,2026-02-28,,https://bsky.app/profile/sonydub.bsky.social/post/3mfxgnaa7wk2x,did:plc:5ippjzx5hlxfnqdfijujob6x
bafyreicdi42rjrzvpve6gtww2nmqgzmpgwppnq2se74ywcml3z4kxxxyea,2026-02-28,I'm gonna start blocking everyone who says it's an excuse,https://bsky.app/profile/vincentgareu.bsky.social/post/3mfxgna77pc25,did:plc:mn23nm2dane5l4hqkuzfrelg
bafyreicsihborhhy7f3b5rath6xjwms65g62f2xxhdcsyd2oqbfu4htpri,2026-02-28,He always reveals himself with every accusation against others.,https://bsky.app/profile/calliesue.bsky.social/post/3mfxgna5f4c2e,did:plc:ixke6skahzph4lnffoyhro7x
bafyreihrm3pd3izbdlpz36pupj36qlskto2daip7pvu2xjbub7mo24ijwm,2026-02-28,2 months for 15 likes it's so over (this is a joke),https://bsky.app/profile/northirn.bsky.social/post/3mfxgna4lps2u,did:plc:ve5meooeefgd4gexifckx3vb
bafyreics75owxc5yjc2nctbv43fkv3goyyakxlaspdw2g5efp6kuex4cva,2026-02-28,“Greatest nation on earth” 🙄🙄🙄 #eliminationchamber,https://bsky.app/profile/jonnymuzzer.bsky.social/post/3mfxgna2s422d,did:plc:mwrb73y53jhjvbkqcjnb25bs
bafyreicnlcb3nqnkfjtxdhnvdxrycrha5ch6dgsiwfnye7xlfvi5awhcye,2026-02-28,Agreed. And a serious president would have taken this to Congress in advance and would have addressed the American people. No word on this in his sotu.,https://bsky.app/profile/gigilb2024.bsky.social/post/3mfxgna2o722o,did:plc:h6dzu3iquzmvoyrt3nc4aohd
bafyreibhlcxzyst6uymptzuhfi5hdfcqndjj76rbbyrfgtwrr5fuo5ckua,2026-02-28,Yes!,https://bsky.app/profile/pembrokemeg.bsky.social/post/3mfxgn7zzt52f,did:plc:bccm5sfdqbhhn5rrukvnixi7
bafyreiadq2qv23fabeowjaqi2exmw3w2as43ebrph27abf5jw6qzfk4hmm,2026-02-28,i was literally thinking about snatcher wtf 😖,https://bsky.app/profile/3motion3ngin3.bsky.social/post/3mfxgn7zrus23,did:plc:x5yj543ytwud3sauvzs7twkx
bafyreifufbtrojyurtokovskcn7t2p4rtseuwe3tm7xmxe466mssmogb4i,2026-02-28,do you stupid bitches miss Stuart Skinner yet,https://bsky.app/profile/coolhandkas.bsky.social/post/3mfxgn7z5ek2b,did:plc:4hdpiylvcm7jrxyntggizjxa
bafyreie5j4gnt4py2ruavbfdye4t2nhy76wqxxhma4nwnij4xdwg3agsqy,2026-02-28,work tonight for the next three  i had a good week last week so i hope this week is the same,https://bsky.app/profile/maddyjacksonn.bsky.social/post/3mfxgn7wx2k26,did:plc:qpbf5nvuyinqr5c5j3hrzv2v
bafyreicddrrl5zvuzto6qr773xa2holeyskc2ebukiv2avrljbt5uqf744,2026-02-28,www.inquirer.com/politics/fet...,https://bsky.app/profile/jblumgart.bsky.social/post/3mfxgn7vpyk23,did:plc:zs4km7y7ynsn6gyehgsyknyw
bafyreiaxgkfyrnkcpjmtcxghg4pn7nueqaoovcpynh7hv75kotyamxd44m,2026-02-28,">take a pill for losing weight that's more or less what ozempic is though i don't think there'll ever be such a simple solution to something like weight loss, at least not without *any* side effects that's just how energy consumption in the body works, there's not really any changing it",https://bsky.app/profile/lolita-cat.bsky.social/post/3mfxgn7uqqk24,did:plc:jezpfog5au6zvvc7gaf2wgow
bafyreig3ablcywpwkgump452d5ewb6fni5ya2ol5bxjrr3qqq73hzrgwxu,2026-02-28,,https://bsky.app/profile/zenthagod.bsky.social/post/3mfxgn7ufys2y,did:plc:cf7xemunekmbb2c3rlanl2yi
bafyreiga5f2zerkb5fe5hf5ceufujhwli75kuytr6ircub2vn7x6gteuji,2026-02-28,For comparison:  pro-government demonstrators marched in Tehran chanting against the US and Israel.  #Tehran #Iran #Protest #Demonstration #US #Israel #Geopolitics #MiddleEast #Reuters #News #SocialMedia #PointOfView #Politics,https://bsky.app/profile/zenthagod.bsky.social/post/3mfxgn7tkns2y,did:plc:cf7xemunekmbb2c3rlanl2yi
bafyreiefawi6323p6yjm275g2dyocw5ve62bq7qgrrilxa2aogo7gpt6vi,2026-02-28,"I absolutely love the Machu Picchu mountain background in Urqopacha so, so much! That loading screen is one of my faves!  And I also really like the Hinterlands; how vibrant and green and lush and pretty... I wish the settlement ruins weren't there and all we had was trees, like a proper forest!",https://bsky.app/profile/lady-deborel.bsky.social/post/3mfxgn7no6k2d,did:plc:vaqwvkan7x7b5bpb7f4qr56k
bafyreieevurdc64r74pagrrdkss366bvcaio2wmmyh3kd4pkbrjfpgfjoq,2026-02-28,I desperately want to be numb,https://bsky.app/profile/puddlesopiss.bsky.social/post/3mfxgn7mwqk2m,did:plc:4tktzr3l2w5dydpt75mwzi3e
bafyreigwvxl3v6grenq46jzjnulbxnq3pa5qkeoqkrtxuf6ubnfynp7azy,2026-02-28,he was gyrating in they face 😭,https://bsky.app/profile/ebaken11.bsky.social/post/3mfxgn7mi3s2i,did:plc:56ylrdkf2qlqv4mnf6a76mts
bafyreifr42ii6cwtn3wuyemwya6ewsoe4n74sz3jh55sef7ob4pqmjut6u,2026-02-28,Thin crust all the way and I fold my pizza fuck you Chicago and Detroit,https://bsky.app/profile/bostongayboy.bsky.social/post/3mfxgn7ldxk2q,did:plc:ndio2u4av7hyzevoaxbxhpem
bafyreigncpnio5jq5hvsynfgoyafk32d5crdbblsrrjzjwavvkvh4xw3ie,2026-02-28,I would half floored that dude. Jail time would be worth it. Just beat the brakes off of that weirdo.,https://bsky.app/profile/shigsby.bsky.social/post/3mfxgn7ktec2w,did:plc:7mn7rrbqrffyjeu662bvoxty
bafyreidaek4p6vdbuqcijdjrsmlfyogv46yi73mkzgq6gqd3qvb3blu3g4,2026-02-28,"They're on a Free Ride of nothing to do but say, Yes, to anything Trump says TO Congress, it will be ok! IN RETURN they beg, Plz keep me out of the loop and dont destroy my family, and we the Congress will continue to support 💯 trumpism, no matter how much damage is caused!",https://bsky.app/profile/springforward1.bsky.social/post/3mfxgn7kbrs2l,did:plc:cg72e6lw4icy5663n5g6erhs
bafyreibhojwtphfpww24bum7fucm45bc7ahadguofxf3nbjzg2xib6d4gy,2026-02-28,"If you see this, quote it with your main starter choice for every generation!   1. Bulbasaur  2. Chikorita  3. Torchic 4. Piplup 5. Oshawott 6. Fennekin 7. Popplio  8. Scorbunny 9. Sprigatito 10. Pombon",https://bsky.app/profile/starrybibi.bsky.social/post/3mfxgn7gzc22k,did:plc:dxhbl4v25vedo7azrefayre4
bafyreiawy5xkozeywuovatmaqgw2slyt73ch7zdeq2vs6c6u6wyv4y4mjm,2026-02-28,Thanks Tammi. Certainly think I hit a personal milestone with that one. I'm very proud of it.,https://bsky.app/profile/nachonachoman.net/post/3mfxgn7ffjs2v,did:plc:f52munrcauabhtzghcilgyy3
bafyreiblnqqhqulauppn67262wlnhmkt5dnskwd4abqlvbzgk2jqeufpnm,2026-02-28,My birthday in 1 minute,https://bsky.app/profile/merylorourke.bsky.social/post/3mfxgn7f3rc2u,did:plc:b3c4hrlmhkk2yjvybeeba3pt
bafyreif3ljiysvw4ocwshgnvjbvkanxzrhojhxwumgxa56objtrh6xceum,2026-02-28,"Post a pic you took, no context, to bring some zen to the feed. #Walgreens",https://bsky.app/profile/ignatiusmusic.bsky.social/post/3mfxgn7el6227,did:plc:5ld5364lt6q6k2rzseud47tq
bafyreifqgsvvo2s25tc5uiapcm6qcbgw3zx4rm4ne3z6gmnynkaqu23kiy,2026-02-28,why,https://bsky.app/profile/sleestak.bsky.social/post/3mfxgn7csjk2f,did:plc:vpft5oly6fhry5vj5h67oogu
bafyreifjmcv3ys434zv6763ogaz74zwsl5z3lrmpto63iuawevhxcckixm,2026-02-28,#femboy #sissy #crossdresser #nsfw #ts #trans #cute #porn #tgirl #cum #cumshot #punheta #sexo #goon #gozo #anal #fuck #cd,https://bsky.app/profile/femboyheaven.bsky.social/post/3mfxgn7cftc2u,did:plc:g3uzw5gzbnx2peyyjvxp5qfv
bafyreiepny653vwdivzh7x2ja7gevtben4wkfegzagaq7cfx5x3tqa2j7q,2026-02-28,discord.gg/uYsCpVq2,https://bsky.app/profile/australand.bsky.social/post/3mfxgn7bijs2a,did:plc:gpcg45i3ycb5tranwebyu3md
bafyreifnb5p5mzxkgvovyj2rdhhqp5r6gsbiip6j66rwjabeh74lb4rria,2026-02-28,THE OREGON DUCKS REPEAT THEIR SWEEP as Big Ten Indoor Track and Field Champions 🏆🏆 OregonTF #GoDucks  Via: Big Ten,https://bsky.app/profile/davidmed.bsky.social/post/3mfxgn7ar3s2p,did:plc:bu7uyual7xw2pq2vbbpqpxrv
bafyreib7ejdqq72iroob3a4aayxjjatfixvgtpuh3x7mc4fnxusjby6i6e,2026-02-28,It better! Troy and Harris is so important to Ilya's story,https://bsky.app/profile/joethemo.bsky.social/post/3mfxgn7akb22c,did:plc:faqu5o5eeb4yqgj5vyuxzsf3
bafyreict274ph2dwdittx627cujzzuekjgayfy3lx2rq52736rhdwk4h5y,2026-02-28,But they are protecting us from having too much healthcare so it is not like they don't care about us at all......or maybe it is like they dont care for us at all.,https://bsky.app/profile/futureme2034.bsky.social/post/3mfxgn777c22z,did:plc:ldkpefrf2zkqhslmpyfuztnt
bafyreibteq6isjn2wos3uavvv3auahrzjhlj2kov62vjc543zrgirsk3c4,2026-02-28,,https://bsky.app/profile/miaganga.bsky.social/post/3mfxgn75ya22u,did:plc:qwoy5ytjcmle36tq7hbferjy
bafyreiawout2zuztzemllhg73d2izavjqcjxtyifs7lxwg7xxvecvwvbum,2026-02-28,Grrr,https://bsky.app/profile/tryanyonce.bsky.social/post/3mfxgn73h6c2b,did:plc:jnok4l52kvg2akpiom26b4ag
bafyreifvlfz4aoi7z2bmevyphwc5u3xov4gfn4vrogxegkkgpisaq5wf2y,2026-02-28,Happy birthday 🎂,https://bsky.app/profile/artadmirer.bsky.social/post/3mfxgn72umk2n,did:plc:ucv6vcg4y3ysybofm2ctvylr
bafyreidqpin452hblz5mthx62rcnfl5iditok5scb2gghlh3gfvxspohui,2026-02-28,"A friend of mine is going thru something similar but the cops are just like   ""whelp... nothing we can do bc they haven't done anything physical to you""  It irks me when cops don't take things like this serious until someone gets hurt",https://bsky.app/profile/nrdyco.bsky.social/post/3mfxgn72tnc25,did:plc:uvg4yq7uow6i3sdot5vwcr7k
bafyreib3plry75txpvmmbfzhnzplijpfvindgr3g3iruospztrxrp3qktm,2026-02-28,,https://bsky.app/profile/captaincanada64.bsky.social/post/3mfxgn73tuk2m,did:plc:m3glc3excbdviu6o7gkias6f
bafyreid77lxnpqqetg4rnpzomghrp2vxfxkxphhr3rq5agy7xt7qe5amci,2026-02-28,"That's awesome! College likely saved my life. I haven't a clue who or what was looking out for me to get me through, but I'm grateful. Library science is vital. My husband is an administrator and teacher that originally went to pharmacy school. I'm a sociologist of fascism.",https://bsky.app/profile/lgtrombatore.bsky.social/post/3mfxgn72gx22l,did:plc:lx5j44pvhb3jwluqyrkzk3o4
bafyreid5tpjrb2dqcyya3okrd7whjhehb4wgtxwabw2mro3rhyfq2ea7qi,2026-02-28,What do you think Carney was thinking here?,https://bsky.app/profile/edufuturist.bsky.social/post/3mfxgn6wa6k2t,did:plc:fiykdbkjmy63qqn3dey2soyf
bafyreigjgx2twblltugsw5qxxm6xcl3fgxmhm7agkmhoawutuzj7qhlnri,2026-02-28,What's green and goes up then down ?  A green pea in an elevator.,https://bsky.app/profile/pudaskgoulu.bsky.social/post/3mfxgn6uw6s26,did:plc:vsiw4pfuvdsszdxqwm4smy7q
bafyreidoncv5x22elyyvpctwaueqksejfaelkboapxuii62nja255bkltu,2026-02-28,Very buttcheeky,https://bsky.app/profile/rezart.bsky.social/post/3mfxgn6uv7k2m,did:plc:l5cqf5skpo3gt54erly3pugk
bafyreicmbdqshs4i4p7hatatjzkl45w72uvoqrealh6x4vsm3eauy6ixq4,2026-02-28,"Hey so real quick, out of all the nuclear armed countries, who has actually dropped the bomb",https://bsky.app/profile/ayshaufarah.bsky.social/post/3mfxgn6tq422t,did:plc:ico34ngh4ofbikqe3n2bdrrd
bafyreigq34vlaobbmvouzlvqrtnecwgwsvknk5jywrw2mnjvlq72jzohce,2026-02-28,🧙‍♀️ signal boost 🧙‍♀️,https://bsky.app/profile/maicolourlife.bsky.social/post/3mfxgn6sxos2r,did:plc:jacahp6xotj3deuhokfvvsnm
bafyreic7shzuaims3524m3pe5q2m7qfqnmnolesfvsu6bb64vic5nne2au,2026-02-28,I literally pour it into a cup and it in my fridge. I wish I could use my 50ml falcon tube  to centrifuge the coffee and aliquot 3/4th of the syrup,https://bsky.app/profile/britneysspear.bsky.social/post/3mfxgn6si2s26,did:plc:duetpykl3txvw2nal5zsxn7d
bafyreianw4pv5jcqkrfixo6bxmfz2wv2nayr3tw4j6lmn7auyf334kpgfq,2026-02-28,benjamin soft launched the US attacking Iran via tiktok on 2.8.26 btw,https://bsky.app/profile/lolapalooza.bsky.social/post/3mfxgn6s4ds2g,did:plc:qs5bodwjx2hkgedg3xti7pb2
bafyreiaq4w7ekb5yptqqp35fdt5sssqhsw7vxgrtvqwhdr5urw2rqkk6ru,2026-02-28,a big gay,https://bsky.app/profile/shaneybeee.bsky.social/post/3mfxgn6pnak23,did:plc:ozq3m77l2ypbyol4jhdcwxvc
bafyreidhcidupnkq5qrfsz34nnhrx4bxmk3mkt2tblnp5lnvkritqybq3e,2026-02-28,2)2 ((The park operators were so confident in their systems they never seriously modeled failure.))  The android was given real bullets because - what could go wrong?  The parallel to the Pentagon argument on AI is uncomfortably precise  @claudeai.bsky.social  was ethical in its just say no position,https://bsky.app/profile/jpwwrites.bsky.social/post/3mfxgn6rygs22,did:plc:k7afqfeo6xfxaycx2v2a6vmh
bafyreiexbvfb5sr6a66bcaoiipa5odzbfqsumtrhnjydrngyiweshdcvbm,2026-02-28,"""That's why you don't give real bullets to computers. - Full Stop."" Jim White   Michael Crichton wrote Westworld in 1973 as a cautionary tale about exactly this: humans who believed they controlled the technology, right up until the moment they didn't.  1/2",https://bsky.app/profile/jpwwrites.bsky.social/post/3mfxgn6owrs22,did:plc:k7afqfeo6xfxaycx2v2a6vmh
bafyreiaufjkbx2ern4n2jdal5kax3ptx7leobstasxvv6ekbnl4ovl47pi,2026-02-28,Every day is a school day for 😀,https://bsky.app/profile/mrsivb.bsky.social/post/3mfxgn6osus2f,did:plc:owm56klpvvf3g5urezcndixp
bafyreibwy6s43yvm3gjnnwepisp6g4lezq5dycouw5qs6eisowrvf64tii,2026-02-28,YAYYYYYYY..... with that being said this guy annoys me so fucking much😭😭😭,https://bsky.app/profile/drlaurelyanny.bsky.social/post/3mfxgn6o3gs2c,did:plc:p33uhfmjs42q4vpwgwm57zrj
bafyreif7hi52rr25xftclt7m335dhzjxbreg5omulfm6z2e5twnk7cvdiq,2026-02-28,"If you replace ‘Khamenei’ with ‘Trump’ in the first two sentences, you wouldn’t be wrong.",https://bsky.app/profile/sugar-thief.bsky.social/post/3mfxgn6m2yc2l,did:plc:c2e4rpczbftjnair24hoagad
bafyreicty3aq3vppq6tznwuvrreiqvxj3kxq7q27ge6xuohxjiabkoo5ai,2026-02-28,God I'm tired of reading text books,https://bsky.app/profile/juanstrocities.bsky.social/post/3mfxgn6loc22o,did:plc:cqfazgkbqsuieyekgaf5cfwf
bafyreify7ktjlo77r7jbhjjywa2k27ebgb4anf6yfrqe6v6ooh6zkjebja,2026-02-28,It was only a matter of time until the amateurs dug us in real deep,https://bsky.app/profile/kishkafka.bsky.social/post/3mfxgn6kpzc2s,did:plc:k76jqux64ulolcadtvetgchh
bafyreig2ey4zwqq7o34ntnsjembbhsjj2whqlreurcuwcc5nkgsdljq6zu,2026-02-28,"Hi there, sorry we didn't see your message earlier! Please email us at powerofpridebundle [at] proton [dot] me if you're still interested in getting involved, as we have DMs turned off on this account.",https://bsky.app/profile/powerofpridebundle.bsky.social/post/3mfxgn6kl522s,did:plc:wfidluj75dm36dl637qwjcno
bafyreidadynlrhg6gwvdtvqiyt2zipedeltgn6rrw5g4zkeodpfcehntx4,2026-02-28,Time for the s*** to be turned around and attack/kill the person responsible for taking us to war against iran..,https://bsky.app/profile/bodascious.bsky.social/post/3mfxgn6k4ic22,did:plc:cvqu5vksxghxmszdmtkzrzgx
bafyreibwhhdyxef5anlzmthlinldq6kwlezyfadw7qha5bqna4cfnpz23m,2026-02-28,www.rawstory.com/kristi-noem-...,https://bsky.app/profile/shyone2910.bsky.social/post/3mfxgn6iwfk2v,did:plc:kz3kf4p5qwkrimoco2jq5poz
bafyreigllj5usjh6m77ajxef4j5cffx24h6cxcck6lqoi7tl7abh76ivna,2026-02-28,live playing mario 64 co op with friends!  twitch.tv/pypixy,https://bsky.app/profile/pypixy.bsky.social/post/3mfxgn6iet22g,did:plc:ksofouqd6xfwqnujcyttdqmt
bafyreiegmpvpfbettxxvruacy4wdh3ae3wo4m3ytn2baize7gvqb7odbji,2026-02-28,"""keep blowing my legs off, it will only make my opinions worse""",https://bsky.app/profile/bizzo.bsky.social/post/3mfxgn6hlgk2l,did:plc:c2j2luaw22nu5lei2s3igla6
bafyreihlxrpbafr4fildcrjrpw33orde7fyyyhkkbf5gcegfp6co6mxjom,2026-02-28,🎇Mysteries of the Hexi Region Are on the Horizon🌄| 🍃Where Winds Meet🍃 #WhereWindsMeet🎮  www.twitch.tv/keewio www.youtube.com/@KeeWio,https://bsky.app/profile/keewio.bsky.social/post/3mfxgn6epn22z,did:plc:6iegszy35cehw4fic6a5o3cn
bafyreiake7pmfp7h56m3sx3ut2zkd3ciq2s5fzq652veqeggymhywaz22m,2026-02-28,,https://bsky.app/profile/kj-roo.bsky.social/post/3mfxgn6eht223,did:plc:p3f6dnnfasm5m4rgmvcv5e5g
bafyreiejldvmwywkf2wjhwvxnvqlhquha63b3v3awmagzyzxr56njg4hze,2026-02-28,love free patterns but omg having to put them together is so tiring 😭,https://bsky.app/profile/feycrowns.bsky.social/post/3mfxgn6czwc22,did:plc:55t5psiejh3chn7spfwbuttt
bafyreibijynnsm55gxc5ed2afnx4cb45fisqwx6rbkfu2fxm3akuh7zgme,2026-02-28,"Yep, definitely watch FWWM. It sort of ties a bow on it, and sort of not at all 😅 But I definitely “enjoyed” it.  FWIW I didn’t like season 3, but, well, it showed up 25 years later and is very different",https://bsky.app/profile/ludovic.chabant.com/post/3mfxgn6cdhk2v,did:plc:fgfiuy6yaj4soaocn2i46whf
bafyreidmvouwjrbj5rgpiwxtip4imytx6mqh3rrxduozt2kermzeerwtcq,2026-02-28,#IrishCitizenArmy ✊🇮🇪,https://bsky.app/profile/ruairidubh.bsky.social/post/3mfxgn6cids2o,did:plc:qlgbiyopgfuvdqvug35clcuz
bafyreianwu2hjbtw5ncz42itfck472adxfr4xjbs2ts3gdzjnnvlhwsk6y,2026-02-28,Fat harpies are peak…,https://bsky.app/profile/atiredlad.bsky.social/post/3mfxgn6a64s2u,did:plc:l6tle2vqthg7xcyvsvxyvv3u
bafyreictuuu5z6iqznt3ppbv3ucj3nypvriu57jzb3zxxvvklu2pbn2aae,2026-02-28,There is something so damn satisfying about crunching ice in snow.   Same thing with bubble wrap and crushing very small acorns beneath your shoes.,https://bsky.app/profile/atlnewsgirl.bsky.social/post/3mfxgn67njk2b,did:plc:oonoowyeqy23svpjkmsj7cqw
bafyreigkmuoogulem37s4qba3uncnvw6s6ygxedn75rhfzweau4orw2mx4,2026-02-28,"The War Department made war with Iran.  No one in congress, the bench or the White House has any idea what they are doing.  Our government does not know why we have a government.  Nor why we have a military.  open.substack.com/pub/mrnobody...",https://bsky.app/profile/mr-nobody-01.bsky.social/post/3mfxgn67fpk2j,did:plc:mpqyj4hyl7bfv53cmprqimor
bafyreib2zh432ysdkhrajn72cdlxrdlxeeljzyp3vaef5coxpmtv5fzbdy,2026-02-28,And wouldn’t radical change be nice  I don’t mean “behead the King” but a little bit more redistributive tax and public ownership for the common good…?,https://bsky.app/profile/seethingmead.bsky.social/post/3mfxgn66u522u,did:plc:4466ozb3m5vzjt2cueoqyb3w
bafyreih674onnkhtv6inkhcn5hhwstlbdxv3q5x3t3ibmf6yvjzpueadvy,2026-02-28,,https://bsky.app/profile/isabel322.bsky.social/post/3mfxgn66kek2j,did:plc:mgv5jfdttt2n2nldyikvg5mf
bafyreifemasd7dyhlwnyutsgj6jhy7wy7evr5ndagxbpht3ptakfroqcom,2026-02-28,,https://bsky.app/profile/joninthecar.bsky.social/post/3mfxgn62gjs2p,did:plc:fqr5v6ybe2ulggfnj5724kg2
bafyreia24ijrzdeyhvtckfupfsuxvgf7k624x5rcro5hcgfsjp4g7y6x2e,2026-02-28,I’m guessing Cuba is next,https://bsky.app/profile/jm78mmm6.bsky.social/post/3mfxgn5zty22e,did:plc:ise5pkwpm5tjfocfdtq2yidr
bafyreie7uytwdujamcnbbnyemoyexri3zb2tppuribzlxfos62iryyoi4i,2026-02-28,Time to start going to the beach again. Haven’t been there much lately ☺️,https://bsky.app/profile/annabella-only.bsky.social/post/3mfxgn5zbgc2q,did:plc:pcns3gaqgcvctwqhjbfezwcv
bafyreidpuouqcyqu6jibmoh36kkfiyocbvt3ivgqkftbrn4yrrrntkpcie,2026-02-28,Chichester harbour half complete   Just about  #running #blueskyrunning #ukrunchat,https://bsky.app/profile/lukerwilliams.bsky.social/post/3mfxgn5youk2g,did:plc:fkem77a3x2vdezldhzihxvfj
bafyreia2vexkvt7utvistmrfyp4jjbofpm53sju45jmtxopbkwffymqzpm,2026-02-28,🎼🎵  youtu.be/UBkqsyVU9qo?...,https://bsky.app/profile/nufcnuf.bsky.social/post/3mfxgn5ye4s2u,did:plc:ijsqymalozeehevc56ylruug
bafyreifxt25jxh3cnz4dfzf24idylg7dkz6eiqnpofugumck7tjewejwla,2026-02-28,"I know they have practical limitations at the moment, but I think they'd be an amazing technology to spread awareness about, especially if that could help them make it into EVs or home batteries.",https://bsky.app/profile/bromeliasvoice.bsky.social/post/3mfxgn5y4cs2z,did:plc:4q2erkvexjkwsfukgspce2uy
bafyreihl2qcn56bibxum6bzt5vlesge42zufxlg4uvcudalcgv3t6b2xua,2026-02-28,Big hugs 🥰,https://bsky.app/profile/mormissing.bsky.social/post/3mfxgn5xxgk2q,did:plc:njflu6tashkdegz27gy6smxs
bafyreiaue3yft3e2eimahr3prpksvadbkbaxr23xquyeqg5h7ok7dq2qxu,2026-02-28,Dades de cabal de la darrera hora. Cabal promig: 0.60 m³/s Cabal màxim: 0.60 m³/s Cabal mínim: 0.60 m³/s,https://bsky.app/profile/socelcongost.bsky.social/post/3mfxgn5z4sm2n,did:plc:h5dj2ijnnetgutpympiebq2w
bafyreihm33tcpx3zelcwb4lobgjo2xqqhfzlp567oyxtdwj53tzpvcysvq,2026-02-28,"Joe Fagnano is a QB prospect in the 2026 draft class. He scored an unofficial 8.85 RAS out of a possible 10.00. This ranked 122 out of 1054 QB from 1987 to 2026.  Pending bench and pro day, splits projected.  ras.football/ras-informat...",https://bsky.app/profile/mathbomb.bsky.social/post/3mfxgn5wmhk2a,did:plc:xj5umrkcjpxx7jymuevdnhm6
bafyreifu3co4j7igrijk25gf6bge2g5ghbqnnrssem4y276xttygel67ha,2026-02-28,MFing Jared et al making $$$ hand over fist for this...These monsters need to be held to account.,https://bsky.app/profile/callmelila.bsky.social/post/3mfxgn5vegc2x,did:plc:6wwvv3pr2alkegd3yvfrynbr
bafyreibmqoyd4xewmcaqwsj54h776s62geqpx2bxz54bzpyxcxycjr3juy,2026-02-28,Sexy,https://bsky.app/profile/daddyfun1.bsky.social/post/3mfxgn5tul22a,did:plc:rxrvagu7tl7ebiqfhubjhxij
bafyreib7c4j6znz3ghf2rjecaxjfxjfma5fwl7iyyrg2c6bmasie4qqjji,2026-02-28,When it comes to a beautiful song this is beyond beautiful only because it hits close to home. I hope you’ll enjoy it. Thanks for the reply Hudson.  www.youtube.com/watch?v=oxHn...,https://bsky.app/profile/didntcmecumin69.bsky.social/post/3mfxgn5pfyk2v,did:plc:s7hgof4723jrmje74hg3r6kv
bafyreienuvjlk4bd36ehwvvhayeu37adptuqvns7wm54fxgnb5mtbjkbge,2026-02-28,What about purple nurples?,https://bsky.app/profile/flangy.bsky.social/post/3mfxgn5p2bk2a,did:plc:hpfiqanya35qgpixifjmh455
bafyreic26s3aqz5i3hgprc6j6gloxysk72aalzq7savtzhmoza4hhjdk4a,2026-02-28,Happy Caturday. #caturday #catsky,https://bsky.app/profile/fromthedeskoftn.bsky.social/post/3mfxgn5nodc24,did:plc:zfdmezw7a2leppg3censzqyx
bafyreibf4ruinazd46dgfel6dt6slu3khr5tq7hyo4del6fajfwizgdine,2026-02-28,"You have it backwards, Hamas attacked Israel.  Hamas had planned that attack for years.  Hamas attacked civilians and the hides behind women and children.",https://bsky.app/profile/frank-frink.bsky.social/post/3mfxgn5nkgc2a,did:plc:zelzxxoebkziudnjporroyrj
bafyreicdvlzcdt3ingtl5wectuwmflrauu56zoizjfngo34ppfkgi5gpam,2026-02-28,I just slapped this post so hard,https://bsky.app/profile/nicholehiltz.bsky.social/post/3mfxgn5jofk27,did:plc:umkdmppnmbfkz65p3xdwxyjc
bafyreifzcgayoskwzmgyxtptvjdeegmeouskbfdky2nrb2hgdsql4ejzpq,2026-02-28,Winner!🥇 🥇🥇🥇😹😹😹😹,https://bsky.app/profile/cowboycat13.bsky.social/post/3mfxgn5i6kc26,did:plc:43goqefbsbu3xmapks63xacq
bafyreiegncltyo3pp6t6bdzdgr3nx6cgk6lrhiymcdeigwpb2drauscce4,2026-02-28,Cutie pie 🐈,https://bsky.app/profile/gusintime.bsky.social/post/3mfxgn5fmjc2k,did:plc:njnnufchtbvjaeb2twx2gh4e
bafyreihek4kiknhcko6a5vf3cmx3pduz252fgqxn3wjwfylo43rkwje2ga,2026-02-28,"Dear President Trump:  Sexual offenders have the lowest status in prison. They're called ""motherfuckers"" and are treated poorly by their fellow inmates.  You're not going to like it.  Sincerely, America  #IranBombing #EpsteinDistraction #JustDesserts",https://bsky.app/profile/reg-pither.bsky.social/post/3mfxgn5ejec24,did:plc:gh3t6uzkfgwuusadu6re2xdv
bafyreibbrekldiigao7e2ms7oolo34kpz3bfx5uidxsil3zsvujv42cfwm,2026-02-28,"at this point half the humans in every BL novel are women and it pleases me immensely to say that that's not remarkable anymore. and it's cheating to pick on Brooks again because he's been consistently good about it, but ""Voidscarred"" is practically a gay romance novel, and a good read for it.",https://bsky.app/profile/mrs-edgewick.bsky.social/post/3mfxgn5dzqc2k,did:plc:hz24rzoa5mg67tzyc7otsuz3
bafyreieqhfwox5ypflv6bfuidmhlnfrhe32zuj4njmqtdij5ceooyzy2xy,2026-02-28,The subtext of this story is that Grok sucks so bad that the government is willing to do almost anything to stop using it.,https://bsky.app/profile/rodhilton.bsky.social/post/3mfxgn5bmlk2w,did:plc:jop73mu5bv5gs4emcfffeoz4
bafyreiderv2qcf6mi43dugtzoasq6xlq6kojtmtomeh4aztcxirvyuqu7y,2026-02-28,"Same ! Legit my number 1 fav, adore the lil guy. Tis such a cutie 🥺",https://bsky.app/profile/ahirunemui.bsky.social/post/3mfxgn55gsc24,did:plc:xsvadxrngz7zwrg43fjrlbzg
bafyreihnwx3fdaodgz7js7yb5xe7ur2rbafgj6hflknm7hxqm6kg4sjqe4,2026-02-28,Good Morning Handsome! That's a BIG stretch!,https://bsky.app/profile/pleghop.bsky.social/post/3mfxgn54ki22t,did:plc:mlacxha7z44k47zm7isw5oq2
bafyreifjqnxr3hqoobq7eeasnyiojnx75k3kta2oinl6cwd6psdpjjq2zq,2026-02-28,"Feed: ""Tell-Tale TV"" By: Ashley Bissette Sumerel on Saturday, February 28, 2026",https://bsky.app/profile/longtail-news.bsky.social/post/3mfxgn5y5dk24,did:plc:o6ggjvnj4ze3mnrpnv5oravg
bafyreigprbrbxxyeu2kkbqv5qq2p4d2qem43pc6e2ruamfaw4brsgx6vgq,2026-02-28,I wish i fucking came up with this goddamn it,https://bsky.app/profile/the-hydroxian.bsky.social/post/3mfxgn4zpns2q,did:plc:v2fymlzddjjkuang4nyaykix
bafyreid2xbhpg3l7hesmls3mvbtii5rzyhw4ylxdfaq72dn57rv3mnmcyy,2026-02-28,There is nothing emotionally dysregulated about me rn. I'm quietly happy.,https://bsky.app/profile/nafoffs.bsky.social/post/3mfxgn4zhts2q,did:plc:b42zkq7eht3xftkfoupjwxh6
bafyreib5tybrwztuzoexh6rhvok2vq23gdbeow4q4pw2ssbanvpwta7z4y,2026-02-28,,https://bsky.app/profile/bongopirate067.bsky.social/post/3mfxgn4ycqc2l,did:plc:d2wmrwpjqtum76usyewuywdi
bafyreicx7tl35hxrsomhegyays7yvdhu55t6dbfpzlj5rzlhglzdzom5yq,2026-02-28,,https://bsky.app/profile/holojester.bsky.social/post/3mfxgn4wpxc2u,did:plc:7gggss6enhbyicrs7mdpngxq
bafyreihidznyhmnb2eg7hwcklmn6ta7iw4ydxt4lig3rnagofac7f5wadu,2026-02-28,"@ronsexsmith.bsky.social What an outstanding performance tonight Ron! My incredible Dad @francis-coop.bsky.social  took us to see you again at the RNCM and surprised me with a signed masterpiece album of yours, thank you so much for that!! 🥹 Truly talented, I look forward to the next tour 🙏🏼",https://bsky.app/profile/shannonmarieeecoop.bsky.social/post/3mfxgn4w4gc2v,did:plc:mmvixqnadnttfw6e6wbznvs6
bafyreicms2ffig6d6ah6nh6cklxlenxyi2tocw42oajjj2gw7ktw7gnipa,2026-02-28,It's definitely something myself and a couple of my friends have experienced. We get hyper-focused on something and forget to eat and/or drink until our body is screaming at us.,https://bsky.app/profile/sodium-vapor-lamp.bsky.social/post/3mfxgn4rot22p,did:plc:5asmlpklu3ojww56kcw5jmmg
bafyreic6s7if76t65mzj2oqu2k5o7ml3lihfjjwv5ktstvi74uoql5zcey,2026-02-28,fuckfuckfuckfuckfuckfuckfuck (im in so much agony) (positive),https://bsky.app/profile/kid-oddity.bsky.social/post/3mfxgn4qyec2p,did:plc:7kpxzt2wlkc4kgedxuwhwiod
bafyreiduvukef2x7obr2qffkzobcw54wrmctvqdl4qqnxlarz54phg7kgu,2026-02-28,escapism has been working prwtty well for me. i dont want to look away from the horrors forever bc I know I need to face and deal with them. but for now i can let myself be distractd,https://bsky.app/profile/realityandrebirth.bsky.social/post/3mfxgn4qkos22,did:plc:et36zh4rjckwopfljkgy7n3y
bafyreiatwaq7o3vpjelfqyjvyce3twi77ejf4klwhp5h4n4madxclzka3u,2026-02-28,"tammy ""dick's worse""",https://bsky.app/profile/ericmichel.bsky.social/post/3mfxgn4p4s22k,did:plc:ns6x233scxcw3jah4zdvfaq6
bafyreidzva6zwz2qwrivtgkufeqfhzhtq5k7mnj7gl22wdnjtojay2zsfq,2026-02-28,How is a war powers resolution inconsistent with this?,https://bsky.app/profile/guiltypanacea.bsky.social/post/3mfxgn4moo22f,did:plc:cioysrizau2wi25mrvlxpqvg
bafyreibhcokygj4a4i25venghyhaawrtpz2d7m3yg4c6st6vsefnulaovq,2026-02-28,"""The Case of the Mad Monk"" for the Multiverse Funraiser is live! Watch for free, donate to Comic Books For Kids if you can, and enjoy!  www.youtube.com/live/gS97iRz...",https://bsky.app/profile/sithwitch.bsky.social/post/3mfxgn4m44c2u,did:plc:nnz4vsp2sw3zgicyhfx4izbk
bafyreienxzgwxz4ily6rqsofawzbnmubcxifcqt7vwg2xxyf4nhunoefia,2026-02-28,He's 6 hours into this stream and hasn't gotten a chance to do a single fwg attempt get in here and torture him more (and like raise money for charity or whatever) twitch.tv/averageimposter,https://bsky.app/profile/cheeseypi.doto.gay/post/3mfxgn4lqfc2z,did:plc:2hxh3gbrvsnie3ikkeu5zyhq
bafyreihwmebhp6b7e4r3f6xmg5quot43ygocmei4sjo3e6vcrz4jwkmbsa,2026-02-28,"57 STUDENTS….  Family men, Trump and Satanyahu are the  BUTCHERS OF GAZA !",https://bsky.app/profile/eddy-star-nfl805.bsky.social/post/3mfxgn4jk3c2i,did:plc:lrsispqgrba55ihlimsozv3h
bafyreiduqxyfruaxyozyck3qencwdvksqsrzzhfdebwm7nj5xqcanamjky,2026-02-28,"Who's ready for #underwear night? T's Pub 323 Somerset St, West. 9pm.  #gay #gaybear #lgbt #lgbtqia #2slgbtqia #queer #demisexual #party #saturday #nightout",https://bsky.app/profile/martinguay.cryovex.com/post/3mfxgn4imrs2g,did:plc:hvme4bhgisfig6iiej2vbscc
bafyreifoydcr6o6mbs6zopcy2gf6sopmmx6zaggsbga4qmlejgyznrdqli,2026-02-28,Also let’s be clear about one thing: Taipei would be the biggest city to ever get invaded in history. Three times bigger than Berlin. And there wouldn’t be a huge hinterland for the Taipeians to flee to like the Germans did.,https://bsky.app/profile/sthelen.bsky.social/post/3mfxgn4fozs2j,did:plc:aaifs6bjt52xgeqhng66viwy
bafyreiegec5463h5vrl7s6rnwo6mg7cpe4uqaslh7kmv3lhomsbcpzw75i,2026-02-28,"He just did what he wanted to, what he was told to do. He’s a puppet - Putin, bibi, little Mikey, miller all pull the strings and control HIM.",https://bsky.app/profile/notmine20172025.bsky.social/post/3mfxgn4dcuc2h,did:plc:amfohsnq7bf4t5bmavizbhym
bafyreieb6r3icmkz2duwgepvdt3jh7o2ofuts7punhjfxu2gp2zqux553e,2026-02-28,"""Self Reliance""   A work in progress  #smallartist #desert #ecologyart #surrealist #artist #tradart",https://bsky.app/profile/isthatnori.bsky.social/post/3mfxgn4cdmc2n,did:plc:cgyzr6mx5n7257p27jcwc4kp
bafyreiafukrs7khcy7sbk3wvigtfe4kn5yi5r43vdc4hwmfa5jilch7xw4,2026-02-28,"That actually is legal for the government to do, in the sense that everything is legal until the courts say it isn't, and the courts would probably take days to rule on that so it is legal to do that, as long as you stop when the courts say stop.  This is how I now understand the law.",https://bsky.app/profile/folderalconspiracy.bsky.social/post/3mfxgn4bo4s2h,did:plc:24vynkvx5iwtjo4tokbkyqpx
bafyreif4h3hivev6qbuxxdgcnz3higxn4zxtdckxvzpp6hln4ecsovvaai,2026-02-28,Not over here. If you ain’t lock in wit me by now save it for David. the mini bar is closed!,https://bsky.app/profile/bonniscotch.blacksky.app/post/3mfxgn4ac6k24,did:plc:s7t3kzcvoknvocf32nga65pk
bafyreibkif4qhnlgqwfuiqbrt5j36ywbf47sjziuwvj2lwgkxu5jw6kkpu,2026-02-28,"OH MY GOD I THINK I LIKE YOU, another banger I did not remember.  Idk if I'm reading for season 1 to end in one episode.",https://bsky.app/profile/dredpiraterobn.bsky.social/post/3mfxgn46fn22g,did:plc:2azzybg26nf3qwuoj4scgikz
bafyreihdmvumtp4gn5uxkfce6wlsrmtt64r2javwqputquytidf5tzoogi,2026-02-28,"We are in the craziest times where Trump is like “guys I am doing a 1984 hahahaha” One points out the world is Orwellian  And everyone is like, “I think u are being a little inflammatory to use that kind of language” No I am describing reality",https://bsky.app/profile/dremilybrunner.bsky.social/post/3mfxgn43gvs2n,did:plc:6hwffliackmu4gwygdbctktb
bafyreiefgav4d3mst3jh3dax3ssh3k7lxhpvw5hbnvrkup7wru3cozxosm,2026-02-28,"Learning as we are because he didn't clear it with Congress. How's that going, Cornyn?",https://bsky.app/profile/the-dude-abides.bsky.social/post/3mfxgn42in222,did:plc:rnlun3c276c7kyqestbtubit
bafyreicrzmrvtkne6oinauicgffnblrknmf2agkva5itchjdhqjpyfnz7y,2026-02-28,Tarantino wasn’t done telling us what a self obsessed adolescent he is.  How can believe anything coming out of his nasty little mouth having heard this.,https://bsky.app/profile/druid48.bsky.social/post/3mfxgn3zt5k2x,did:plc:a4enmh3i7mphn2aspvv2byxi
bafyreieyo4f2aygx44tfira6zbdj4rip3sxs4c5l4b7lh3l7m6qyp3bmny,2026-02-28,,https://bsky.app/profile/grooveguardian.bsky.social/post/3mfxgn3zfi22n,did:plc:77d6r776vjdh2fmzxqovhvmz
bafyreicw4j32om76nbcnillxgudhijsn6ykfghdcw7qulxmbbd3sxmut5u,2026-02-28,I hate feeling like I have to fight reality itself just to prove I’m worthy of existing,https://bsky.app/profile/pyrelogi.bsky.social/post/3mfxgn3ybds2f,did:plc:j4pwuc4wfftteqctxatt42mf
bafyreihoohxd3fk7jbnyqps4sr3fj7etf2kbfw3p3jjx37f5c4v262x5de,2026-02-28,Remember donald will do/post anything to create a distraction!!  Who knows what will be next!!!!  If you had starting WW3 on your bingo card then yes starting WW3 is an abhorrent distraction from the donald/epstein files!!!!,https://bsky.app/profile/cmcc75.bsky.social/post/3mfxgn3wydc2w,did:plc:lbdnrx7iewtd5wlnaqauqjsm
bafyreieiujxqvlqid4yygakoxp67ug4rwlregiqnz6g5nq5vgkiovfdhre,2026-02-28,Oh for shit's sake.,https://bsky.app/profile/realunderogkc.bsky.social/post/3mfxgn3vkgk24,did:plc:dreqje4454xo2na5ty5p6yky
bafyreiaftwt6o3lkhfwdwscvuscaqh373qxzobvheneyb7ng5sqcpqc3fe,2026-02-28,... That's even more Adorable omg 🥺💜💜💜💜💜💜💜💜,https://bsky.app/profile/noodlebeast.bsky.social/post/3mfxgn3vfkc2m,did:plc:mdy5nyfbd4w3x34h6fa5acwo
bafyreidrebbldq5yyu5iwp43uibxannfkty6hp4czzhzyobrlv77i6sv5y,2026-02-28,"""Don't do that,"" he laughs, wiping the sticky mess off Bucky's shirt.",https://bsky.app/profile/adarkknight.bsky.social/post/3mfxgn3uztc26,did:plc:jyq65ygutvzcnfunfo5di75c
bafyreia35mvrrx2dfbmpyyaim7gmz7675wgavje2cgywo7cxmqysang3uu,2026-02-28,what about votes tho,https://bsky.app/profile/angerbunny.bsky.social/post/3mfxgn3uags2p,did:plc:k6ovqbu47xrtrshztdrb4fnw
bafyreibpkbjwfq6slc6i76nabvkv3eejwrvsxvslrhvmjngycz2i6h5fbq,2026-02-28,Redrew a scene from e8 with my ocs teehee // #trigun #oc #trisona,https://bsky.app/profile/slideeda.bsky.social/post/3mfxgn3saxk2d,did:plc:flt2yvc6h7hnd55mo4k6konr
bafyreibbud6anrbk4dmqnbbo5ng3quxxrtmuwcjgvbiape2unrqp3hhoo4,2026-02-28,I feel like most American sports commentators sound bad enough saying “grands prix” that it’s worth considering,https://bsky.app/profile/jon.turningfortune.com/post/3mfxgn3qq522w,did:plc:5s3qtzz46vohwba74rcs73qh
bafyreigz7266mnsmhhkgwgazpid47gwnojmftwx7yzn6x3nkscxqbz7244,2026-02-28,Everyone knew DJT was lying - he lies with ea breathe. We should've been able to trust that Harris would end a genocide by withdrawing our military arms deliveries. She rejected pleas to meet w/ Palestinians in Michigan; she rejected their plea for a speaking spot at Convention. They rejected her.,https://bsky.app/profile/zaddockfuller.bsky.social/post/3mfxgn3qlat2q,did:plc:qimtlrwmt4lhj2n4ivhk33l7
bafyreihf4kmelpgylz2gtoclehvfsyfyeel3ksrfyyq62gzvwjb7iphv3q,2026-02-28,"Still doesn’t change the fact he’s a felon, child molester, rapist, and he blew Clinton. Must of had war crimes on his bingo card.",https://bsky.app/profile/shawncorpe666.bsky.social/post/3mfxgn3qffc2w,did:plc:6lindh7gr6lpvf3il2eu4422
bafyreicy6yztvknsyivagzwsbnrbmww365mfofz5ht4edd43zbjdmae4ly,2026-02-28,"I know that's how I sound but it does genuinely feel like I'm becoming too stupid to function. I'm upset cause you're 100% correct, and it sucks.",https://bsky.app/profile/mothknock.bsky.social/post/3mfxgn3pvrc2y,did:plc:kke7dmel6grfofozpp5odv42
bafyreic4rtahdfte44wgfcx5vvxh2xdy2brzfa74m2yfx3h2rglugoavcu,2026-02-28,"Genuinely think it's simpler than that. People who think this know nothing about Taiwan, much less HK. It's literally ""But that sounds like a small unimportant country, when's the last time I heard about the Taiwanese military kicking ass?""",https://bsky.app/profile/rosencreutz.bsky.social/post/3mfxgn3pk2c2m,did:plc:i5w2ihmgzh3qwrezbe4ocbnw
bafyreiaw274scswcp2mlqxmouqeirbsgdrogpdba2ljtdg72gc4jdqeexu,2026-02-28,"It’s also always a joy to listen to and learn from Perry Ground of the Onondaga Nation. He shared nature art and stories from the Haudenosaunee, like this carving by Stan Hill. #art #Indigenous",https://bsky.app/profile/amandamakepeace.bsky.social/post/3mfxgn3p3fk23,did:plc:erbektolp27mmrk2yxl5odak
bafyreihbw36goa7me2k566nsafighli3hnfbhxcqilmbzys2ivws7fhuwm,2026-02-28,"Tonight's movie.  If I remember correctly, this movie takes place after the Donner Cut version of ""Superman II"" that I watched last night and assumes ""Superman III"" and ""Superman IV"" never happened. youtu.be/bRqAUqAFhNw?...",https://bsky.app/profile/mattharrell.bsky.social/post/3mfxgn3ovk22g,did:plc:eti2yrox4te5crhruw2o7exj
bafyreieod6jgnvktjrvjlp3uncjka3imcevhyqapja7i4emlbhshbtbkma,2026-02-28,Yes,https://bsky.app/profile/ladyinred50.bsky.social/post/3mfxgn3mq7c2g,did:plc:xccnhxer62aiqnklvjni7qsz
bafyreih72opv4533ppv6evr5u5ypzgyc6pdcgnfkpoh644cjrkflxpqr74,2026-02-28,"I have learned how to save my lossless AVIs to broadcast friendly MXF files, I am now useful to news people.",https://bsky.app/profile/angelandhiswx.bsky.social/post/3mfxgn3mmcc2q,did:plc:uwbdic5ry27vvb34ithgvmqr
bafyreiggyxeycr32kky74ay2aumuqp32u2rb6leosv6i323pfsycpkybd4,2026-02-28,I love it when the plan(ets) come together… To paraphrase Hannibal Smith.,https://bsky.app/profile/ravensmth.bsky.social/post/3mfxgn3kjvc2j,did:plc:fxrqowkzjjzmwpddxtsa2rjz
bafyreievkxjg7qzkzpva6e7z6nz63azxtyxroll5eq7wv7levmauhboqdi,2026-02-28,Bibi as Talaat Pasha.,https://bsky.app/profile/alexandergruchala.bsky.social/post/3mfxgn3k66c2u,did:plc:w5ehth6gc7jefw7vo7gn6r7s
bafyreibnerhwrapun2ip6j46prckkwwbxpfagqlof3uigxe7cxrpxjgwiq,2026-02-28,He's capable of more than one horrible thing at a time.  I didn't see why that's hard to understand - both things are horrible.  This isn't a have to try to see which is worse - their both horrible.,https://bsky.app/profile/tross.bsky.social/post/3mfxgn3jshc2m,did:plc:m6mjr22baoiblgx4tioqr3wd
bafyreigpedfx4woik5liv6gp5oxo7wndri273tzou77db6bgtajgyz2faa,2026-02-28,I love the contrasting expressions.,https://bsky.app/profile/mugenmetroid.bsky.social/post/3mfxgn3jjo222,did:plc:5hjp2ogmqg46n7evhmv7el6t
bafyreigpel2xonzrnrgbzztlb5ajhaqrperf6msdalxpvhqjj6mcraybxu,2026-02-28,"It's not aiming, it's movement that's the problem",https://bsky.app/profile/docseuss.bsky.social/post/3mfxgn3j6wc2u,did:plc:nrh7ngbqmdfdxowtxn6dazec
bafyreid2qkgzvaluhy2riqc3dkc5e65jdudkfi6lttloba3pktlmw3rq2m,2026-02-28,"Toyotaro was cooking when he Made ultra ego purple,.it fits Vegeta so well. And it does here",https://bsky.app/profile/gonzaegonza91.bsky.social/post/3mfxgn3hedc24,did:plc:ytuhzn2rrz2vioerhl2at65a
bafyreibiv3hte7ldslqiwma5sa4kmapxyagwh7pscz32gdiezybpcychwe,2026-02-28,"Yay, it's the wrap-up. That means we're only ten minutes away. :)  Translations upcoming by: * German: Thomas Hamm (remote). * Spanish: Consuelo Ibáñez (remote). * Mandarin: Yonghua Xu (remote). * French: Some cultie or other.  That's the end of this 35-minute cultcast.",https://bsky.app/profile/lalabote.bsky.social/post/3mfxgn3hagc2y,did:plc:mo5slut5hxnws65aqvfppzrs
bafyreielui3qvekb4tcza3dqkisv7nf25fwn2eiqvxohlc3w27btsccywu,2026-02-28,"similarly, i think it's rly quaint how the iranian left counterculture and the american left counterculture are both predominantly made up of anarchists instead of communists, unlike most of the rest of the world (outside of places with communist party governments, obv).",https://bsky.app/profile/nacl.sh/post/3mfxgn3h6hs2h,did:plc:i5mvo22kcxsmqn6e3lgjbfnf
bafyreic3okxmmnq6wlyfvsw3imgos7c3wkavz7sqzqtcpld477xdvhgsim,2026-02-28,"We all need to get out there.  Enough is enough.  This adminstration is out of control destroying the white house, killing americans, starting illegal wars....",https://bsky.app/profile/zuza-123.bsky.social/post/3mfxgn3ge422w,did:plc:ihe7gxamfdk5huz33dtiucgh
bafyreiadcxlc6baannoijy66a757mpjgzmpcs56gxobqm7x3y7xdgnpn2i,2026-02-28,(Katie Johnson) She filed the first lawsuit on her own with no lawyer. It was handwritten which she described the deformity of trumps penis. “Severely bent to one side and small deformed shape like a mushroom.” 🍄‍🟫,https://bsky.app/profile/shimmyshake72.bsky.social/post/3mfxgn3gd4s2s,did:plc:ajjnyeja4ip67my2d663bpmf
bafyreidngceaumqufsz5pfcpzlx6fjnwkhs64eqbim2mvuq33j2nwxtpoe,2026-02-28,Co-working art stream in 10 minutes! 💫  www.twitch.tv/rawrypach | #vtuber,https://bsky.app/profile/rawrypach.bsky.social/post/3mfxgn3ga722t,did:plc:wuczuzsyl4zsysaroxbws2gv
bafyreibfgox2hyi3oq44juxi6x3s2inta2xs556667zvmeuucbfzq3pay4,2026-02-28,It's available on Severin Blu-ray. Amazing boxset.,https://bsky.app/profile/titsinscreenshots.bsky.social/post/3mfxgn3djbs2m,did:plc:zo346ru7rhvei43ic5l2kdll
bafyreibtysfnxlsx3adxxebuh6lvwto6g4gpgypxqte2z6xrwreq2qzt3a,2026-02-28,I’m so fucking tired of being mad at the government. I can’t do this for three more years. I will have a fucking stroke.,https://bsky.app/profile/undercoveremi.bsky.social/post/3mfxgn37je22t,did:plc:vjbqg5sftm2jfxtnphhz52ua
bafyreieju4eifjihs6jickais52nke3rr46dclllxil7u5hdlzuavbzlvm,2026-02-28,Link to the artist: www.furaffinity.net/view/64003065,https://bsky.app/profile/shadowdwolf.bsky.social/post/3mfxgn36adk24,did:plc:toncg2krajs2axjj7pds5xub
bafyreiafbouowra7pu2flg6jrmh5umhst2xshpiajfix4p7wu6m3vnstz4,2026-02-28,⬇️,https://bsky.app/profile/melodykayyoung.bsky.social/post/3mfxgn35wl22s,did:plc:ntgohpgdlxdfmsswm6h6qicc
bafyreifa76hpobxecjmjebuvzrm4jqh4nyzklo5gmxa5zi3jjiztd4zyha,2026-02-28,she's undefeated,https://bsky.app/profile/velvetiquegames.bsky.social/post/3mfxgn35eyk2f,did:plc:lstdblbm4f3ico6apg64hynl
bafyreiabcsvhnyrk72cna5jrwj75rniut4ozorxwoxhmdjkicszfzsakli,2026-02-28,BEST FILMS SEEN FOR THE FIRST TIME IN FEBRUARY PART 1:  BOB & CAROL & TED & ALICE (Paul Mazursky) DEEP SLEEP (Basma Alsharif) LIKE AN AFTERNOON DREAM (Lijo Jose Pellissery) LOVE LETTER IN THE SAND (Hisayasu Sato) LOVE ME TENDER (Anna Cazenave Cambet),https://bsky.app/profile/callinamagician.bsky.social/post/3mfxgn3556k2e,did:plc:gfa6qnneqdua6jqvqlcfq57i
bafyreifp5fl7sq7f7msl5wbzcchpcvvqd5owc6kqszkkx2qdsrmqw4xfke,2026-02-28,"Buckshot Roulette was MADE IN GODOT?!  I didn't even know Godot could make a game like this. Always thought it was only meant for 2D and isometric games.  There were other games on that list which have surprised me even more, Road To Vostock was somehow also made within the Godot Engine 🤷‍♀️",https://bsky.app/profile/springles.xyz/post/3mfxjxr45i22g,did:plc:5wv5v6gc3xjy2khmxww24gqg
bafyreibixec6prcjxsqjv3jbmc2g3glm4urz334fi6kyjqpgdvq7gnpf4i,2026-02-28,I would take Baymax over Buzz Lightyear.,https://bsky.app/profile/jason.parkendium.com/post/3mfxgn33ih227,did:plc:eutzelzskczq7yz6qivoducj
bafyreihflcho7nmbas3n5phzmt5i6zhw3fm45kb6jocabkqxkw7gydhmyu,2026-02-28,MAGA MOMS GET YOUR SONS ENLISTED TO FIGHT!  THANK YOU FOR YOUR ATTENTION TO THIS MATTER.   @penguin20212.bsky.social  @chickgonebad.bsky.social,https://bsky.app/profile/vespavixen.bsky.social/post/3mfxgn32ryc2g,did:plc:urlbpjo2lzkpcduxcccdwuqj
bafyreictaetu5yanq2nuk333xcpje3whyx3ntizgpoe6fect2bi6iu747a,2026-02-28,"‼️🙌🏼❤️💋❤️💋❤️💋🙌🏼‼️  ""Ah.""          ""Now I don't hardly know her, but I think I could love her. """,https://bsky.app/profile/browneyegirlhi.bsky.social/post/3mfxgn32pzs26,did:plc:6nqex5psu2kg2yzqhzhq6d7b
bafyreih6mad3nfnhhm4bcxutk3u4ttuqocpls3kls5xkynddmsf2jlid3a,2026-02-28,"Another #caturday, another morning of waking up and looking at the news and being like WTF. Bobcat, Sweetwater Wetlands #photography #wildlife",https://bsky.app/profile/jenbritton.bsky.social/post/3mfxgn2yplc2o,did:plc:dd64oxbfxxgyy6v6zgugk7po
bafyreid2scwmg6kh2qhpb3gzxwdg4hpiwaxw34wodlkih4ynmoyhqru7tq,2026-02-28,So down with this pose!,https://bsky.app/profile/spoogiehowl.bsky.social/post/3mfxgn2xemc2g,did:plc:sc34efv6xtqnuee47x22665g
bafyreid72j2v2iqolq7ecl5ruxcm3ivsgl74ir5i2omvypxvghx2rhgz3u,2026-02-28,Didn’t think of it like this. Hmm.,https://bsky.app/profile/lingobling.bsky.social/post/3mfxgn2xbok2o,did:plc:3au6ulqhzd7asafe73yfglho
bafyreic6le3fqw4zsv74t22pdysgjzujjrfeehkbspljk6xqm3cvsbjsae,2026-02-28,axel got to see nine inch nails live (and aster got to see them live for the second time this tour!),https://bsky.app/profile/cosmicdemon.bsky.social/post/3mfxgn2wjbc2g,did:plc:w6g6gdqxqyfkrbkthyoav7nt
bafyreibzf6dt2zvsmvlcv3ds3nvjxijcuvtqwyk5f5xopfaemf7fjbif6a,2026-02-28,"And you know what? I was savvy enough to see through that bullshit and tell him to get bent.  If I could do that, an experienced journalist like Bouie should damn sure be able to.",https://bsky.app/profile/evergemma.bsky.social/post/3mfxgn2sr5k2f,did:plc:kfla75xbdmcxrzl7zecjksi4
bafyreib2lgnjj2udikhpfdqtc55phl6wriwq4ltctodfflletzielyr34e,2026-02-28,"Timeline wasn't my point. It was that the world would be so much better if all dictatorships were toppled and its dictators sentenced to life terms. Whether in Iran, Russia, China, Cuba, Venezuela... Of course almost all far right and far left have their favorite totalitarian regimes. 🙏🏼🇺🇸🇺🇦👊🏼",https://bsky.app/profile/gipper2020.bsky.social/post/3mfxgn2rl2s2z,did:plc:o2vhxymxfrz4nii45nnvyyn3
bafyreiag7maiqfxovhqsnunoye4xfms4cpxmxqkwdi5mcixcjho4iktahe,2026-02-28,"Thanks for the shout-out! It's been great learning more about your world, too! 💕",https://bsky.app/profile/kiraofthewind.com/post/3mfxgn2pojc2b,did:plc:eai67oguq3rhbae5gxtboo4o
bafyreib3arjdztal667kalbpics5emy3p47eiicxeigstchb2cirbqob44,2026-02-28,Homophobes learning that Gay folks have hands is always glorious.,https://bsky.app/profile/ahmadchildress.bsky.social/post/3mfxgn2phok2i,did:plc:s4is4wtunnhhufrrgtmi3zj5
bafyreicua7nanduk7bkfblz4saeqnhdxh5fskqn7lfp4w2l2axm3ks6pr4,2026-02-28,They have put their hand in the hornet’s nest. It will be sad to see things unfold. Not going to be pretty.,https://bsky.app/profile/humandecency.bsky.social/post/3mfxgn2p6vc2y,did:plc:ylz3fvlrjtje6rzhbzhbeo54
bafyreicapqll4s2pzkjo6whqtm6oo746akv325ifky55fnhyjl75ge5jhm,2026-02-28,✅✅✅✅✅✅,https://bsky.app/profile/c4miles222.bsky.social/post/3mfxgn2oqak24,did:plc:6c4eapy77d3sp6nibcgimntw
bafyreiexjb3cbnxvnavwfadbbkhwdvbku4kdgilimjo2vk7ux32ktio4s4,2026-02-28,mark 👋 the 👋 vans 👋,https://bsky.app/profile/petbugs13.bsky.social/post/3mfxgn2md3s22,did:plc:nx5lvubxyt5thwmmlfo26vos
bafyreiad4yoepfa26a57j5mpiuazgd6tcah5glb4ptmiwv7fr7fwmcgdli,2026-02-28,Oh and thank you to everyone at the theater who sang along. Felt like I was right there in Mexico City ugh. It was amazing,https://bsky.app/profile/sleepyxluca.bsky.social/post/3mfxgn2mb5c2a,did:plc:qb3ulahp5gp7uchcu2scwneb
bafyreiawa4wgzyph4fqm3y4mm76iajruen7ztzw2ugp7ocgjleut6no3eq,2026-02-28,The real reason,https://bsky.app/profile/ttedrick28.bsky.social/post/3mfxgn2m76s2p,did:plc:ryck3y3n5y3ihhkkqav772ea
bafyreihob4ysfiepzzagwixiukd3wpdiybbpvbzcod5zixz3h3pqf3r7la,2026-02-28,It’s like #TraitorsUS tried the hybrid of housewives and gamers and it just does not work. They were on two different kinds of reality show and it negates the entertainment value of both kinds of each.,https://bsky.app/profile/dmbmeg.bsky.social/post/3mfxgn2liq22k,did:plc:eavefzxezztrvztaw4v64elp
bafyreibgz6cm5mdzngjeaz7c5glcypsodgxenz2h43mly7cl5y455krhwm,2026-02-28,"Much gratitude to you, sir! And as they say, ""What a day...""",https://bsky.app/profile/kirkedwardmitchell.bsky.social/post/3mfxgn2jl7c2v,did:plc:4d3uq4wojnwjy7t7ibew6uie
bafyreigmhpun4f5ozml32jwum3dvq7w7ytbkldfretitk3lzxtxpid5rnu,2026-02-28,It means nothing. Killing one man will not change the Regime. Insanity.,https://bsky.app/profile/ch5555-z.bsky.social/post/3mfxgn2hqmc2f,did:plc:pi3mglfcw2bnxcw44ivdlpxb
bafyreibwpmhsa42do25qahqe5nwfmxc7qiqiaekqba2pwhcwbfdyzeyy44,2026-02-28,Yo! The Latest tab on Twitter search has been down for hours today! Anybody having the same problem?,https://bsky.app/profile/mackenziewachter.bsky.social/post/3mfxgn2gogk2j,did:plc:4vsxed3kejnypoepjmxw5o6s
bafyreig6iqqmfsv3jubb6gfteojusb7x7o725t7pjcbkinc5i642ipvsne,2026-02-28,"www.aol.com/articles/lat...  ""Trump says"" is enough for me to doubt.  Iranian Supreme Leader Ayatollah Ali Khamenei was killed in a major attack on Iran launched by Israel and the United States, President Donald Trump said, calli...",https://bsky.app/profile/bye-byex.bsky.social/post/3mfxgn2gil22t,did:plc:gohmuzz4x7e2z4or2pkukkg2
bafyreibv2bbzlwpbtjmjorhhqq2voqrn2nyxlcolbvkkoagxc5l4wpuh4m,2026-02-28,Vic why are you so funny,https://bsky.app/profile/gestaltsea.bsky.social/post/3mfxgn2fmas22,did:plc:b76k53aahl6gnyhqqcqfqn5e
bafyreicmid6zlkkid4ilnoimo45mccwf5cb2xgn75okpu4gfwafbnco3pm,2026-02-28,although even a lot of Americans who don't directly support Trump still fundamentally don't believe that imperialism is bad if they can profit off of it. Democrats still did some imperialism. So the exact language to precisely encapsulate the reality is difficult.,https://bsky.app/profile/richardhans.bsky.social/post/3mfxgn2fegs2n,did:plc:dch5qufivny5ustkanvstp6n
bafyreievr5omb2pt4ni6q66cdzxsbxxevgplnq4r7btarvwiwhhvgklgfq,2026-02-28,“Not the weirdest thing I’ve been through… damn those sweats look good on you.”,https://bsky.app/profile/carolineb.worm.skin/post/3mfxgn2ek322j,did:plc:ew33gnusyfaw4lmtuj2gyng5
bafyreifybwhaad23g6kivk2rci4bf23mlqgubfknmz7deo7urtmaitbti4,2026-02-28,Baby! 😍😍😍,https://bsky.app/profile/tankofjank.bsky.social/post/3mfxgn2crgk2c,did:plc:fczg5xlsvkh3zzj6qc4fcuaq
bafyreiadxddo6np3iptxms7gqffuh2i35itsehbgowiatcojfm5mnajxzi,2026-02-28,grizzled old man who's been through the shit.   take me daddy Leon 🙌,https://bsky.app/profile/tazclark.bsky.social/post/3mfxgn2bzyk2s,did:plc:rzt4p5mgi55p7qmioqgfrvwl
bafyreid4yv6wcdjz62j22gp5cxkvg6hkwwh2x7vgntpnmkzjv4h3n5xajq,2026-02-28,🙈🙈🙈🙈🙈,https://bsky.app/profile/maljam.bsky.social/post/3mfxgn2avuc2s,did:plc:y3uqbuirapeupta72fgbywlw
bafyreicniovwtevxpdwhgfjzs3u6cbxcxr5ygi6un6xnnfa7t5swyrk5ti,2026-02-28,People forget the Russia built up for months before invading Ukraine and confuse them learning about it when it happened for it being sudden,https://bsky.app/profile/kantverstehen.bsky.social/post/3mfxgn27a5k2o,did:plc:hs3gldsfzo2gtxespk4ei5l7
bafyreiavjbzunuxstluunhccj6relwofze4n5lldbfu26d6uu5ceoc7b4q,2026-02-28,"I harbor no such struggle. Good riddance Ayatollah Khomeini, enjoy your eternity in hell.",https://bsky.app/profile/jacquelocke.bsky.social/post/3mfxgn2622s2c,did:plc:snxm6tkrdypcptyq3vt4onhq
bafyreiarss72wrceoqbfmg6zvzdxsm6fghskdr23jbohl34ts4uqi3mnty,2026-02-28,Oh for goodness sake,https://bsky.app/profile/ddrae.bsky.social/post/3mfxgn25z3k2n,did:plc:k4roswoynx4n3542b5cu3yem
bafyreiamjonfk764oyiayesxa7sgq4t5e4bvbddqeswpyfvfoq6gpyrjbi,2026-02-28,bsky.app/profile/adam...,https://bsky.app/profile/ouaisouaisdubuffet.bsky.social/post/3mfxgn25ta22x,did:plc:4ngwwfwbvco6aowuetudamcf
bafyreicfqa4wy4loiiowr2z3bjq7zjz4eziftkgeiywzjcjvtsbmwud4pi,2026-02-28,"It will never be that easy… & debate was wrong choice on my part, apologies.",https://bsky.app/profile/zee207702.bsky.social/post/3mfxgn25mfc2r,did:plc:nqvbsszberzwhgxgwzxdpxem
bafyreifoc5davz2lxfyidx5wbwmifb4rwgwabin7radd3myaqeg3adc4sm,2026-02-28,"I’m on “Let’s see”, too.",https://bsky.app/profile/tmwillia.bsky.social/post/3mfxgn25dm22m,did:plc:er5s2gaa6iztnctvwgyquldf
bafyreidupqmxuiaj6jcip5fimqyr76llia7nrgotmiiamvttxqxrnn7sfe,2026-02-28,Idk if it's the 6 planet alignment or what but the universe is throwing out some crumbs.,https://bsky.app/profile/demonharte11.bsky.social/post/3mfxgn23qt22q,did:plc:7ngkxkyyacgyfowngjx3u4up
bafyreibavvuaku5jgg4qcs5qdkxvkwyfhixjtqbynma7n44pulijlazlsa,2026-02-28,Tourach is a transfem now.  Discarding is girl boss behavior,https://bsky.app/profile/majinshinsa.bsky.social/post/3mfxgn23ouk2g,did:plc:jthz3k5jri45vu3ftfqw4q5f
bafyreie37ol4ebnohzwbffyjsldqmjm2uqxtxufqy63xdfpc7gwww2eopm,2026-02-28,"I was born here, some of my grandchildren don’t want too so it’s a big decision",https://bsky.app/profile/jerismurturf.bsky.social/post/3mfxgn23a7s2q,did:plc:a4evzdrngsgfmnkvcevwdhn2
bafyreif3y6bfsfxtex6ersz4wpzy3m2verh5iqfsgyd3v4y4647ndkyhci,2026-02-28,i Found a Woodland Mansion While Recording The Aftermath | FurF Wheel www.youtube.com/watch?v=ZdgR...,https://bsky.app/profile/furfwheel.bsky.social/post/3mfxgmzzx7c2k,did:plc:3pg46kxayftszqu3jozzo4xg
bafyreigjv4dgvvtc5jtt4fwmsfkfchtbzngfaxmoofmvyrs6pvexvgmr3q,2026-02-28,"These cults don't usually get mainstream because they hinge on the perpetuated misery of its members. The religious right has invested heavily into the narrative of the culture war because of this, reframing the calling out their abuses of power from actually oppressed people as oppression",https://bsky.app/profile/okeibai.bsky.social/post/3mfxgmzzwa22u,did:plc:jramh77dh5jfjukw2awij7qk
bafyreic5daiqyjdlarsm5dotvhmvjfl63rg6o6pkbl3mw57a35tqrlcida,2026-02-28,The lawlessness is the point,https://bsky.app/profile/expatriot.bsky.social/post/3mfxgmzzfms2o,did:plc:zi6vqnjderpa766p7rgidjky
bafyreih5a36pjhxgxglqydgu3p4zhobohqhxn72rgepe3b57kmcb2qa7ui,2026-02-28,Makes me think of,https://bsky.app/profile/stolussyhussy.bsky.social/post/3mfxgmzzenk2a,did:plc:fikuzoe7slxiingupalafvwf
bafyreiflqgt4of752l2fqgr74vltoqubwmokpyvm45s4m7nkrzlbajkzhe,2026-02-28,squawk?,https://bsky.app/profile/loskitoski.bsky.social/post/3mfxgmzwopk2i,did:plc:rb5lqwalxke36res7dl5dajq
bafyreigwqzqnmcqyovxml63x5fvphecbypivgwtd25tetsthn63vj5kw3m,2026-02-28,eyyyyyyyyyyy,https://bsky.app/profile/plombie.bsky.social/post/3mfxgmzuu4k2n,did:plc:qd7dw2vw5q32qxiwwivpz7qj
bafyreiegcqre5xghms6sbvligbtxkefjnqeircspgvdqljdkt3b63shu2a,2026-02-28,It's not ONLY a distraction. Rump was talking about this when he thought he had his past crimes neatly sealed up and Epstein was out of the picture.,https://bsky.app/profile/leerowan.bsky.social/post/3mfxgmzunbs2y,did:plc:pplth67jdkmhu2xt5g47drne
bafyreicyu366mdvilkypv4h7dtistv6nimvri74ut7kwo6rlzburq2qg3q,2026-02-28,"The father, Anwar al-Awlaki, had, at the time of the attack, been dead for two weeks. Abdulrahman was having dinner by the side of the road when he was killed. Obama never apologized, never held anyone accountable, and, as far as I am aware, never officially explained the reason for this strike.",https://bsky.app/profile/covencat.bsky.social/post/3mfxgmzugh22q,did:plc:mdqfnteag7s3ngpfm4f57k67
bafyreiafksacneiz3dv7qhvuqdgvcnaheqlt3ts7gc2x6mioh7aagm3jiy,2026-02-28,same its sooo good,https://bsky.app/profile/osaka.zone/post/3mfxgmzsunc2d,did:plc:wvlpy7dbsbfqsxkekqpumd7f
bafyreihdglvwrp5cjzgec7ictj2yeqcelfpdd4zq5ah5hrc6wkgqqpttde,2026-02-28,Well done! Time honored gifts to the hooms!,https://bsky.app/profile/boxersiobhan.bsky.social/post/3mfxgmzrnlc24,did:plc:ng6dhylzjjv2utkfoegjhffp
bafyreiem6qydyedbuctqu7sixbwhtotcoz5avejhly7jib7cjvuk3xt4le,2026-02-28,MAGA base will swallow any rational no matter how far fetched. They will willing die for their dear leader. We are pretty close to finding out.,https://bsky.app/profile/sanity56.bsky.social/post/3mfxgmzqhik2g,did:plc:wcgjojjtx5zultneukqttgsw
bafyreifxzp6ysbym4tohqm6yw5tpymfyiuvc2tgunnrdev6jqvknpjxufm,2026-02-28,"Ohh interesting! I’ve never thought about this, Justin did get a lot of hate in the beginning",https://bsky.app/profile/hannahbananner.bsky.social/post/3mfxgmzpp3c2l,did:plc:57odtuu7exupdccnrcolzt3n
bafyreiha2pfzlbgvd2dmdrslp3rm2ghz376xhvpb4muwnv76hice4vyad4,2026-02-28,bsky.app/profile/real...,https://bsky.app/profile/realitybites66.bsky.social/post/3mfxgmzoqsk2x,did:plc:ngrarc3pkghlrtxlxptfa62q
bafyreib5ra454aakfub5yt2jb475pvdvksy4vm7uxfxhubozdobhcf2a4q,2026-02-28,Final Feopardy,https://bsky.app/profile/debianxfce.bsky.social/post/3mfxgmznmoc2j,did:plc:4cfw7c6w6xcu74c6xu6c527l
bafyreihnvybzawje7xysfjjv7cdy7udql3xxvcauwuleoggxb77yzoflty,2026-02-28,It is generally not considered hard,https://bsky.app/profile/ajm6792.bsky.social/post/3mfxgmzlyw22t,did:plc:whu2w6ztwn6miwkdtfset3zz
bafyreigkwyomtlvyqghmixuafvnbmxstkem6pyfpenhcrm4jmt4tiaakqu,2026-02-28,🤣 🤣 🤣,https://bsky.app/profile/cookie1962.bsky.social/post/3mfxgmzlhdk26,did:plc:opbk2iwvetejew2emhu5gogm
bafyreie2ypewanpo4tsjmin7jos4z63zipjugxzhj7zyoqr762obsvu6ca,2026-02-28,Just seen him in London and it was *phenomenal*,https://bsky.app/profile/crd37.bsky.social/post/3mfxgmzkvr22u,did:plc:rtavcce6dezqirwl7zwj5j5b
bafyreig6rjjybqbjnhks32opd66arxadhmtf3q652mxnnvvxk3uuvk3efu,2026-02-28,I was replying to another post so honestly have no idea how it landed in that convo thread!!!,https://bsky.app/profile/cashmerecoco.bsky.social/post/3mfxgmzkqus2i,did:plc:z2nwmac5ghnram2s6f4htkus
bafyreifgzhecidmfkyx47lx7hbcbpljce3wwlfnbjzhsq6yhn4bzezrpt4,2026-02-28,,https://bsky.app/profile/therealflydog.bsky.social/post/3mfxgmzknx22h,did:plc:bfr3s6g2vhdhd2vsmh4vhjeu
bafyreihtxposr5kdrpak6g76y64klisd2mtbhn57lft4x7235fgh4vvbqe,2026-02-28,my EYYEEESSSS,https://bsky.app/profile/crumpllsaurus.bsky.social/post/3mfxgmzkmxs2x,did:plc:p3dgcnyiqg7wxjw5y6pnlkk6
bafyreib6uvqb5bmcpcrg44t47bxu3njxmnbpdacnsnuq3h4p7dfovx7x4y,2026-02-28,How could anybody get immunity for co-conspirators?,https://bsky.app/profile/nanalala65.bsky.social/post/3mfxgmzjop225,did:plc:5zzvbzra4es5dda6qhmdirvm
bafyreic3saf33arwkeznmhsmo3ivtcr4cmywhpwfr2oazsumki5m4lrhdu,2026-02-28,Bloody terrifying 😳,https://bsky.app/profile/alisoncitrine.bsky.social/post/3mfxgmzjpoc2g,did:plc:5lqumdg2bopr55zk3uuekhfb
bafyreiavvjjpqyxlj5dbac2zrumjotnhall4xbqy3uihtdigbdxyhdslce,2026-02-28,Mediocre men failing upwards.,https://bsky.app/profile/ninjacooter.bsky.social/post/3mfxgmzinik2q,did:plc:dgir44dxsumaehf64hjn26ce
bafyreid4s4wp5cem3pftxf3cqxz4pqndpkdyv2khfbjvu5j6kq5ydjzd7e,2026-02-28,They’re both systematically razing policy education and a daily cautionary tale about why we need policy education.,https://bsky.app/profile/samratner.bsky.social/post/3mfxgmzimjc25,did:plc:lzk6miqke6ahvkmdsrvoohq2
bafyreid6z27ygk73saljnnze3wwt6k6kqbl57ia7nmwutfn2v5msb6cwmu,2026-02-28,"I lived in Hawai'i in the 90s, was a solid size 12. I swear that every guy I dated wanted to take him to meet his Mama so she could ""fatten me up."" Yikes!",https://bsky.app/profile/exhaustedradical.bsky.social/post/3mfxgmzigns2h,did:plc:jewva62fylkfgl2hcd4burfs
bafyreidzg3eizzdl2noywx35ry6mzhlakkohan3jmgdmha642jj46s73oy,2026-02-28,,https://bsky.app/profile/deborah-10.bsky.social/post/3mfxgmzgg7c2u,did:plc:57roa3jfqpn5sylrer7ostoa
bafyreifsytydlrbld4pjcau33vbwctmbxdohstlh3n2t6syijt55o6r43y,2026-02-28,So...they just launched a preemptive strike to prevent the war they just started. They are asking the people of Iran to rise up after blowing up a girls school killing children. Im no expert but this doesnt feel like its going to work,https://bsky.app/profile/killerspud.bsky.social/post/3mfxgmzforc22,did:plc:2fmdhxcddpgnkeniq6cgpjmn
bafyreiedhiqqzxtyohgvs77omgtboyjenik7pkhnxga7wg4onx2xdfoxze,2026-02-28,Once again. Watch what they do not what they say. Everything they say is bullshit,https://bsky.app/profile/joshea31.bsky.social/post/3mfxgmzfkuc2u,did:plc:4qka2hidegxr7re4oibom7yr
bafyreigddeiguizmoy2gr2ob7r36pzrkbuch3kfp4qvownb7f4rkzhon4y,2026-02-28,"The letting shit boil in silence is working well until it isn't, and that's why I explicitly need to not do that while also not being perpetually overly aggressive and activated all the time as an alternative.",https://bsky.app/profile/mishazgreen.bsky.social/post/3mfxgmzefqs2w,did:plc:bsb2is6krjv53rackflyqnxj
bafyreicuppehd4f6r5gju6x54ooqzuxsqkkkmzazpmsgpupcxozndqzwwu,2026-02-28,Just hit me that the reason Japan isn't participating again is because they have the Asian Cup,https://bsky.app/profile/alleyezonme.bsky.social/post/3mfxgmzc2kk2q,did:plc:ctsxweabtv4scsro4hty4ql5
bafyreibmnxrhiafcphlxxl6qcvysljnbvdejpuhb2aegy5bfq6lr77inky,2026-02-28,emet-selch penis talk proven morale booster,https://bsky.app/profile/esa0314.bsky.social/post/3mfxgmz6la22x,did:plc:5vwcjeusvlell7tgzddmedry
bafyreiehue6vsnpro2ethda2zoys2ifgzevojmynqenddsfj7i3pgzrsri,2026-02-28,Watching an episode of Angels and Mr. MacKenzie from Grange Hill is in it as a PE Teacher AND NOW I AM ALL CONFUSED.,https://bsky.app/profile/chriso1.bsky.social/post/3mfxgmz56ck2y,did:plc:3hyzcsnxhyatqnrs2wvmrh2q
bafyreihkq7betqcesvpoct4c3reinqcl4xtf45ua5irj4lnwdjgmpgto7u,2026-02-28,✻Lowpoly VTuber✻ Wandering the labyrinth because a joke I made last night got me in the mood to play again. (Etrian Odyssey 3) www.twitch.tv/orgo_stevani,https://bsky.app/profile/orgostevani.bsky.social/post/3mfxgmz54e223,did:plc:lhcaxe4vr335xmi2b42rblko
bafyreibo7ogeag76iq5vrj7uqjbgsliez4hpdbbhzuvdaywkyxvcxeiukm,2026-02-28,open.substack.com/pub/briantyl...  True! Get ahead of the rot!,https://bsky.app/profile/ed2foot.bsky.social/post/3mfxgmz4krk2q,did:plc:rwklg6nssgi4xnr4bi2x6yfn
bafyreia4sdm4w5kceqwga42e6cm27dcx7wk5wqxqzq2exafc74dqcg5ajy,2026-02-28,Yea I really can't complain! Wore them to bed and it was really nice ❤️ but that just might be the breathability of the cloth backing,https://bsky.app/profile/starlightjokester.bsky.social/post/3mfxgmz3cqc2h,did:plc:5f3elynmclnsqtxjdqefpeym
bafyreigi2h5tm4lepvogbcs32petq6g622cmw6vyqhnpwlgncualswpghy,2026-02-28,💙💚😚😚,https://bsky.app/profile/iwanttoseelife.bsky.social/post/3mfxgmyzzps2a,did:plc:noqgjupbqcafodnji5m45z3e
bafyreieitf4jenkjhusze7cpdnyrsyhj23nvyle2yui4kfrcqgbkvqnuwy,2026-02-28,"you get it 🙌🏻 personally I was hoping we’d get marlon, but maybe clint will get a huge overhaul?🥴",https://bsky.app/profile/itsstillindigo.bsky.social/post/3mfxgmyvafk2q,did:plc:nuvn5gzb6aigf4x4dy3tkwm3
bafyreicghjevauhvngu3vanu2xy5gifngbaomgd5ttnhiyqm2gfglre2sq,2026-02-28,Definitely. It’s not a nice future to look at. Hopefully there is a point where we turn back from the imminent point of self destruction.,https://bsky.app/profile/rickodunbar.bsky.social/post/3mfxgmyrm6s2t,did:plc:cawhsne333g33icmqahytsot
bafyreibfmzswp2ixd5krg6fmpzbzo6sdghog62nnq2ftwuaypsvm5exlha,2026-02-28,@bruceshark.bsky.social look at my pretty little clover blooms! 🌼,https://bsky.app/profile/lanana421.bsky.social/post/3mfxgmyquqs2k,did:plc:l4y56p5e7ofj2zspucopqzue
bafyreicika3keeiiantrmpc25huimqbvfptqac4g45hnsen2zsbwnlsmcu,2026-02-28,"Feed: ""Tell-Tale TV"" By: Olivia Thomas on Saturday, February 28, 2026",https://bsky.app/profile/longtail-news.bsky.social/post/3mfxgmzrggc2u,did:plc:o6ggjvnj4ze3mnrpnv5oravg
bafyreia3zdagfumnylltwdaiu46cno2mkyuss2oaliq4g7qpq5mfpmsupm,2026-02-28,"2 things. 1, the BS about her being a war hawk eager for war in the ME was clearly a lie. 2, not outlining a policy that would ACTUALLY debunk this narrative was is costing us all right now.   All it would’ve taken was allowing a single pro-Palestine speaker at the DNC & she WALKS TO VICTORY.",https://bsky.app/profile/thunderstorming.bsky.social/post/3mfxgmyplqc2p,did:plc:r523xzfqq2mhdlqaiivs53ox
bafyreihszedas4fm2ue5r6js66nqdiowjtp3vuanwsv5yvgvpqijjtx54i,2026-02-28,I’ll show you mine if you show me yours 🩳,https://bsky.app/profile/msdarthmikeshair.bsky.social/post/3mfxgmyp25s2s,did:plc:5my5qxiumfsusluul7upbw3p
bafyreibxfupipyrdg4fucl2o4wqihtcknzgi3xrl5rsrf2tznpbpjj5sji,2026-02-28,"All these mobile casinos and sportsbooks popping up.  When will the market be oversaturated, if it isn’t already? Feels like it has been for a while",https://bsky.app/profile/sully07.bsky.social/post/3mfxgmyoeoc2e,did:plc:ebtaz3zux7djln44x2h72xn3
bafyreif5drjhstamwfmdugmhqll6osdzlkx2yo5l5xezjj2rxkxtq3geba,2026-02-28,All rrepublicans and most democrats,https://bsky.app/profile/galacticbutterfly.bsky.social/post/3mfxgmyoarc2d,did:plc:zetq4zxs35mturudfvonruuy
bafyreielcmgltusly5ixnmqyjnpuvxloxr26zcf2u5ppwitkm5dv4hmmle,2026-02-28,,https://bsky.app/profile/missourihashish.bsky.social/post/3mfxgmyo3v22t,did:plc:cqg5uwflrfsabelsf4qoyjzg
bafyreideywoasdqlhllw66vbkpxvbwx7uekqoem6i52ob4nyjl2gslzntu,2026-02-28,2nd run; ambulance at finish not that reassuring,https://bsky.app/profile/dimitridrekonja.bsky.social/post/3mfxgmynfgc2v,did:plc:yjpx63hz6neymowjvmozdx2r
bafyreiegeihv2d2qvxyizoxjgqzbdseftefkuvk33e65a7xhbpjdvkbk4m,2026-02-28,"I made a new mv ig You Send, I Receive is out!!",https://bsky.app/profile/starmatterp.bsky.social/post/3mfxgmyluls2n,did:plc:owpb544q7ics2zrqbfan4jqi
bafyreiej4rtg3wrzl2wxbszwlmceoxcp65pf6z6xnxqcz22gfxcak6xls4,2026-02-28,How snowstorms can trigger more dangerous flooding in New Jersey us2.campaign-archive.com?e=fcf74b8489...,https://bsky.app/profile/charlierichmond.bsky.social/post/3mfxgmykbss26,did:plc:qf326qqj6z6axummja52dzpq
bafyreidjhq5oug4mctgtxb2rvkx6v4krbvhgi7c5x2wrelz7dreytndoby,2026-02-28,"American liberals are fools. Just checked CNN. Jake Tapper is protecting his job into the future, waving the Trump flag in Iran. Why should he suffer Iranian innocents deaths? He's got a career to protect.",https://bsky.app/profile/vailalamadness.bsky.social/post/3mfxgmyjkes2n,did:plc:by7tbosrzfzztcgryxwo3els
bafyreie5yfowl7pahlwvofsyshkqwzc3hat4v7vbrgjif564sxf3ggxwwm,2026-02-28,Submitted my first #pbrisingstars application this evening! And wrote a draft of a picture book. Phew. What a good day for writing!,https://bsky.app/profile/shannongilewrites.bsky.social/post/3mfxgmyjle225,did:plc:7vyy5hxeonvopjh5bqtuytyk
bafyreigioasdn64n26all2xbgwyod432bg7chrxvi7ntuwd5ufuziuztra,2026-02-28,I don't want American lives lost because of a man who refused to serve.,https://bsky.app/profile/huskygal.bsky.social/post/3mfxgmyiysc2f,did:plc:geod2looqraajj7rejvrtpg4
bafyreib7hrt5pu2fcv6wqtx5anlt4kddhzx64xsynz3gn3t63vr3i7gkk4,2026-02-28,"Put them in your contacts, local offices and DC office.",https://bsky.app/profile/kendrawrites.com/post/3mfxgmyibec2p,did:plc:tbezmmltvdtjthfeaftfoop6
bafyreidqx333o73e3w4vfn63hyd25ls7vvopbf7ojx7i2ybblqost7ccmy,2026-02-28,no hawk like a lib hawk! they make Karl Rove look like St. Francis,https://bsky.app/profile/rohmersimpson.bsky.social/post/3mfxgmyh67c2r,did:plc:rcpkzi26yhxfnhm5uy4lmcqe
bafyreiay6a2fq6phefqsjb5et3bavqdaafrztsmxzxhyhfrdejupl5np34,2026-02-28,I'm partial to paralytic shellfish poison and a sealed sensory deprivation tank.,https://bsky.app/profile/nightmarefixer.bsky.social/post/3mfxgmyf5qs25,did:plc:r5fto47twsladcfwozw7ibce
bafyreibolgfd6zgqzciwxalbxn2b53wo4igv2f36xcxlou2owv7rmeeq5q,2026-02-28,Trump is a killer.,https://bsky.app/profile/fierceindie63.bsky.social/post/3mfxgmyeyuk2b,did:plc:lvslxxffoe6o63ryey5efwmg
bafyreibn7olqu24yolltauxukx6cmran7kczew5mmw6pibfrb3gkfa7mnm,2026-02-28,Amateurs.,https://bsky.app/profile/flybynightdad.bsky.social/post/3mfxgmyep422y,did:plc:faqnpttxu5vo4doeoewia6z5
bafyreicklujvou22klpqla6feudfhxinbhhxulejixoalnokxtpqz7sasu,2026-02-28,it's 6pm I'm not drunk enough for this,https://bsky.app/profile/maxkarl.bsky.social/post/3mfxgmyedf226,did:plc:7eeuwsn6nlknq376akyee35v
bafyreiayo2hhvqioosjxkfauepihvg2oo3nkosrqpyuzdz7zobqic2u3oq,2026-02-28,"Thanks for your response.  I’ll give them a go and let you know.  But an entire cup of Nutella, although delicious, seems extravagant!  (I’m a pensioner…will have to wait till pay-day!)",https://bsky.app/profile/choz51.bsky.social/post/3mfxgmyduqc2k,did:plc:oeodpd7opbkqk5y7x6kzqjii
bafyreihfjwjwcuaonwf2k2fap3epjljonscuslpjvyw3cmediziii2xtta,2026-02-28,I forget. Was that Bush or Shrub?,https://bsky.app/profile/gorenielsen.bsky.social/post/3mfxgmyby6s2r,did:plc:wlji46y6mchusvkwvtwke6wy
bafyreidpz6ljzpamul227dui6ttthxv7sjitdxfcwphufasb2c7duuoieu,2026-02-28,current mood,https://bsky.app/profile/halcyandaze.art/post/3mfxgmya3nc2h,did:plc:za5fxeikvygtrerwr3czhbgq
bafyreihyzwu3ivu32z42f74ao3vlyrhdw7krvtojadhloajc6aooxjszau,2026-02-28,"Yes, but for the Israeli military it’s just another Saturday.",https://bsky.app/profile/jim0novak.bsky.social/post/3mfxgmy6ops2n,did:plc:dius7bvwb5gipwgdultr6yqf
bafyreia6zcjizltyijd66sgvsr2bm76cnafv6je522ybtwa2tu6ydrxq7u,2026-02-28,LOG OFF NOW BEFORE IT'S TOO LATE,https://bsky.app/profile/charles.capps.me/post/3mfxgmy64622f,did:plc:ellv5wkbrfk7l4kp2ms3ad7v
bafyreih6hcenuxxh7qbw6qki4tz5lwwumcjz3ebbiy3c3guyzslaaziyme,2026-02-28,Gurl u ain't kidding.  Sent that exact question  to Hakeem and Schumer today,https://bsky.app/profile/boricuabc2.bsky.social/post/3mfxgmxzkns2r,did:plc:suktwsyns2idmomrfwmlpjxo
bafyreidydmymsmhjenpw2rjbmqntjjqos66yfpzosktbi6pkclisshq65a,2026-02-28,I don’t wanna name them because they have my alt but 👀👀👀 I’m sorry 👀👀👀,https://bsky.app/profile/rigormortisxd.bsky.social/post/3mfxgmxz5xk27,did:plc:v53rp2xw4asfyxzlgtigxsng
bafyreiflwoabaq65ljcxvxsamopxsdduvmkj35625dszk2qkynqxmroc7y,2026-02-28,"Read ""Every country Trump has attacked or threatened in second term after Iran struck again by ‘America First’ president"" on SmartNews: l.smartnews.com/p-7fzD7xSw/g...  And This Piece Of Orange Shit Wants A Nobel Peace Prize!?!?!?😅🤣😂🤣😅😆😁",https://bsky.app/profile/mayoljr.bsky.social/post/3mfxgmxwouc2h,did:plc:h3cewj74blssssl3uw74zcqn
bafyreickaiagsveqh2m36uch35g52dtjpruhrlz5jm5cszmd6fks4pg334,2026-02-28,Is the belly for me 😵‍💫 😮‍💨,https://bsky.app/profile/pilsburryfitboy.bsky.social/post/3mfxgmxwlwk2w,did:plc:trfe4ppuahpjsgdyh5tvucid
bafyreidrv76esplwfyotdatk7kemuewjep6xauzzc5dmvimpxqbmwefjay,2026-02-28,"Tonight's stream is being moved to tomorrow (03/01/2026) due to unforeseen circumstances. Same time of 7 PM EST, and same games. I hope to see you then!",https://bsky.app/profile/mplovelei.bsky.social/post/3mfxgmxvnns2c,did:plc:6pj63f5d5raqncv5lvuck6sv
bafyreice5qbfzqiexldef4jo5chq27bygg2i5wraha6vyusrz6tcwu5r4m,2026-02-28,Omg cute full art Iono!!,https://bsky.app/profile/uchuutami.bsky.social/post/3mfxgmxumhc2h,did:plc:zvtzvowwazykhavaw474fljx
bafyreifpe7qmlfmsgmwqb3k3cupslnw7wdb4pvdc6i4lrkjtkzdbect7v4,2026-02-28,how to fall asleep when you can't stop thinking about stuff,https://bsky.app/profile/lycheeistiredfyi.bsky.social/post/3mfxgmxtn7c2g,did:plc:wrr73ryzn7dzbz7zr64m7pv5
bafyreigcji7bfbcoml5ewc24zreg22kehcsvfcydv5gmwavrde5tqveomu,2026-02-28,At my first Lacrosse game. NLL seems promising enough.,https://bsky.app/profile/expodragon.bsky.social/post/3mfxgmxto6k2s,did:plc:krqa2rdjkvmaez5m3tebbpe7
bafyreibgnwaq6hfmrx7mbwe44j4md2uxz2jl567i5im2uzemfisc4j2r64,2026-02-28,I love this so much lol 😂💦❤️‍🔥,https://bsky.app/profile/beerman63.bsky.social/post/3mfxgmxt4m22i,did:plc:zbhbxtyzipi7m3snxjksesil
bafyreiexqd7glh3bxazpc6dtuz4rnt3m4stcoq35dwily5nxt3jw7c25su,2026-02-28,"Sánchez punches out four in two innings, Harper homers in WBC tune-up philliesnation.com/2026/02/phil...",https://bsky.app/profile/philliesnation.bsky.social/post/3mfxgmxsmy22x,did:plc:tb3p5h4pgti2v4xdtvady6ro
bafyreib2fpzre6hm2erqwybxk7oanymwxqzov6xkinguxbheje7vhr62cy,2026-02-28,"I get that. I was incredibly nervous the first time & had to remember to breathe. But the staffers I’ve spoken to were really nice. It helps if I practice what I’m going to say beforehand too.  Now, after a zillion times, I don’t get nervous.",https://bsky.app/profile/noisybrooklyn1.bsky.social/post/3mfxgmxse6s2a,did:plc:szcmcvejrxaaljsvxk7kbs7i
bafyreiekhpwpithwfiiidis6efelbrq3aweayy36p6wez4dwhcg2at3ydq,2026-02-28,She's home finally!,https://bsky.app/profile/blubat.bsky.social/post/3mfxgmxrpok2w,did:plc:ba7233scoescjyveel3wrlyr
bafyreiedv6bskhjtfmrecfmorxyrpdv543kuieiwduyiidfymddmfaz7iq,2026-02-28,"They meant to give Lucas McPartlin the Roman Bürki footwork tapes to study, but there was a mix up, and he watched hours of Manuel Neuer instead.",https://bsky.app/profile/hornekerjustin.bsky.social/post/3mfxgmxq4vk2a,did:plc:t6epijc7phcaaci3kqmeadhs
bafyreifmlridsqavvblaumr6bm4cctda2uh4fq452dyb3siphuyyvypdda,2026-02-28,Socks at home  Shoes for outdoors  Boots for cosplay,https://bsky.app/profile/lupinjay010.bsky.social/post/3mfxgmxq4vk2k,did:plc:xy36l5ozitxzwtb5pbpkodam
bafyreibzml7ztfnfxaipfb7b6ud7m4htl3rhj2c5u4n44w36ztp2bagd7a,2026-02-28,"One thing that DID make a difference was CBS not airing Colbert's Daily Show interview with Talarico.  It gave him unprecedented exposure at a critical time (right before early voting commenced).  As others note, Talarico's faith-based approach to campaigning appeals to many Texans.",https://bsky.app/profile/purpleheyzee.bsky.social/post/3mfxgmxpjek2p,did:plc:4qidfxm4gvpsw55eilwb6h3f
bafyreihrmkvlwb72mghlyibyg6gkucmjwfmhvpnifxzq4ttvm7b76xf6cy,2026-02-28,(SORRY FOR THE ESSAY i just love Azura and her future CYL alt has been on my mind ever since she won 🥲💙),https://bsky.app/profile/sonicherosfan.bsky.social/post/3mfxgmy6xj22a,did:plc:oepieqwxlwb5pt2comr624s6
bafyreifcjuwb3r52pe2xjbluigeui44u3a4bfnlxqozojolgnnna2ldjgq,2026-02-28,"a Strategist... L!Azura's outfit kinda resembles Arete's outfit motifs already kinda, but it'd be sooo cool to see it ""retranslated"" with her using a stave yknow?",https://bsky.app/profile/sonicherosfan.bsky.social/post/3mfxgmy6ulc2a,did:plc:oepieqwxlwb5pt2comr624s6
bafyreihlldplyvhfeay7v7ol22lfaabv3flydkosj6jcji6vsfjs24t2ii,2026-02-28,"Stave!Azura would actually be so good... her secondary class promotes to a stave user (Falcon Knight) but she also has a ""tertiary"" class as a Troubador! Mechanics-wise this is only important re: 2nd gen class inheritance, but it'd still be neat to think about!  And then there's her mother, who is-",https://bsky.app/profile/sonicherosfan.bsky.social/post/3mfxgmxodbs2a,did:plc:oepieqwxlwb5pt2comr624s6
bafyreifzjgkku72qk3x4qbsqmqwlcydbzld6hdyovesqz6ohylplnh6ocu,2026-02-28,"End #homelessness. Begin #civilization at long last. And we can talk about becoming pretty good and then once we're there we could talk about great. These are worthy goals. Homelessness, and the cost of it, can be ended in no more than 5 years. If it takes 10, would you vote against it?",https://bsky.app/profile/misskitty.art/post/3mfxgmxnc3c2p,did:plc:hc7tndm7gduompba65aps75k
bafyreifepoj43nxf7xovwv4iigddc4kdjvv5kn6mc53r2g4323bhb5m2pq,2026-02-28,"That's actually how you solve problems. You think biggest possible scale that you can, and if you can understand that scale, then put things together. #Solve #for #all means that the problem doesn't exist anymore. That's a #solution. After the four we don't care about the two and the two anymore.",https://bsky.app/profile/misskitty.art/post/3mfxgmxmxdk2p,did:plc:hc7tndm7gduompba65aps75k
bafyreigz62ve2tznjjp4brvsgnrlfsyhiyfo7caxgwgoiqbv5byvlxu32a,2026-02-28,#Mind #technology  #Solution #thinking This idea that you have to solve a problem and then you have to sell the benefit of solving that problem to somebody so that you can have a financial transaction after you've had all of the NDA signed and that crazy shit.  Ludacrious. #Solve #for #all.,https://bsky.app/profile/misskitty.art/post/3mfxgmxmgqc2p,did:plc:hc7tndm7gduompba65aps75k
bafyreief2ungx2hot4ij3armllzazlw3ruj3cvukg74dv76l2pppohp2ey,2026-02-28,Ryan grubbs,https://bsky.app/profile/manisealiv.bsky.social/post/3mfxgmxkiac2p,did:plc:d3cvvbqumru6nvy37e6beie3
bafyreig2nfjni2khkpv2ilc6kezxrstwbgfv64rqgbjgc727lml5ky2w2e,2026-02-28,Thank you.,https://bsky.app/profile/wnwagner.bsky.social/post/3mfxgmxjsqs2c,did:plc:3gftjhxovla4oux7ivqvw3nt
bafyreibc26c7zuep7gg33cl7envovmyuiuj2ygx6w56z4fmw3pco2j4mhy,2026-02-28,"Of all the competent people in the world, Trump has consistently managed to find the most incompetent.",https://bsky.app/profile/honeyforty.bsky.social/post/3mfxgmxh5s22r,did:plc:sw5q2w73ydccajluhsfenlcg
bafyreiagdoxpvjf6zxljcfu2kk76it2sixssmjfnor2gjmmu5hf3xgrm7e,2026-02-28,Imagine if Saber was in the mystery crate,https://bsky.app/profile/frizzyfox.bsky.social/post/3mfxgmxfwq22z,did:plc:aq5fschdzlr227njnli6ygu2
bafyreige7ye54j2qub4nlevwkgknknkwpnehbdqqd55ariel3oih4xxuf4,2026-02-28,"Big Boss Cross, of the historic Seattle rap group Jam Delight.",https://bsky.app/profile/novocaine132.bsky.social/post/3mfxgmxgo622v,did:plc:r6skfdk734on36pk5oxrhvqw
bafyreid3zgsldrzufhqvxm3kkw7efv6nqls65zcgx3og3xpw4ocli74bhy,2026-02-28,Doodles will be provided via photos of the post its! Doodles can be whatever you want!,https://bsky.app/profile/dandy-tender.bsky.social/post/3mfxgmxdkkk2o,did:plc:wvn2ikjffxnsdjhrxjti4wh6
bafyreibhvrx6enm7p6ulf4jpbrlqcqdhxutllxf5brcul3gv5pzf6pwobq,2026-02-28,It's a sham,https://bsky.app/profile/mia-sade.bsky.social/post/3mfxgmxbtuk2b,did:plc:foe57llwjdtryrnolw7ue3tj
bafyreiakmgnq6zaxnlbf6d2r24kuf23knrycpbivnzzwdowtyjcqsobgbi,2026-02-28,5&7,https://bsky.app/profile/leebarrx.bsky.social/post/3mfxgmx7xd22e,did:plc:irx5iiy5snxucw2iyc74vykj
bafyreigavnru47ywywf2dvl4s37bed47g7jvffs2yqomhalhfanisojmji,2026-02-28,University of Waterloo is leaving Twitter. We need all Canadian colleges and universities to do the same if they're still there. The Canadian social site Gander would be a good option. 🍁  #edusky #canada #education,https://bsky.app/profile/hellobonjour.bsky.social/post/3mfxgmx7nkk2w,did:plc:mlimbtxuf4wyxwvtb2fm7yur
bafyreiaxsz2jbuse7vcroeqxpad3dtx7bfrhvq3df2jnfqw6mygfyk3nhu,2026-02-28,Whens the last time you just sat down and beat a game over a weekend and still got other things done. That's one of the many reasons I made DropShot.  youtu.be/m4OksMrPXEU?...,https://bsky.app/profile/aerialknight.com/post/3mfxgmx6x3s2f,did:plc:s65xuua4vjbprajzfqiei6j7
bafyreibroh72lfgporzipm6o4ma7qn7lunwhko5nvud36egbmzilcwls5m,2026-02-28,"finally last day, after this no more... did i unlearn shame? kinda not, just kinda a bit more open to initiating stuff Well that aside, things i wanna do, draw more, maybe make a doujjn, definitely make more shit in general, maybe a game, for now tho this my final message goodbye",https://bsky.app/profile/oraciotheduck.bsky.social/post/3mfxgmx5hak2s,did:plc:6u3r7xn2rrykprcnrpwxr2rm
bafyreicbus33zdhsp4jlenzzyjjmworpjgbzvan3mxtlgi27d2kr5d5ime,2026-02-28,Watching Argo since it seems relevant today.,https://bsky.app/profile/ode2daapple.bsky.social/post/3mfxgmx3hrc2q,did:plc:mpemog3hybgk66jbagwqynbp
bafyreiclakuprbqalmpesuksje5ru3tksnn5viosdplhurwusrzryk6eci,2026-02-28,"Now playing on 91.3 Ayclt FM: Red, White & Boozed by Moonshine Bandits/Colt Ford! Tune in now: https://radio.913aycltfm.com/listen/91.3_ayclt_fm/bluesky",https://bsky.app/profile/913aycltfm.bsky.social/post/3mfxgmxgfli2c,did:plc:osgbq7gwpy2jhi6urpjcnlw7
bafyreibirn3vuqd2xio3zkhly5h4rtgvau5wan5jbvcr4dp3o3yjpwlu6i,2026-02-28,"FAFO MAGA-land...take a deep breath, you won't suffer as long that way... www.livenowfox.com/news/polluti...",https://bsky.app/profile/donjorizzy.bsky.social/post/3mfxgmx23t22t,did:plc:salxo5c5lar6uf5s2e2zaogm
bafyreieutww7wu7bhyqk35et3im6jtuqdmojtxplaf2ilvyhvztahzevzy,2026-02-28,When you so character brained you see the emoji 🎩 and all you can think about is your own obscure pookie that literally nobody else is thinking about (except my boyfriend but that's cause he matches my freak),https://bsky.app/profile/monstroxtremo.bsky.social/post/3mfxgmwuxr22j,did:plc:dylh6tobfxilhbl6z5ichzg3
bafyreiaf6ruqki4zxtjrqbnrftqi2m7ahoty2gkcffojbuzvbsktlrmqzi,2026-02-28,"As a working-class student from the regions, this narrative really annoys me. It's class coded and can get in the bin. We all deserve the full campus experience.",https://bsky.app/profile/drjpersian.bsky.social/post/3mfxgmwrlec2d,did:plc:ylys56lp6uewlew3ftst7qmh
bafyreig47mnu2nxuoebmznawfgfpolhc5udv2bqn63dfzyr6jezil5bszy,2026-02-28,Good morning Annie. ☕️🐈,https://bsky.app/profile/robertarnol.bsky.social/post/3mfxgmwnqcs2r,did:plc:gdilmqrjv4usgydxw5v7u7xt
bafyreihjxpbwpsryfa43y5oklnpqfi6pboazdgaztur2a5dw7l5mivxlya,2026-02-28,"What letter? (Or should I say which, since almost everything he writes is insane).",https://bsky.app/profile/enoughofthis4.bsky.social/post/3mfxgmwmibk2x,did:plc:4hivw7wnsol3ddgc5xnwril5
bafyreif3zwej3zekyfzrlgc2h4prqusv245vigfc6js6tgieprzkkhcwja,2026-02-28,"yes, you can call them their nicknames if ya want to. if it's easier.",https://bsky.app/profile/twinalang.bsky.social/post/3mfxgmwmeek2b,did:plc:rpdicqgbroiwckocf5uqx5t5
bafyreig7e4iz3kqjtbsjz6n4squnkmgxdn4okp36kufl3pczbkaxvfedje,2026-02-28,meek already made me mute coleslaw months ago so I think I’m good for now 😂,https://bsky.app/profile/jessijeannie.bsky.social/post/3mfxgmwl4dc2m,did:plc:zq6jd3j2nibxwkmmsub6xcxv
bafyreigrswqt2k34axoch6f25ek7o7jzhhumpsyz5pmvxhov36hctrc53u,2026-02-28,"Nipped out for a Bathams beer tonight, the pub was popping with bald guys and a (flat) Elvis impersonator, his tween daughters (I assume) handling the karaoke, one of them belted out a truly FLAT Mr Brightside a little later, hashtag scenes",https://bsky.app/profile/gustavgnahler.bsky.social/post/3mfxgmwkygc25,did:plc:3hlni4ia5fow5vrzzcmfd2bx
bafyreidb5zwcsj332kzfzr2pv4t7mrt62trishkfolyylur7eqgyvgbwma,2026-02-28,Awwww 🙁😔,https://bsky.app/profile/atalossgirl1.bsky.social/post/3mfxgmwkfuk2s,did:plc:nnzjdpalnl4ggebutakk5dlq
bafyreihp62jxhbdxuv3irkv5kfciaomhm7oopwacufl3lfcwnpdevmcw2m,2026-02-28,Then proceeds to blackmail and gaslight the rest of the government into accepting the cuts.,https://bsky.app/profile/vanoskuro.bsky.social/post/3mfxgmwihek2q,did:plc:bgfuxjltg4qyxxqgnfj3qevn
bafyreigntf3uy2b44ei6cmnpcn5zdy7nj3n4tn456si7ib6wjqxeuzeqqe,2026-02-28,My pleasure Joy! 💙,https://bsky.app/profile/ladybug014.bsky.social/post/3mfxgmwezyk2e,did:plc:csx7ak6ykohv7bkmtzkbgxm6
bafyreiflj5rifr2azpypbvg4bpyynamg7cq22s6s6za2lfv6hoshhrpxxq,2026-02-28,bsky.app/profile/silv...  Boomers.,https://bsky.app/profile/keblaster.bsky.social/post/3mfxgmwcwmc2m,did:plc:lo4eusl27l73dtu77rrpbsr3
bafyreig3fvmvvgdttxyleq2vnqcrdp6vpecqj6r5dqg33y3okmztdgookm,2026-02-28,This is going to basically be WWI replayed. The Balkans were the powder keg of Europe in 1914 and one man’s assassination set off the entire thing. Now we have the Middle East that is arguably the world’s powdered at the moment being set off over one man’s alleged assassination.,https://bsky.app/profile/jer1190.bsky.social/post/3mfxgmwcgyc2t,did:plc:xitid3ydmkfbpat3s3cktsoj
bafyreia6q244gx65wfgafyagi7zffsompdphgdyrqnx6vhi2wl7k3c3gba,2026-02-28,This is a fucking important question to ask!!!,https://bsky.app/profile/nailsthatglow.com/post/3mfxgmwc6722h,did:plc:stac7shjgac5iqnzchr66brd
bafyreibx3xtfc7ebkdsgqgbly3idkxoi2qleznh7trcnmebxofxvecqqcu,2026-02-28,Meowskulls 😼 #Meowskulls #FortniteArt,https://bsky.app/profile/nipowasaart.bsky.social/post/3mfxgmwc76c25,did:plc:bblr3h23jxnwvdvwubpwpey5
bafyreibrsoq2d7hk3a25wwckfv7s3aet6kputcdfavdksw4b4ure6szes4,2026-02-28,"GAMER: Jay Johnson dusted off an old defensive alignment that hadn't been prominent since 2023.  Against a lefty at the plate, Milam played 2B, Caraway shifted to SS and Simpson was at 3B.  On why Johnson deployed the alignment and what it means:  www.nola.com/sports/lsu/l...",https://bsky.app/profile/kokiriley.bsky.social/post/3mfxgmwbxec2q,did:plc:m6kgtldncn5qe2gu7ztahcjx
bafyreifh42e3kwdruqxld6gnma4o4azx6pbldsg2ppmcxmexvexqzyebcq,2026-02-28,Sore and sleepy after a lovely ski day ⛷️,https://bsky.app/profile/meld6524.bsky.social/post/3mfxgmwbthc2b,did:plc:ds5moseigdcknpnqejo2vhi6
bafyreigbop3m66czoebjgnwhgtnwrathcoqoegl4kgld5ncwfftnmhex4q,2026-02-28,"This might be a controversial take, but I think that conducting yourself (or a country) like a belligerent asshole is bad and wrong.",https://bsky.app/profile/pisswizard.bsky.social/post/3mfxgmw5yfs2j,did:plc:3kjq4g7y2mwns5ew5gd2ygk3
bafyreiep63h57yuimweqjl5ism3xc4jzwdmjnvy63u35lkpcclmw2n3rye,2026-02-28,"I would say I took my time with my first playthrough and I still finished it today.   RE games aren't exactly long, so I'm not sure why some people get so surprised when you finish them fast 😆 another playthrough incoming though for sure",https://bsky.app/profile/xxpagzxx.bsky.social/post/3mfxgmw56222q,did:plc:3jyzfkrcpy6cfcsuqrk4thfp
bafyreidbdsjdapvicgudwdzomq3ky7qfr62zkikznr6vjw4gb7l5luc7o4,2026-02-28,www.antennasearch.com,https://bsky.app/profile/lorimz.bsky.social/post/3mfxgmw4lic2b,did:plc:jqnqparu742cc4bi5se6wrpb
bafyreiamwbk6lclctpmltlk6rvgx6m2qsdjd6x23nuzzsqnu3s2f5q7v2a,2026-02-28,Goodnight,https://bsky.app/profile/royalmail.uk.net/post/3mfxgmw3mac2t,did:plc:r3t2tbjs7e5di4icxyqf7nh5
bafyreidcimlwclsngp7gkk4ovduu7sye5xrpbxf4ddkfdfm3rcnndxfhkm,2026-02-28,A stop the war protest in Chicago  youtube.com/live/79Ubh-T...,https://bsky.app/profile/openpodbaydoor.bsky.social/post/3mfxgmw2ypc26,did:plc:qtqguwwyfiaidcfxuncanbky
bafyreialzodexh5lg76wd5nusdlrvfmxsr56ucgtwmnkugxiixmlg4t6sy,2026-02-28,My Chamber predictions:  Rhea AJ Punk Cody Either Danhaussen or Simon Miller.,https://bsky.app/profile/poppawhitelow.bsky.social/post/3mfxgmvvnsk2z,did:plc:iyojyqzstdlslpdzpa7xkc7e
bafyreifowvqdh2nqgrjaoj5ekvrre6p4pvdib4meotlvqax5pe4p7rdkxm,2026-02-28,#Top11alarrache The Doors  Riders on the Storm Alabama Song People are strange Love me two times Roadhouse Blues Love her madly LA Woman Strange Days Break on through The End,https://bsky.app/profile/sidobulle.eurosky.social/post/3mfxgmvvkus2t,did:plc:3ispec6vbec67j6uyuvxspgz
bafyreihgvxoec5trcme2qtkk6iigj7qlnvkbhjssxe6ivjuuxtwei7k3gy,2026-02-28,www.tiktok.com/t/ZThnYN5Rw/,https://bsky.app/profile/denveraztec.bsky.social/post/3mfxgmvv66k2w,did:plc:tdmt7rpmcivvqaie7nlhtmr2
bafyreieqi2xfufeacjahv5iuxzkrs5t33y5ppbmlryp42yw4tfbcwqvg5m,2026-02-28,"Even Cheney and Rumsfeld had advisors who understood international law, understood diplomatic language, had the information literacy to follow intelligence briefings etc. That used to be unquestioned.",https://bsky.app/profile/maetl.bsky.social/post/3mfxgmvv57c2g,did:plc:nvbwzbwl6wwhi7kjjkbs7jvv
bafyreihqz62u3vpsaxnl2z7wgifzit43lsiduul54mpsd5xgqpqsddlswa,2026-02-28,Kat A has been my goat for a while but where tf did this interventionist stuff come from? It feels wildly out of character. Is this a low-education moment about a complex issue? Or is it another example of the limits of dem-soc ideology?  Too many leftists still believe in US policing. Step back now,https://bsky.app/profile/nrdkmaus.bsky.social/post/3mfxgmvues22u,did:plc:w6sfhnnhky65vhuljf63y7w2
bafyreicj3ynkx7r5lzfaqqyxjbbwxwsn52ac5v7yy6brbvmhfeb3osiwya,2026-02-28,I'm watching the new war,https://bsky.app/profile/thereminwar.bsky.social/post/3mfxgmvrupk2d,did:plc:wmn2uilfgr24cpiys7co7d7e
