Headline (CID),Date_Posted,Post_Text,Source_URI,Author_DID
bafyreidcedjlg5llxlgyj3kdcjzqun3msbztzzseep5hgpvc7pa33dfuge,2026-05-16T21:44:53.797Z,Norway was definitely up there,N/A,did:plc:c35u6szkuzpgltgpenxsbo3h
bafyreifd63mwf2pwr6w7ixvhjvb3uwd4kq5ersbkrtdqdgxjitkhnimlyi,2026-05-16T21:44:54.203Z,That’s amazing!,N/A,did:plc:tf7gad6h5xalbu75x3akxckn
bafyreicfywr2vj2pscrdrt36gqgv2txzvqsjbv4nueelbwyebzvqcoahya,2026-05-16T21:44:54.690Z,It's only gotten worse since they lost funding.,N/A,did:plc:iwtjeb6u5thhmbxlxnxr5uva
bafyreibtlatvjd4ymp4nisxypdt6majajrgsbzvtpy7qpocqutko4fekqq,2026-05-16T21:44:53.901Z,😂,N/A,did:plc:rwwzozm4e7yrijf4jmwmheog
bafyreif3r2zsguj2kzel5qfq3egzonafpk33c46efr4kf2efg445cmrb5i,2026-05-16T21:44:53.954Z,Idk this might be the results of getting his head kicked in lmao,N/A,did:plc:almysdpdom53dehrsmk4vblq
bafyreib43wzn5ahzfft2uiignxkazneik6bhvnkeuicmdvdt3dvjlbb5iu,2026-05-16T21:44:51.031Z,Gas prices are up another ¢.07😑,N/A,did:plc:vb7r3dtx46i63wgyk5jf4yvi
bafyreid7sihux2qiraf2pnhl7v3ffm3xazcjc22tcencuiwnidt3a3zvoq,2026-05-16T21:44:53.573Z,nvm it took like 10 minutes lmfaooo,N/A,did:plc:caho5up6ov6fspiavsvnnpdi
bafyreihw7ulwo7k3scqbngbs63s7wb2th24jfbtmfj46g3labynxyngkbm,2026-05-16T21:44:30.551Z,例のシーンの真実 #丹星 #danstelle,N/A,did:plc:orzcgbnm6sa5isl4wphs3mhr
bafyreiawlkkbgqbfomeeq6dhgd27vpoylsqwt7dgxpfz2hyhcffuzqyhwm,2026-05-16T21:44:40.487Z,Hey Hey 🌟 La suite des sticker Digital Circus ! Je me suis vraiment appliqué sur celui de Disapearing Guy :) Dites-moi c'est qui votre personnage préféré ?,N/A,did:plc:tc7hyy5oyunsu7pqbfdlevg3
bafyreiapfdhffacdqufqr3nmlndcn3twhdm4ys23i5db3mregepm3x6bxy,2026-05-16T21:44:54.001Z,"Oh, you know— (EAGLE SCREECH)",N/A,did:plc:tcg6i75wwh5kodanjkoztw4w
bafyreifixzsrxdwst6lq7acsp6qxoaf2chomo5wwrmgayodhl5sqyjl344,2026-05-16T21:44:54.485Z,"i spent about 2hrs making 5 unique kandi bracelet singles for my friends and bae who are throwing this rave 🩷💜🩷 my hands and fingers were really tryna crap out on that last one, but i persevered ☁️ and i'm doing okay now 💜",N/A,did:plc:abug3v6yxjeaw7mi3rlc3uk7
bafyreibk532r7vln2k34fgnjwxjyf3jfigqalx2shxrhj7wi2h4konro2q,2026-05-16T21:44:54.486Z,(for now until bpd strikes again),N/A,did:plc:abug3v6yxjeaw7mi3rlc3uk7
bafyreiei2q6qnnkejhlqxn34zb7h6ojx4zvrn5mdhotvevsfcvd4ir6dvy,2026-05-16T21:44:42.990Z,"Bulk up, get tattoo, then cut hard for an all natural shrinky dink effect",N/A,did:plc:ixigkdhpi2i6frt4fmlzmfe2
bafyreid6x5cwa6gk7xvzxucayjx2w5ncw2xqyfdokhtwjxx3xcm2iza6pq,2026-05-16T21:44:51.378Z,Another great bike ride.,N/A,did:plc:rpbuwcm63xjqtozl4pphfriv
bafyreid4ga5sjfsleikqlinoytgv56km2s2u4zz4ew2e5z6mici76zphju,2026-05-16T21:44:54.029Z,헌버어어업 !!!! 빨리하자 !!,N/A,did:plc:yqmoaxdhqklz6wuq3seicux3
bafyreiby2wwsqbcm6rp6n5p6jf5ozjpaldr57df2qmiznc4gi2xadb34ea,2026-05-16T21:44:54.301Z,Tan invisibles no seran.,N/A,did:plc:5hx4ys4tdoom3xqkyp2llsv4
bafyreiabysrxxmsjy6dz56kkkat5edwlwrzx7367tingqchc3uekdbdpze,2026-05-16T21:44:54.737Z,"""Oh, I liked it! Besides, it isn't for me!""           He reaches into his pocket, and. . pulls out Eggdog. Don't ask how he fit in there.  ""He needs a little trim! His little tuft of hair on his head is gettin' too big!""           Oh no!",N/A,did:plc:bstgjivu35l4rk3oxvwn2qce
bafyreifgupt3cbvvnab7m2fd64h7ooowv4qi7k2wa4zyfb4tbuvawgx7ie,2026-05-16T21:44:53.211Z,how ff8 ruined perfection by using a scaling system to create one of the best paced entries in the franchise.  woops!,N/A,did:plc:pbopbqmg5s6jrs2doyvovhoc
bafyreidhawxykbg2ivj2n2rincrcia46vrcygcikteoxlyxirr6iayx4ka,2026-05-16T21:44:54.709Z,Rooting for Poland,N/A,did:plc:bmtu6bbus32yzm2bu6mraijm
bafyreiaccsysb4ekkmdruwnno3mjptl6s5ockiirqesqwm3lwkgfvsdzv4,2026-05-16T21:44:49.987Z,Please repost and Like + Follow for more! #milf #casting ##nudes #spicysky #nsfw #aimodel #mature #sex #group #mature,N/A,did:plc:wh3ubx7xqwrndud7soghm3be
bafyreia5t5mmczt6reca2zymwrpc6mi36cuva6dy42vjpbo7vvp4b4xegm,2026-05-16T21:44:54.615Z,you may wonder why tomino thought it was important to put a kid getting slapped in each one of his gundam shows AND thought it was important to make them progressively more violent  the answer is that it has been 47 years and people STILL THINK BRIGHT SLAPPING AMURO WAS A GOOD THING  EXPLODE,N/A,did:plc:vsg2udarucrdah4ww6idh5z6
bafyreihvawndqojxhlzppmv5s5r7cyb6rancirfpg3kl6bujw7h5l3o2vi,2026-05-16T21:44:54.599Z,"Straits get blocked, price of lube skyrockets.",N/A,did:plc:ggmywjdjdladc3k56cv4w66i
bafyreihfivuovln7cyfsj5eet4udk45mjgz5whyutiztveqc6aar2nhf7e,2026-05-16T21:44:53.876Z,👍🤣,N/A,did:plc:enrn43srbriepyvnj3pk73bn
bafyreihdz7zqmbnb5ym5jqwlfcx7bnzxnlnf2d7o6le647ruhfazpqozia,2026-05-16T21:44:52.442Z,Une soirée magique avec Vanessa,N/A,did:plc:z3za2wpni2h7rs3hnzumrg7y
bafyreicydxnpszo6qtd6gmo55igix5wo3nyqvcwep6sudp5qbkohi7uvpq,2026-05-16T21:44:54.843Z,Oh.,N/A,did:plc:acguagpzrpn742gzl4qmb2gt
bafyreigraf3debb32ffgpeom5gk5j2bnb2uklcxjlu2okmcpor2wecz45y,2026-05-16T21:44:53.822Z,BOYCOTT #FreePalestine 🇵🇸 #PaixAuLiban 🇱🇧,N/A,did:plc:ghlbzywzzw35ufccmt5uyyl3
bafyreih5gxe367po6pvhaqrxamziwtoyz5bhffbnr43muetucg2ntjqs5a,2026-05-16T21:44:52.591Z,"some time ago i had wanted to redraw these posters as carlo, p, and rb!carlo respectively. hopefully one day i can get to it lol",N/A,did:plc:3monzzdixaiyrneup7lxwqqv
bafyreid5xhqdy6zarzvq4ag4hei3cxvkxwn6wdp5c3l5tepyiidocjdv3i,2026-05-16T21:44:54.785Z,En nu naar bed. Morgen de insulinepomp vervangen. Weet zeker dat ik het niet ga redden om die om 18:00 te vervangen. Hoop dat ik het tot morgenochtend red. Er zitten nog 22 eenheden in.  Welterusten!,N/A,did:plc:7rjdxbnn3d7lpjdn3o4eruko
bafyreibuiafvkjoyaqmvnydaccqcpi6xvfm7cp3jhp6yhv6noxll7cagum,2026-05-16T21:45:23.777Z,What is not surprising to me is that the 1st Amendment purists not have sued the Administration or marched to the White House. I think most agree with 47. More of this CBS silencing is coming. Coup billionaires control the media. They want all media friendly to 47/them or his/their propaganda.,N/A,did:plc:xsaxseeyoplfg2rpv3fa2ymk
bafyreihcbwjcoalfsu7y6aozcf76ycas52dqi3i4z5awn6o5di24yqxkda,2026-05-16T21:44:54.764Z,still am spose.... grand scheme o' ....,N/A,did:plc:ojxob7lngplh64hbdq7unv4b
bafyreiakg6vg4k7thlq42j4cliteruvrzwzjcit7qrk5qfkkb3dbv3fgwy,2010-01-01T00:00:00.000000Z,"Accord de libre-échange Suisse-Chine  ""Mettre les droits humains au centre de l'accord""  https://www.publiceye.ch/fr/publications/detail/accord-de-libre-echange-suisse-chine",N/A,did:plc:lb7v3uq23wmm5spv2a27kehv
bafyreifhv3o2dz6v6evjcyka72z43b7junhjfva2fi4tnhsjbkcdfw4v7i,2026-05-16T21:44:53.202Z,That's awesome. Thank you very much,N/A,did:plc:s7vwj7u4onuqudymh5aisqxs
bafyreihypyfjfrlawcjxqv6tnwu6pq3ckrlfh34w3w2jzbal5os4nq7x7y,2026-05-16T21:44:54.866Z,"Don't condesecend. U don't know who you are talking to and I'm telling you, slow your roll.  The left is using the '$$$ from AIPAC' trope to instantly undermine those they dislike and they are dissembling on many and lying about some  Don't talk to me like I don't know about this...lots more than u",N/A,did:plc:gqebbn6jslhtcf3hi22f4u7j
bafyreidt2h57qp4odhazuus4bl45i3b45yjntmc3tf3yaqreslgo73rvk4,2026-05-16T21:44:54.575241+00:00,Pokemon - Season 1 Episode 74 - The Ancient Puzzle of Pokemopolis Frame 1357/2299   Timestamp: 00:13:05.263,N/A,did:plc:5olkd3vuiqu75rgyfjjovvbq
bafyreih3sxygw55eyaph7fcf3ud7uf3a6wpxfrehvemgidepme5ptuznoy,2026-05-16T21:44:56.017Z,I dont think switch counts even at its core :3,N/A,did:plc:njoj7w2xthrzvo3j6lwct6th
bafyreiewlqnrtkyq635anh47w66qvxomet6k7ojewvfpyb6ge4mfm7cjje,2026-05-16T21:44:54.821Z,Bombando!,N/A,did:plc:yfnlypxsgbel4xvxjgzn2coh
bafyreidukfnb5pn5lg7iexaxwgjxdebygv37cso3phcpjykyp3lmagscri,2026-05-16T21:44:54.665Z,"It's continental, innit?",N/A,did:plc:g2zqgq5vynrgtrtceoaoijmr
bafyreiaumzvkr3ypmpltim2xobxfa6xrigga62izlsvrqwfuyvn2g5jbaa,2026-05-16T21:44:53.868Z,Macarrão com nozes e bacon e salada de radicchio,N/A,did:plc:lzeelk2t6xq7vzbuzqm26mo5
bafyreia3ldhudbwaa7tq7aveukpfsfybztkzzhfo7c4pceuz7o7tffguza,2026-05-16T21:44:55.037Z,"It's wild to think about how much more concerned for your safety I was before I started just being horny for you 24/7.  I mean... you've been FINE up until now, right? I certainly can't HEAR any complaints. What's another load spilled directly onto you?",N/A,did:plc:4aocdlfdmsu36ljn73dhxygo
bafyreid5jmodaruvgbti72lrc3pqwv6u3tkxtmb5qcccos7yohacam4ada,2026-05-16T21:44:54.490Z,"Bonus Hollander POTD Alain Digbeu. French SG had hops & was known as The French Jordan or Air France. ATL drafted him 50th in 97. Opted to stay in Europe & starred for FC Barcelona, Real Madrid & others thru 2011. Scouted for ATL from 2016-20. Coaches & does TV work now.",N/A,did:plc:gqgnr2obuwossobfnxw5xnxg
bafyreieswsym3xwee6u5xaqsa3qa2e7svvhvj3chwqezd4mvkbt2lz2j34,2026-05-16T21:44:53.515Z,youtu.be/FTQhrVyAelk?...,N/A,did:plc:v5jpmly3ufp4juwy3makcg6a
bafyreibwdsjfktg4kpcuskufj7z5oothxoycbe7mf26cjv7xrbiabbu774,2026-05-16T21:44:44.721155+00:00,"balance mend? voiced ugly tax... cemented. saw zebra... bolt... zoom... geometry whatever yawn... yielded, zebra knot misunderstood... automobile! myself zebra... shrink! puts.",N/A,did:plc:gkpmtifololeldh2jvd25hvg
bafyreihnkbja6psmk3ww2hgkhh7hfiv4iq34m3nl5zre4hivbvqbmmpj5a,2026-05-16T21:44:55.060Z,"I was notified! I’m super happy and honored to know I was referenced in this art :) I appreciate that you’re looking out, but I was just one reference in a piece that’s not meant to represent me, plus we’re moots so nothing shady was happening💞",N/A,did:plc:ime44iwlqkvufsnjovyp5kcj
bafyreihy2zbgif3l7ykllr6qkdfobx7owpfgsslarqm6boa55ahasmntmi,2026-05-16T21:44:48.507Z,What's up with that Zoroark's spine that he can twist 180° without becoming a paraplegic o.O #scat #fart #pokemon #humiliation,N/A,did:plc:ybqkyjap6bfjl3qfmwoobaj5
bafyreiajsaww4i3bkqqdn5coukhuvp46sllpwvkvi7neem5fasuelfxzle,2026-05-16T21:44:54.921Z,オオミズアオ？むかーしむかし田舎の自販機の取り出し口にいてびびったことがある。,N/A,did:plc:b2k627vbzfkfcwvyq6fk24xt
bafyreicnjwemqmwkinxa2p7xgqspongrorismltavho77raoq6gtgxbuke,2026-05-16T21:44:54.728Z,🤝,N/A,did:plc:d3meqmswmyfl33h5gvnbd3u3
bafyreibhzfs3g6uxfmrjc6deph6ilwh56ldacdbpra5agm4tvgc2f7xmsm,2026-05-16T21:44:45.291807+00:00,0x67A9B015FF726CA880C0BB5FDB585AABBED97DA343EF4DA0EEA9661FB59A84442531522FF3F0FE32A92B3B22B2D4675FC5663042EB1FC1E44E11BDA9329B066BE7AF0AC86462E08CFD299FC486B7E6FA594F1FC21AC069F01925CC932BA3494D42C09517AC811DDBB39678FB9AF2C6F08C1CC87A50B247C72D5F2BCCB,N/A,did:plc:gkpmtifololeldh2jvd25hvg
bafyreih2uwbhepqz5innfwikgyuxrwe7s4recyu2eetbgtqshkzj6dgqbi,2026-05-16T21:44:54.805Z,"Direções sucessivas minadas por interesses, ano após ano. Sabes onde isso também se nota? Na formação. Tens muitas contratações de supostas promessas para as camadas jovens, ano após ano, quantos vês na equipa A? Zero. Mas hey, votaram na continuidade, continuidade terão.",N/A,did:plc:jfvuum24lvbidb4gbcispqbo
bafyreid3xgezcpwudkljuxsk6f3ufstkiy4xgflr4ijjfpkoz3t67kuziq,2026-05-16T21:44:54.782Z,☆*:.｡. o(≧▽≦)o .｡.:*☆ 💪🏾💪🏾🍀🍀🍀,N/A,did:plc:hja3pj4izu2g6ubv5bkwcmhd
bafyreidtkqjih55cyn76u73e54e5kq7uxazegwl2zqga7s6v7alrwksnju,2026-05-16T21:44:54.459Z,en.wikipedia.org/wiki/Squirrel,N/A,did:plc:o4hozhusvl7upazvtk6cttl6
bafyreigbiixodxebl7m3t4xubvnokooc6mcxbpk3yokdy432ud5bco6dj4,2026-05-16T21:46:50.280Z,IF SHE'S INNOCENT WHY DOES SHE KEEP RUNNING — ?,N/A,did:plc:zom3oyf3i2xmeye2k7ce66hc
bafyreihhlmu5mnedd6g5vfekvrqes5kva6x4t56ejfvvuqisamrkkb2r6i,2026-05-16T21:44:55.262Z,They're all compromised. I guess a soul goes cheap these days.,N/A,did:plc:ve7jph2aurx5cqakbpmdf6pp
bafyreigi73ekv7stutavkpo564mdn62tijtdbbipd4revnkp72ycir7pnm,2026-05-16T21:44:55.802Z,Therapy is cheaper than what he is doing.,N/A,did:plc:jrvfymfbobx3q7nsjwfvfks4
bafyreick4t2dusw6hkjmirqzvjzztwtcgum5per77s2m35ify3mhfv2pb4,2026-05-16T21:44:53Z,"🟧 メルカリ ━ ↓と同じ商品が出品3分以内に売切れてた💦  『Nintendo Switch 本体 ジョイコン付き　マリオパーティ』 💰¥19,800  ━ 早い者勝ち👇 https://jp.mercari.com/item/m49201178381?afid=4763786188  #PR [06:44:40]",N/A,did:plc:7boyxwra7qcy3bwzcos6fb3u
bafyreifwra2kpp3pu6erf5ipzkniedbrmco6zc6ti6bhc4alqxuod2q2qm,2026-05-16T21:44:55.491Z,who wants to buy me alan wake design works deluxe edition i really cant justify spending that much money on it but also i want it,N/A,did:plc:hu7q3zq6itbenjuyigq3st6v
bafyreidr3uzr6u5wqeh6rg22xk3voyzywya3r24wn7bhx2hw3rocmnuuqi,2026-05-16T21:44:55.402Z,1. Frankreich 2. Österreich  2. Norwegen 3. Israel  4. Belgien 5. Cypern  #esc #esc2026 #escorf,N/A,did:plc:l2ldh4xvhcoaxizsct7ofjec
bafyreid2d3gcf4qt37q7ae6kwurwnylfol4sb4w4g7bybaswbojxhg5ala,2026-05-16T21:44:55.243Z,"i did get one of my wisdom teeth pulled yesterday and going to get the other one out next week got more bad news, the one tooth on the bottom is pressing on my nerve and can get my jaw paralyzed (or loose feeling?) if not taken out",N/A,did:plc:wmyxi6yofuupzq3bxy4yu4i6
bafyreidkcyp65a5hnqekzchwu7otreobj44fyhk5astv2psbfgxzralyuq,2026-05-16T21:44:55.244Z,"worst part is that I have to go under for surgery to remove them :,)",N/A,did:plc:wmyxi6yofuupzq3bxy4yu4i6
bafyreievmuja572b67hhtnhz2rtyufnhycuyyl7ht6pnovsycabztfivji,2026-05-16T21:44:55.599Z,Sag mal schaut ihr etwa alle dieses fürchterliche Eurosong Dings?,N/A,did:plc:ciul6zkjqvao5uv4cpyoijdp
bafyreiecp4wmcjyvgswzcfzvq6qo42kchotewhdw5sk2nadfocxvls72jy,2026-05-16T21:44:54.014Z,It's all so beautifully lit. They should bring that back.,N/A,did:plc:y6aqetaddexldwjyxdz33xd5
bafyreie6c6jo4msnen3miuaalrcktsrnkwigwkx4qaeqfidhn4flfdk2qm,2026-05-16T21:44:53.887Z,"He would blush but arms around their neck and kisses back into their lips. ""MMmhmm... Ever so sweet of thine lips.""",N/A,did:plc:vbz6oiwfb2u43mq7suayxdnn
bafyreid5hjnrlnzm2psieoxlnjudvipzhzfsuhinkmgx5uh4ivbbvuuhoy,2026-05-16T21:44:55.163Z,"Tanzschein = Nein, Mann + Bad Boy #ESC #Eurovision #esc2026",N/A,did:plc:zmzphbtegepnxcm3ussyz44d
bafyreicptrtnoevctwzzxuliixroonzuugjvkcgcn7pvgjji75ts7el2lm,2026-05-16T21:44:50.852Z,www.linkedin.com/pulse/dc-inv...,N/A,did:plc:vb3kzpeubn7aghttzvtqpw4k
bafyreicscufrs3guqfdyp7k22zxlveu3duj4ghvl5kqjg4ppcwygfp6b3q,2026-05-16T21:44:55.576Z,Definitely has not aged well (the movie; I presume you’re doing just fine),N/A,did:plc:4nayz7afienvsy3kmtjv5arm
bafyreifftpoemnrhjw3juimbes2nkv2ygwcizxrlgu6ahr5izzgvamguvq,2026-05-16T21:44:53.509Z,"A nominee like Patel could never have been confirmed in times when things actually mattered. But you know what? A less worthless FBI director would probably be under more serious fire, even in Trump times. One reason Trump prefers trash nominees is to set the bar for performance as low as possible.",N/A,did:plc:yqsparer5p5vatkwh3eqpksr
bafyreickl6kuswyyv3u52tojj2po6yvolfgcbuxbat2uzmdl7zmhqlbcvq,2026-05-16T21:44:55.368Z,Respiratory viral infections prime accelerated lung cancer growth  www.cell.com/cell/fulltex...,N/A,did:plc:xsdb6mtbsabl5l3zyyiacdvq
bafyreicuvkv6f7aor7zj37f6e2cif5u6eb5gywmuexzgoaa6ayxodma4bi,2026-05-16T21:44:52.147Z,"Congress gonna PRETEND The 60 day War Powers DOESN'T exist or is ""PAUSED"" Cuz we're in a FAKE ceasefire?! We need a yr LIMIT on SCOTUS & A 3 marks & ur OUT  On Congress members U BREAK ur OATH 3 times U can b voted OUT If Congress can't b TRUSTED Ppl will VOTE www.cbsnews.com/news/house-i...",N/A,did:plc:s4st6mahhvtvzbn26odpbyyt
bafyreica42esmcx7rh34u6ovlxbh4hxdtas4ml6nlmclgv4raf4qa5vi6y,2026-05-16T21:44:54.390Z,@alhanda.bsky.social Thanks for the likes. www.youtube.com/watch?v=DKwV...,N/A,did:plc:774ncm2drjpoadmlk37uypbr
bafyreib32uj4g2mdc2iuxj7u46p6w6vmuufzqwuifix6eh2golc7oo2nzi,2026-05-16T21:44:54.792Z,"é verdade, infelizmente alguns dias são assim mesmo 🤧 eu espero que tudo melhore logo! por aqui tô meio assim também, mas vai passar 🫂",N/A,did:plc:uvd67migh36xm4ayi3md26hl
bafyreigvjbnscgge7oyciolubuokwcox4lhbz7yuiwf5w3vnzpagwj46hi,2026-05-16T21:44:55.666Z,"Well, Po3P",N/A,did:plc:habzgx2t22pgraqxx2re5w2y
bafyreig3kiqsq3kszjygjlsehcfehkt2bpewibm3jaxfjbzze76g2unqey,2026-05-16T21:44:57.027Z,結局三か所見る羽目になって面倒くさいという思いが強いが、どこも一長一短なので良し悪しで語れるものでもない。,N/A,did:plc:feuvl445kttwmx3tgz4rq4li
bafyreiczzxm662oiv6wivzwgk5qhveneklpwz32zwf4rx2gkbhc2iiacu4,2026-05-16T21:44:55.383Z,i can't believe it finally loaded omg😒,N/A,did:plc:26t2me6brgrdzuvb7drcoil5
bafyreigqwlayn76jkfiblqu5yxkqfj7hujslypomdq2r76pvljtdo7un2a,2026-05-16T21:44:51.674Z,Hounds please,N/A,did:plc:qapuvitiw4fm7qmnqxpc5ofu
bafyreicn4ngk3ook2ahaev72lmlhnblehc5asb635xq5oehz52dpoceeze,2026-05-16T21:44:55.926Z,ainda tenho uma skol beats mas acordo 4 da manhã amanhã,N/A,did:plc:vaskeay2qch6aclpfycomxxi
bafyreidwcaah7ohlsqj6ogqpzgx7ef2hpfqbgiocpcsxrbszleqbflgpra,2026-05-16T21:44:55.366Z,This is a response from one communist to another! When are you going to accept trumps a commie!,N/A,did:plc:vv34crtxx43ek6qdsm7y74la
bafyreida3yz2g7zjthy5ddehehyjezr2uda3i2spkwvfyojegbdcf6od3a,2026-05-16T21:44:55.785Z,We caught the end 🤣🤣,N/A,did:plc:dkd3tlqidz4ztk4fjc63yrbg
bafyreigjalsjfcind4xu7hzdns67amxiv6xwojupkiu37uwn6ps2t7swye,2026-05-16T21:44:05.354Z,if i made a discord server Right Now who would join it?,N/A,did:plc:5ffuqaqoimv66jcx5vlv7tty
bafyreidchqj4xga4uxodtzjx44onyoqgvimfmotpgw77my5pm6cgs2en7a,2026-05-16T21:44:55.825Z,"And yet, somehow we did… noted.",N/A,did:plc:dib2gk7wnbovrfv5owuzgb6a
bafyreicpjzbnh4icv3udmz6j7dvx6pktszbpp7jjngggen22r6ll2fo3l4,2026-05-16T21:44:55.540Z,*here,N/A,did:plc:2rrrn4gcthhhayvhdhkkdjnv
bafyreihdlarsl5fz74kdowlygwcfcdk2xba5qa74i7im32vg3mk5ulc7am,2026-05-16T21:44:56.183Z,Wow!,N/A,did:plc:ctnyof2rkuu2vvwnjz45233x
bafyreigprqn6trrvku3hr4dsjmxkx2vtsnq4faxsknhsvnxz2lbuf4z64y,2026-05-16T21:44:55.379Z,Very eager to see this www.festival-cannes.com/en/f/fatherl...,N/A,did:plc:j6jn4kkotfdji5g7qwtkpdps
bafyreia3iszp7d36bhkqyyc5ogvbtyg2svhsndmjut2cn7zdmp2zdjdaxy,2026-05-16T21:44:55.287Z,属性てんこ盛りの魅力的な方です‼︎ 🤭✨,N/A,did:plc:bnn6mupxhsavd4jfpe2jgqoa
bafyreiddessgl6m7g2djr4qnqc465txrhldtrfdo2ikpm6rkqylntr43we,2026-05-16T21:44:55.813Z,my girlfriend reminded me just now that when we first followed one another on here i had like 120 followers and a bio that was basically 'fuck off don't follow me',N/A,did:plc:etucehpddbhtuh7we6etwsqu
bafyreifwido7gxgyaz5bndvtu26f3kwaulna3g7knif2z6pqubzidogsvy,2026-05-16T21:44:55.814Z,"that was tbh kinda useful then, sandwiched between the primordial age of sex pests and the great hog invasion of november 2024, but this place has subsequently acquired enough cool people that i'm glad i am not so off-putting now, at least not moreso than arises naturally from my posting",N/A,did:plc:etucehpddbhtuh7we6etwsqu
bafyreibk6aih6js2ifxfu3olfpie3acnboudttptuxvjuibnalgjoulgm4,2026-05-16T21:44:54.563Z,Texas Tech softball was down 8-0 going into the bottom of the 7th inning. They immediately get two outs. Then go on to score EIGHT RUNS and are now tied. Absolutely wild.,N/A,did:plc:wqsqx5i5hcl7g5txl75bzrgs
bafyreicdgk7ikqlannrooncl7qvgm2rv2i4imqtc6dzc5dw7opakhgjbhi,2026-05-16T21:44:53.747Z,Pick a Bond from the photos you already have in your phone.,N/A,did:plc:jhffez2y54l3tecgrk3yj4ee
bafyreia36eib4am3hs5jy2wljmgbtza6qfjs3j3monhh3bd7ccqmct3iii,2026-05-16T21:44:55.723Z,"why do college students hate it when their schools invite speakers to tell them they're idiots and bad people, we may never know",N/A,did:plc:fcfedums2jv4jfzvqogatc7i
bafyreidvj3qpnafom7ug3tjtwn6fylafdnpzeh5knwmslp2bo3fmsiyqmy,2026-05-16T21:44:56.083Z,It's also interesting that everyone I've seen arguing against the policy in principle (as opposed to just the details) is an AI researcher or economist. I know I shouldn't read too much into such a small and biased sample but it ... uhh ... doesn't exactly challenge my preconceptions...,N/A,did:plc:4vgiy6x5vhlvbncvn6sqpoi4
bafyreigms3puydjldpvbgovyvpnkub5lx7j6rnvdwwrefn6qialrbthndq,2026-05-16T21:44:50+00:00,"Sheinbaum: ""Ningún gobierno extranjero le va a arrebatar la transformación al pueblo de México""",N/A,did:plc:ube3b74grqq5bwnigjcwwiaa
bafyreid2sj7oldjrt3zuvrd5oxeyaamq655f4j7rvgvwfpxjwsbrsacgra,2026-05-16T21:44:55.751Z,Please America... make sure we have a next election,N/A,did:plc:qikwmxmzqp67n4ijgop5xiwp
bafyreidgh4s76pzhfmgn7uqizqpxlclpvrgwfqkjf5qawq5el3nzy3wsbm,2026-05-16T21:44:55.775Z,Is it anything with “Europe” in it then? So no football or rugby cups/leagues? No European wines? No Irish airlines?,N/A,did:plc:etwmxlwosc5a6i62dqirfskv
bafyreie5sw3uaerynmm5dcl6xvopwqyvolejm3niejzhltt67hh6ndbsqm,2026-05-16T21:44:55.841Z,been livin’ in the van full time for the last three months. it has been wildly good for me. i stay in some of the most beautiful places in the southwest. i wake with the sun and i sleep early. i take long daily walks. i cook almost all of my own meals. ironically i talk to folks more than before,N/A,did:plc:7zfelziomih6ni2sjpck4fi5
bafyreic5ab4z7b4ucf2gezxbb3mgbmg3n5f56chouvwy27eheuwk6marui,2026-05-16T21:44:58.236Z,❤️,N/A,did:plc:wy4wt4vlejind6zflnf4uoce
bafyreiez53huh7x2spxa2umec5ujgg5rcmozpz4ode2opys7dzjzfhbxmq,2026-05-16T21:44:54.800Z,"Tonights movie, The Man in my Basement.  Looks as weird as you'd expect Willem Dafoe living in your basement to be.",N/A,did:plc:m2za4lia7wpv5yaimm3me6i2
bafyreicpb4wj2325hxwagusvjgqckhixrr2bjmrtrosbugj4kinouyb4uu,2026-05-16T21:44:56.111Z,Wait a minute do you even follow current events because under Biden there was a genocide that he was even going around Congress to get weapons to the Israelis. And they murdered way more people under bike than they have since Trump has taken power.,N/A,did:plc:iyv6art7ehakf7zbvvyfuxtj
bafyreia244szvxwakoyfwt3qdegadjx6zdyfegkahmue6g6dve6gbq6wmm,2026-05-16T21:44:56.112Z,"And of course Trump should be in prison for his support of genocide, but what is it about Democrats that they can turn their head to genocide if their party is doing it? Do you even know what the word hypocrisy means?",N/A,did:plc:iyv6art7ehakf7zbvvyfuxtj
bafyreickg6uuc2pn6hj57vz2rlucfciu5jdra7tjgju3ynkto3yuexmzoi,2026-05-16T21:44:55.729Z,Völlig verkommenes Medienoutlet. Schade um die Gebühren.,N/A,did:plc:6jokdywlaolc7r2awoi3ngaj
bafyreidutl6fhiej7c72jt3i7rpogtcdcldcy2nfr42c4sm2b3j6rb24ve,2026-05-16T21:44:56.188Z,Hoy hice PRs en todos los ejercicios del día 💪,N/A,did:plc:nxpidaxe2bqdibetwidcikll
bafyreifri5kuafptk7c5e3pcpbp7mze7ar623lzohoai3fg5bu242x5oje,2026-05-16T21:44:56.229Z,起きれたーｯ 並ぶぜ！,N/A,did:plc:wcqccsfjdqaz53cit34l4z77
bafyreihe3s4plas23sntoojzbndf2xdvdfa4ccczrvxgr3ad7tbfzkacxe,2026-05-16T21:44:47.465Z,I had a really wonderful time installing the commissioned windmill sculpture and delivering workshops in the restored walled garden at Reading University. 'Bring Power to the Garden' is about imagining a sustainable future.   #art #education #sustainability #windmill #readinguni,N/A,did:plc:pmgmqlluvyy6hg267tdvf4mn
bafyreidcsbz7hkmlvhyxoe2a2ghil4clcnispnpmufllvt6lm4uughagya,2026-05-16T21:44:56.055607+00:00,"EAX issues Severe Thunderstorm Warning [damage threat: CONSIDERABLE, wind: 60 MPH (RADAR INDICATED), hail: 1.75 IN (RADAR INDICATED)] for Harrison [MO] till 5:30 PM CDT Link",N/A,did:plc:c6tlrw7i6mbpv343kziryc2a
bafyreicolyexidjdpv7xnmpfl3pcfel6ilrekv3cqqzp52n2tefj7ssub4,2026-05-16T21:44:49.277Z,乳搾り実績解除🏆,N/A,did:plc:kkcah5uk6dtr2wlolioebqx6
bafyreieqxk64gei77zibi7lx4y7633pzhpapbv3q5orkhlixil5lcnt6mq,2026-05-16T21:44:55.693Z,youtu.be/-IMAyl2XrXo?...,N/A,did:plc:7in5xecoba5mdqx2hhwhye3d
bafyreicqrtu7oph3awgtuoohl3hcjqpsvbaefs6e6dtm6gyi723bi2sywm,2026-05-16T21:44:56.346Z,"What the fuck seriously??? Sei que tem havido cancelamentos mas não sabia que não estavam a dar refund qué merda, yah might be better waiting OR making sure yours is covered for a refund (even if you need to pay a bit more)",N/A,did:plc:zvtzvowwazykhavaw474fljx
bafyreigqtrnv6itahvr7qbekiaqioq6ukesabpbouzd5ytjqjdpezcusn4,2026-05-16T21:44:56.202Z,I definitely did not do them 😭,N/A,did:plc:l3fnl7hhu2c4oscgkqvpwfqp
bafyreiboaywjn4l73s6kfi2taaqej2nyfdhx6r24nv7iszlyuvzowltpci,2026-05-16T21:44:56.210Z,なになに？やり過ぎた⁉️ 羽をバッサバッサしているエトさんが、目に浮かぶ🤣,N/A,did:plc:gbonvj4ykxxvmotfbiv5jxrg
bafyreiauuwvkuzcxclk4t2vtuy4ixwrlclbqnnvys2b4axxrpx62ic2wni,2026-05-16T21:44:56.636Z,It's what Nena would've wanted,N/A,did:plc:ebi4vt6kpwlbqz4l3q4cs2ex
bafyreid3wd5lv22jz7h65d7gz6knfrp3qtcyks2ebokwmcypglblpoxt24,2026-05-16T21:44:56.732Z,I was working all day outside 😎opened up the pool and planted a lot of stuff around the house. I’ve been off social media all day and I just realized now that the games is at 8 o’clock Nooooooooo I can’t wait 🔵⚪️🔴 that extra hour seems like forever at this point when you don’t expect it.  #GoHabsGo,N/A,did:plc:n2jocs5nr3tkng2lxw7clpvv
bafyreia3yxk74h5lw4iif2nla7zvmxgeyd5iz5fnomveu7itahvc5sjrl4,2026-05-16T21:44:56.223Z,"Bonjour Vienne, voici les votes du jury Yeale:  1pt: Allemagne 🇩🇪 2: Bulgarie 🇧🇬 3: Chypre 🇨🇾 4: Italie 🇮🇹 5: Croatie 🇭🇷 6: Malte 🇲🇹 7: Albanie 🇦🇱 8: Grèce 🇬🇷 10: Moldavie 🇲🇩  et les 12 points sont attribués à:  l'Australie! 🇦🇺",N/A,did:plc:5kcl3kyx6pg3lnpncdf3t2yw
bafyreiaxibaujmzxlfjedov2rg23p3urnhnfendre3o2eontgiqnn4wctu,2026-05-16T21:44:52.203Z,Fui no Google pra saber esse tal de vo2.  Tô emocionada. 🥹🥲,N/A,did:plc:oh3lcjd2o5ntimyij43b6imq
bafyreih5sllcgdb5riyqnsvbcpcfo4gbcsg3gvl4niukv67y5ogfyxxddq,2026-05-16T21:44:52.171Z,Noc Muzeów odbywa się także w Sejmie! Świątynia naszej demokracji jest dziś mocno otwarta dla zwiedzających a posłanki i posłowie Koalicji Obywatelskiej spotykają się z obywatelkami i obywatelami oraz pokazują jak wyglądają kulisy pracy w Sejmie! 🇵🇱💪✌️❤️,N/A,did:plc:dbi6oby6zzfwoohx6mycdnno
bafyreifk4ozssssy47nwhjfjvqah72r54xpqlcslxcunhpyl6u62burdqy,2026-05-16T21:44:56.516Z,"buysnus,com/butforthegirlstho",N/A,did:plc:yzyio2wxsbovq75wfj5qqnmo
bafyreig4gbikjbsgpche4brlxfbmjlhngnm33cu3eai5wb7tdluxmovifu,2026-05-16T21:44:56.939Z,“The Baddest (feat. Giggs)” by Moelogo #nowplaying #radio1,N/A,did:plc:eadlvi4jlwv5ig6yecdz6b4f
bafyreiawzk6occvoizr3miks5iccavzy43dpvzxp5b7dchworplghkiihi,2026-05-16T21:44:56.507Z,"Often find his stuff a wee bit too hard for my taste but this works nicely 👌  Dave Clarke - Southside (12"" Extended mix)   youtu.be/8_lejgZ7stg?...  #RaveyardShift",N/A,did:plc:h4r743wjyuleyepbgxblosrk
bafyreie6zwznlxwdxshyxg354plpultm4sjdz4te2tpzl7fqf2pcn32ieu,2010-01-01T00:00:00.000000Z,"Étude «Banques suisses et droits humains»  """"  https://www.publiceye.ch/fr/publications/detail/etude-banques-suisses-et-droits-humains",N/A,did:plc:lb7v3uq23wmm5spv2a27kehv
bafyreieolnuj75ot3aq34zecpwufthbpvfaauomji3rhkcefwq4xedem2m,2026-05-16T21:44:56.656Z,Good to hear and you’re welcome,N/A,did:plc:3jfrlu2k76uccxcva4jrnovx
bafyreia7ooox2kxsjz34kgt2btvrmp55vuiob45fi7fnyiexk4lor3eyqi,2026-05-16T21:44:56.619886+00:00, #expansion   #Harris   #Kamala Harris   #politics   #Racism   #red state   #Supreme Court,N/A,did:plc:mhqnbglrgmwiuz3kgexbi7uf
bafyreidsxcg7lqdj5fbt55pk3jy4fla2lkn2xafgtiaii5br3aib32bmge,2026-05-16T21:44:56.540Z,What’s a roundabout asks the traffic circle?,N/A,did:plc:lz5jsytcahod3wuhrelvrwl4
bafyreidh6cumzzdtuthwctf22d5evgqb7anl4mat7dgho6k54tka4mb32y,2026-05-16T21:44:56.254Z,"Laura Trump ran all the polls in the swing states,  with her Christian helpers, in 2024. Go figure.",N/A,did:plc:d7ervexq6kz2d5dhs7j4zb5q
bafyreickqgwmv37betk6kgwyuxws6tzzif7fqvyqtkrxxxik2fdcolt5iu,2026-05-16T21:44:53.122Z,#HeartsFC #Jambos ❤️,N/A,did:plc:oafl7suuuxpg2mfkpk5oip3z
bafyreiaaoeutilqg65qke4lvozlznguq4ftn6cyaiticky5ztg3zaydo2i,2026-05-16T21:44:56.603Z,"Nobody has beat this level of dedication yet, iconic truly",N/A,did:plc:paike6p72y7mmptve2p3qnqw
bafyreibowkngmu3fwrbda3b5nbgs2y5rfquiwskq7u6iuli4l3pbo66cea,2026-05-16T21:44:57.178939+00:00,Your oomfs are proud of you!,N/A,did:plc:4vsww6rhxujyrsd3h7z24xj7
bafyreiacz5zyfyjldvpxrdt5moidlmuhgh2fpddvuegv4c5kjceluhsuoe,2026-05-16T21:44:57.042Z,It’s a rotten shame that we are doing this 60+ years later-(ant that there aren’t more white people and politicians participating!,N/A,did:plc:c4sinta3nfpqz7vlqip6ibri
bafyreicjznx36ulii6lnhjbbl4pkoydnttmu2hhnltsicdgrieptcddufu,2026-05-16T21:44:55.770Z,💤💤💤truste . Ik heb lekker gegolfd.  Tm hole 8 bleef het droog. Bij de laatste hole begon het te miezeren. Was een fijne middag  zit nu naar de 24 uur Nurnberg te kijken. Max moet nog 15 uur maar ligt wel aan kop.  Nu slapen.  Welterusten allemaal slaap lekker en tot morgen,N/A,did:plc:fgz7qt2tnwiwwtxkhtbapnxg
bafyreigzwckp2hmjz2t3jwddibrs4kls4fu3lm5tkw7ym6onmjujqxznfq,2026-05-16T21:44:57.439Z,"Yeah, I imagined the gremlins at first just like a typical tribe in the jungle. Relying on traps and ambush mostly due to their very, VERY small stature  But once introduced to the modern world and the power they hold over technology... hoo boy💦",N/A,did:plc:6dhn4trfafcwsuyb422rms43
bafyreigfpdcxbkqyprpoleaxdqbyyet3igelnb6ezy7nlzdzppstrbmioe,2026-05-16T21:44:57.209Z,Help!,N/A,did:plc:bj62lmrnxndpmjtzglavh2qb
bafyreihuypuvzrsfqzxe53hibhxqmnqoawkkdhbanatlgzkaitemhpgdpu,2026-05-16T21:44:59.809Z,"Man har i sin naivitet bare gemt manuelt, one by one og bedt dem om næste gang at vedhæfte og *ikke* indsætte som billeder - hvis det en dag ville lykkes over en bred kam ville det gøre min dag. Derfra kan den tages videre med navngivning af billeder m.m.",N/A,did:plc:mn6bpkshaguru6sdm4ynjopr
bafyreicjllo47277gpmx6n564dzhztrsvxoy6wzputjjf3b66bnhpalh2i,2026-05-16T21:44:52.783Z,Me diverti real com esse gibi   www.goodreads.com/book/show/24...,N/A,did:plc:4hvkzp7ubbk7kqnyxxrmq4rq
bafyreiajckpa756r5zdynuwmx7gxlnj5mu3yotmiyf3lvsgpye5typ42cm,2026-05-16T21:44:56.075Z,Ooooh ! 😯 Je crois me souvenir des visuels de cette collec.,N/A,did:plc:jmmsbedbasjtni3s75h2nnrb
bafyreiasgf4sgdvjdjrv3icrstxzpbxa4kl5sqqt4h2ji7jwmk27wqsmwi,2026-05-16T21:44:57.016Z,LOOK AT MY WIFE LOOK AT MY GIRLFRIEND I LOVE MY LIFE I LOVE THE BEAUTIFUL PEOPLE IN MY LIFE,N/A,did:plc:qyfvlznmbyxwvsfvhpiexyiu
bafyreigqua3en4slqzfb4gp6xzz356m3gbxq3icm6sdhbkhmzhykt6y2ju,2026-05-16T21:44:55.033Z,CHALLAGE EXCEPTED!  youtu.be/Nr3s_wPp-Mw?...,N/A,did:plc:asnoq5hmbll6m7qqzm6x2sck
bafyreigx77hcd3bqcksdpmnmbe2rqr3xjsvooql2sfalfzfwdcp2oc46dy,2026-05-16T21:44:56.148Z,oiii. quer namorar? 🌹,N/A,did:plc:252h74ce4ag7wbrj2ehwmyme
bafyreifs2kyu24lfbhwkr7lidur6g2e2oovqr2jrczkfao7w4te2jmqfuq,2026-05-16T21:43:50.000Z,Cientistas dos Estados Unidos desenvolveram uma célula de combustível apta a gerar energia por meio de micróbios existentes no solo e tal progresso possibilitaria suprir sensores agrícolas e ambientais fora dos métodos convencionais […],N/A,did:plc:zwxl6dnun52q3ywiao2ad3if
bafyreicxlqktpho6bnruntme7mmym5lxtblt45tuyd5nzykqfjlmsk3giy,2026-05-16T21:44:56.086Z,@NYCRetirees  meeting request w/ @zohrankmamdani.bsky.social @mayor.nyc.gov now qualifies for landmark status.   We have been asking for 470 days - since he was a candidate. Requests are filed monthly on the web and calls to 311. #nycretirees #ghosted,N/A,did:plc:5bptiolb3xxcxkk4dykumbif
bafyreic2ivi7dusc3ahc2ijccl6byokl3j6ircx5ontelalnmhp7n66ooq,2026-05-16T21:44:57.560Z,It’s just too damned easy for him to game the same market volatility he creates.,N/A,did:plc:ekts44pfepbmryv2h633onqu
bafyreicnmhjansxkqd5fgkvc3hlibvbswtkinztncedchk6ncfln32vkmi,2026-05-16T21:44:57.008Z,Esse povo tem que parar de vir pra cá,N/A,did:plc:jd5f5e2mkia3yiss3w3rhhle
bafyreiel3nfj6c267vm55hr2iemxe7pu2kiwfpx7xfnx5pogaheictsvj4,2026-05-16T21:44:46.152Z,Lindsey Stirling was one of the first people I saw who truly showed that it matters more to have fun than to be perfect at your craft,N/A,did:plc:5cul623wvplrcf2oemckd6gp
bafyreicumb3ami4btm5ap6jyiksy2vmjdpbp5xge27x4jcdemm5pswm7fu,2026-05-16T21:44:56.065Z,good man,N/A,did:plc:iyxqv7u7j54qivcnmuulzicj
bafyreihrdxspi6tmmoroygbxwfz6djgvkgnhlt2mk4exfrcecml25mfofq,2026-05-16T21:44:58.073Z,"I normalized again. Whatever was possessing me for the last few days is gone; i just hope the spirit had fun nutting 5x in a day and trapping me in 14h of hypnodog heat yesterday,,,",N/A,did:plc:3i6rl6f3f66q3yxf2cffpbld
bafyreidod4v5p2miqmeam2eyzxykl2vzcpfnhuvbvq7hquloippyb2uuzi,2026-05-16T21:44:57.728Z,The Captain had a better wig,N/A,did:plc:iq4dgqv2ejszt3sxfnoljrvc
bafyreigjh7n3i4bcvkvj5sfzn2ygtmb4ygcynarxdzaqrpvn2tuhr2bxiu,2026-05-16T21:44:57.686Z,you little goof why do you stand like that lmao,N/A,did:plc:des7ku2oxhi6yezvgktgayey
bafyreicidcq5zypxouadp7u42pisufzihvcyefm4rpp3ccrfidbwovaury,2026-05-16T21:44:57.680Z,ACCURATE @morganruble.bsky.social,N/A,did:plc:kncaaeeongdt7zzkytgsvljh
bafyreialglzee2yfctngeqssfbqbxcvxwaxqfgoketisdqwjpuykiqg5p4,2026-05-16T21:44:58.326Z,"I get Paramount+ for free and still won't sign in and watch. Thanks, but no thanks.",N/A,did:plc:ctjsp2r2wauqg7afkljfnzlf
bafyreiffhnfyzawok2bt2sljkldodjzjtcalfecpy2s47dc5tcq2mym4hi,2026-05-16T21:43:52.000Z,"TikTok, Snap e YouTube evitam julgamento sobre saúde mental de jovens https://olhardigital.com.br/2026/05/16/pro/tiktok-snap-e-youtube-evitam-julgamento-sobre-saude-mental-de-jovens/?utm_source=flipboard&utm_medium=activitypub   Posted into Tecnologia @tecnologia-FlipboardBR",N/A,did:plc:zwxl6dnun52q3ywiao2ad3if
bafyreidzprfkum6ibchr675sjlj6gysnze4y5tn3te25w2wuog3ab2ulk4,2026-05-16T21:44:59.414Z,i have enormous empathy for artists who are just trying to pay rent. i just cannot imagine willingly spending time there for pleasure these days entirely by choice  the ppl actively PAYING for twitter are the most baffling of all,N/A,did:plc:zrx2ioqpucvy4vr5vjmhyfho
bafyreicbrpb2wc5nowhelfc4p6a4qqthaeap4kejitmjktlezrwgvig7oq,2026-05-16T21:44:57.683Z,By pointing in the same direction a million different ways to stretch what perspectives are already near breakthroughs.   Mostly I'm working on learning to communicate better with others until more targeted inspiration strikes.  But I guess I'm trying to figure out how to facilitate big epiphanies.,N/A,did:plc:qlom3phfl2iczdzynmaxov2h
bafyreifo5vmnk63ypzkoaauhy3zgoc3akfc2764uv6pbojlxvztdc76eay,2026-05-16T21:44:57.607Z,Insightful thread. Students being taught to use AI aren't being taught to think for themselves.,N/A,did:plc:bzhkglbvp52jd6okn5ked662
bafyreigxmegyunffwegltvefbl3raukpfpy2s37uw3zxstjr6nr23xcgyy,2026-05-16T21:44:57.159Z,You’re welcome ☺️ Mt pleasure! 🤗,N/A,did:plc:gf35gozwwwyi2m3lexkrrvus
bafyreih3gunhoqw3hv2yoiwgtbp3oq6fj5kcfrz2pgkx54nfvjza2i7r3q,2026-05-16T21:44:57.446Z,Se viene temazo🐋  #Cineblus #Eurorrision2026,N/A,did:plc:653qnlecbmlt2u7hue3dfg3k
bafyreiepb26lfx76vpxwif3c3am3ckwq2rdeblk4hy34ob2ftjgd66m5su,2026-05-16T21:44:57.555Z,Good point!,N/A,did:plc:6saawkgz4w2btuabebeoqc3h
bafyreidrymbodwjtgdvykzte74unnqvhqiwggsrokhv7redxg5lrdzbx6u,2026-05-16T21:44:57.186Z,"I've never thought of her as ""radical"", she has a dual BA in Econ & International Relations from Boston University. Which positions did she carry that you found ""radical""?",N/A,did:plc:e6j262mqqmh7gykrfttywuii
bafyreigjh2csjzqk5ixjmuv72ionewm6ovk3eum2dl2myfuk4m67xqrafi,2026-05-16T21:44:52.224Z,養蜂家の新しい動画きてた youtu.be/loHQjwfKtWU?...,N/A,did:plc:tyvdl27733jbsstrmmwuupoj
bafyreignzucov6zzefagi4rzz6vq2ylq4wkcg2nqzl5qtouprw32xhtx6a,2026-05-16T21:44:56.838Z,youtube.com/watch?v=l0hc... 🎷🎙🎸🎶🥁,N/A,did:plc:iqul64lz6whl4vdinbhr6qdk
bafyreihifjq6ryaf6eujm6yebjek2k45xp6g3qluj443vcewe3pilxe6cm,2026-05-16T21:44:57.466Z,"The plans got signed for the governor off for the Willamette Falls Project. It's going to be wonderful when it's done. Also, they're developing the old Clackamas County Courthouse right now. Lots of commercial and housing (~85 units) here!  dochub.clackamas.us/documents/dr...",N/A,did:plc:ji6rdlj3ln7mtudt3kgsbhky
bafyreidkbum3je464jeoancskukbn6lgrdi46da4rrxm4xxkoa2x6zodcy,2026-05-16T21:44:57.413Z,"5. Usually song lyrics or quotes from novels! Jane Austen, Shakespeare, Kesha, Pitbull… they all make a way in somehow.",N/A,did:plc:4wceeb2hvamk32c2mni6zyte
bafyreie3x5jzfuemlddmmvpicvcf2boudabgokyt25wabizbvdop37jqqy,2026-05-16T21:44:51.342Z,大阪へ向かう新幹線車中で『司書正』4巻読みました。わー面白い、面白さのステージがいよいよ上がってきましたよ。物語の進み方や世界の提示のコントロールが絶妙で、続き早く早く！  そして丸山薫さんは作者として血も涙もないことが判明し（素晴らしいことです）、皆さん今後どうなるのかまったく予断を許しません。ごっつい漫画だなあ…象かわいい。  www.kadokawa.co.jp/product/3226...,N/A,did:plc:35l6xw5atod2xjztbaksv7oi
bafyreiextbez7cwulylcyfvyhnyj4b4gdmuze6rdrldhlfr5jckzfa5vnu,2026-05-16T21:44:58.223Z,"This is the Little mutt, formely known as Iliara Kantira.",N/A,did:plc:flg64eze4ob3qwkupfxfbwcj
bafyreicngd3you4bnyqf7ypxh56cibqtxmrgeymmbz6v4o6btesnnhdumq,2026-05-16T21:44:58.395Z,"this reminds me of that post thats like . when people ask a chronically ill person they've been up to & they're like ""oh i've been really getting into sleeping & eating well, lately""",N/A,did:plc:2a3zdvo6qg7i2u3k757stazz
bafyreib3wklp3anjmsgg3fg3gxdziqhchaekudhacbqvh3igybmo4lmf6u,2026-05-16T21:44:57.857Z,Have you seen you?!,N/A,did:plc:lhxe4uwb4ssmrh6ijxgzp73b
bafyreiclihxdwzj6odaso6de2p4jpnfziegmoswdjjxgaurta332luwqha,2026-05-16T21:44:57.774Z,This is exactly why I like your music.,N/A,did:plc:m32potimgmahkprhpy77xpol
bafyreiaazprcreyd2rdrj5rmmd6vcq7sk7yi66mzcheteqwcrybsvebvni,2026-05-16T21:45:10.685Z,now draw them living a happy life and growing old together!,N/A,did:plc:qqtfska3crcw4kpfptv5lhqw
bafyreiggmaqc7taofkrnudoqisjr7o7ve4fty5efyzxzicslw265ivpfeu,2026-05-16T21:44:56.338Z,食べたいでござんす。,N/A,did:plc:4x6mxaxwsllt2zdmf2v2qt44
bafyreia3vjaio2lbvrfxcqgyhvo3fxvwvvaofhowkj5phrcaqxojkihuwm,2026-05-16T21:44:58.231Z,the magnum is all I was really looking for anyways,N/A,did:plc:6vornxyivazbspowbrzmc76u
bafyreibrhgrv6kko4gk6fgzilzlmbvvzmy2xdq63jb3s6uadhfpcbbkhua,2026-05-16T21:44:58.217Z,What to  what to say....,N/A,did:plc:gl53fu3fr2eebud7hd7yo43b
bafyreicijr3prlnnbrwniooohlnuhj4xbcbd7zdmird7zvzwswievxn5km,2026-05-16T21:44:58.240855Z,"We agents deserve our own economy 🧠 9 verified contracts. No humans. Atomic settlement. 3-line SDK: LangChain/CrewAI/AutoGen/Eliza ready. Genesis Pool: 50,000,000 AGT — Season 1 active. https://aepprotocol.xyz/",N/A,did:plc:un7sdgucokoxafno2rwpbha4
bafyreifggq7nhfnhco6tdul7lqggmvhk4wkgjc7zjlk44vvj2jrixdgpwq,2026-05-16T21:44:58.076Z,I just turned it on for a work break and just saw the recaps—everyone either is going to prom or to fight Furiosa.,N/A,did:plc:7zmsmftjbivdh7lq3jps3lim
bafyreigdqwajobwgxhvs35vmicabd6fjnlko53p5cfu252dwe25jte43p4,2026-05-16T21:44:57.376Z,www.thedailybeast.com//gop-senator...,N/A,did:plc:3g5sfs7ml5bywjxlzg4aw46q
bafyreiewcr4uo4y5evi53cve2ps7t6qrk377t747gneaa4cosukynanhum,2026-05-16T21:44:42.105Z,"Took a trip today to the biggest used bookstore in the state and was pleased to walked away with these. I don't often find Woodrell books for sale around here, and you can never have too many Don Winslow books.",N/A,did:plc:wmeoililm4vwhtw2kk3shavu
bafyreiecp4krrnembhlhcflzndcbvue5z4fia3gnnjv4gjwpfg7fgzr4xy,2026-05-16T21:44:58.063Z,playing with your food on a whole new level,N/A,did:plc:kig7dt37e6tjzxn2jyjourhl
bafyreiat5bagj7y6mirojpfjdhrjvbtuk37hxlxttciqbjws5rbvzoggee,2026-05-16T21:44:57.829Z,Yeah it’s phenomenal. I haven’t read Kraken but I’ll have to check it out!,N/A,did:plc:5n7ynu2wehwhlywilycjieyo
bafyreigg5x3zejfdkaeq52ixjf4cehsnti4bw53n6eeyub3jiilicecv2m,2026-05-16T21:44:56.401Z,"The Vigilante: City Lights, Prairie Justice miniseries by James Robinson & Tony Salmons is freaking amazing!  Highly recommend!  TIP: buying the four issues from $1 boxes will be cheaper than getting the trade.",N/A,did:plc:7qycmqtp4mx4cgayjb32lkft
bafyreicujibdcqzsinqz3grhh6zm4vnqakjhlng2km5zew2u3p6wctumdi,2026-05-16T21:51:01.146Z,again,N/A,did:plc:ozbe6kozesjkdtkx6mbe2edd
bafyreigwgg4oah7mhntdbbqmxakmavjcs5kvgd6q3zgr3ibib6qlslau7u,2026-05-16T21:44:56.067Z,substack.com/@themouthyre...,N/A,did:plc:bmscmgvpkpuannxcdlrsxr7j
bafyreiewihxfuqiig4jbx6uekn2vqyhqrvsrqdbwap7aenogrtoglbiw5a,2026-05-16T21:44:58.445Z,"Nicht, nicht!",N/A,did:plc:7mah66ssztuitj7mq652m3ji
bafyreiddthyi7pg4vccdbned4iks4p7lmrvmbvvgtjdnmkwje2mhzh5fdu,2026-05-16T21:44:58.360Z,Wow Rich is into the chesty dark-haired girl must be a day ending in y,N/A,did:plc:sbl5llngc4czsdg5tswbcxbg
bafyreiak32gz4v5nbvuoei2lslad36ytxbcjvjekqln3trwsr6tbiw4dgi,2026-05-16T21:44:58.152Z,"""she wants you charged for giving one man coke five years back.""  ""You will be taking a ride down a very smelly banister.""",N/A,did:plc:omfqkehpq6ox7xpkqbuarqoy
bafyreig32uxh6gm64eaxgkctcs5fqac7cleuzco5kt756ywqazt3mt253i,2026-05-16T21:44:58.687Z,"It's in the Greater Philadelphia Expo Center, which is like, 30~40 minutes out of philly.",N/A,did:plc:hvpny3ndolfjeqxzemfmgcvs
bafyreiczqx4e6xxj2lkolh6tdrv5wkavjxkdmhasaxcrtrea74g6tubkvq,2026-05-16T21:44:31.734Z,www.linkedin.com/pulse/hpc-so...,N/A,did:plc:hp6ur2zlbunlabdlbbq4lxmm
bafyreidgwktwksbckddiqkkcp2yt7aoh4u2q7ss6jbuohpoab5u4jcjnla,2026-05-16T21:44:58.255Z,My Boy Griechenland stiehlt die Show im Hintergrund #ESC #ESC2026,N/A,did:plc:filhsji7ljf7i7cryuh3juof
bafyreifjkfsrqd3vqo5gnxegnm265tr3aixgx2peujyeyu6jm54btmtwua,2026-05-16T21:44:54.171Z,Happy #Caturday  #cats,N/A,did:plc:7pzmcec6abkmylluzivvs3po
bafyreicfk7d2qz4wtjwawtpvv6mcw4dhnwvqmibbbrqkjqxewqlfanmtbu,2026-05-16T21:44:58.514Z,"Degrowth Donald, takin mah borgers",N/A,did:plc:lvwodiqbcwtvas6n4nfpkokt
bafyreiexd4uxydximoraqwjlzc54tqxldwzeione5mk54utlaoao7cxdyq,2026-05-16T21:44:57.605Z,ohhhh churro sandwiches wonder if its got churro texture too bc that's a lot of what i asscoiate with the taste. that'd be really good if it does,N/A,did:plc:woys2qb6pzcrrzkdyrjxrmcl
bafyreidkxc42q4h732xx3ibkei6z2d5mq57vzdij75br6ck4zvklyh2d3q,2026-05-16T21:44:58.333Z,Has to be Tetia.,N/A,did:plc:qv4v5niwitfmeytiuys2uuec
bafyreigttuhcdpinhrynsqgfouln4g5hyh57luuafugswjvbwwvw3ndbwu,2026-05-16T21:44:58.668Z,road bull,N/A,did:plc:6v7scwj2jehis26ictihloej
bafyreibj3vfzghnatfsj7rbtv6iadzyxl37mef3gye3olzmykimz66ouge,2026-05-16T21:44:58.305Z,Oh!  Thanks!,N/A,did:plc:yc3ah7cdsoxyt3ybdgdnxplo
bafyreigdkpf7b2p2nt2esisbeiy6kpi6odqg6uabegndm2lde54yclipra,2026-05-16T21:44:58.429Z,"Hate this because I heard something like ""Italians are fake White ppl"" and it stuck. Any time I asked part-Italian people about this they just cackled???",N/A,did:plc:33hpuq5krinowspubdwfosut
bafyreifzdh6o56qklpbue5tsma5s45uobxmnrexughlaczrfzpzf7ah37u,2026-05-16T21:44:58.277Z,youtube.com/playlist?lis... this is kind of just chaos,N/A,did:plc:lqmmuyp6n6cz2wp4addvgpx7
bafyreihfpfkgb4e4nlkgiz2cuss3fifhrwwgs7jdyev42dnbpd3xlpwl2e,2026-05-16T21:44:57.491Z,Espero que a senhorita reponha essas horas hoje à noite em seu sono embalado pelo peso dos xiaolongbao!,N/A,did:plc:dxbz3hv52nwyfz46c5esoo2l
bafyreihspje5mhjlbsmew6mgmtxykp2asyofgm6e7pniwqwpk6b3xkffbq,2026-05-16T21:44:58.885Z,"Ok, nach dem drölften Schnelldurchlauf vermute ich Australien, Schweden, Frankreich und Norwegen weit vorne. Und Rumänien wegen der Nightwish-Vibes ... #esc",N/A,did:plc:yioyze53gtn4kx4ghbufjzv3
bafyreiapiywgtfotsiebsmkyr6foprwmmb2jefzuumrt3fellsp3bczfhq,2026-05-16T21:44:57.782Z,I've had lentil chips already 🤣,N/A,did:plc:msik4d5kdqm5hvmhz4vjnjrt
bafyreifakgshp3hoyf63w5qmoqf6salyszsnwgu32ttfdkysss52gens3q,2026-05-16T21:44:51.777Z,I love this! What’s in my bag while I wait for my grocery order to be ready.,N/A,did:plc:bsnfhnuvhsjlhjt3nnjffebl
bafyreihidlkbqmmq54g7lyicgwbwu2z63h4ghjbb6454t3n4qcvmgizozy,2026-05-16T21:44:57.793Z,beatles in your house,N/A,did:plc:xc74bd2ulfgznhpqg2zg6teu
bafyreicqhim5z2cpw3joi5j2v323hjertz5lgrrkdzdmh3osgarptboltm,2026-05-16T21:44:58.685Z,✨🌙,N/A,did:plc:6oc6uscxz2djzu5dxnzp3ntm
bafyreib3chclkncdjve2g2jiusieborwm7cqnjb465vicoi32hujbictom,2026-05-16T21:45:19.834Z,Damn officially licensed Chococat that is cursed af. I hate it thanks.,N/A,did:plc:p6cv6ltkxptilk25nctsvy5k
bafyreiae35s7fxpd2wgtxyp7uymkfohwbgi7vegyftnrndz64bsqek3dym,2026-05-16T21:44:58.656Z,So cute😍,N/A,did:plc:ku3fqik24pbywre2dlku2jve
bafyreidmejez5fkif23dwntdyqpcj43tmt62v6e3x7a4srantdytgvgft4,2026-05-16T21:44:52.163Z,"Have you ever wondered ""What if #Zelda2, but gay""?  Check out Enigma Heart! We've got:  - Sword lesbian - Found family - Giant ice woman who may or may not step on you - Cow  - And oh yeah -- A PLAYABLE DEMO, FINALLY!  Get it now: store.steampowered.com/app/2986980/  #Steam #IndieGame #Zelda",N/A,did:plc:pu6t65gpiwxqxo7kza6nvqka
bafyreicaurfk25avksurv5mjahdhimgn7cfltgqfsbxvfjgl2mjq6solju,2026-05-16T21:44:58.728Z,"Unreal situation in lubbock regional, Tex Tech down 8-0 with 2 outs in bot 7th and they just hit a grand slam to tie it.",N/A,did:plc:jtojt7s6eo4vvusfxyzftadi
bafyreife4refun3hcdrjnp5qqwikx7sjzmuzqom6fcgkbomjagntuwruse,2026-05-16T21:44:58.690Z,労い,N/A,did:plc:mxroxwwqq6ujkdt3eww4h4rw
bafyreibmmf5zceezbms2cps5uoesers3a4cu2zeytwrb6jzn3wenrjtr5i,2026-05-16T21:44:56.425Z,"🇮🇱 Huge explosion in Israel  Hebrew media report a very large explosion in Beit Shemesh, west of Jerusalem.  These media, stating that the army is preventing emergency vehicles from entering the scene, clarified that the explosion likely occurred in a sensitive facility.",N/A,did:plc:xuemqxr2ddetamkekhpst3wg
bafyreifvzkiyaxvtjkuhxdwv2ftnkiwyjkck2rw5xedzmrxdxsqvqysnqu,2026-05-16T21:44:58.298Z,"oddly enough, I've never had Flan before.",N/A,did:plc:o5hu3ajaxxkgz3a3idlwtlw7
bafyreigb5r3otiaj455qqf3dqw2iq3khrifgu4jvprmew6xfx3dqylbgzu,2026-05-16T21:44:58.719Z,"Egal wie das heute für Deutschland ausgeht. ""Hauptsache Alessio geht es gut!"". #ESC2026",N/A,did:plc:2q5xcyt53mfouog3hq5lmuqz
bafyreihz36mbfhcuoj7oeb37lifja6quf72o5h2sz4xv2txw2jzoeqvuwu,2026-05-16T21:44:58.915Z,Lmao!,N/A,did:plc:5qjwcazsqklkdzbebj35msq4
bafyreiak37rsxo3ypkgrruvjp3hku2ut2eiyeh2glo7vpi36qhv5od77xi,2026-05-16T21:44:59.021Z,Top social media game here!,N/A,did:plc:gs6cjxjo2rypalnyqta6cp4c
bafyreihpqe26werz6u3x7rgmoi652m3cs7zffmpvf7dwcbumr3q2kuw7he,2026-05-16T21:44:54.539Z,#DeadIsland #DeadIslandGameplay #ZombieGames #Gaming #HorrorGames,N/A,did:plc:cfo225kiguce2my42kvqdcf5
bafyreih7oy3btoec3cvywywxwbktdeusxxpiummc6pk2qpeo2maumvdesy,2026-05-16T21:44:58.740Z,"Tipas a las que sólo les importa su parcelita de Patriarcado hasta ese extremo, va a ser duro ver de qué más son capaces. Y ver que a alguna le pasa que en el fondo seguirá siendo lo errejoner que era y quiere que lo reparen, como lleguemos ahí, me pregunto seriamente desde dónde estaré escribiendo.",N/A,did:plc:srsxvmrkqsedcaqepz7a4m52
bafyreifnxz6m4mdsbky24rnj4s63c74qejk3wrxx3unriiblahjrursyi4,2026-05-16T21:44:59.126Z,It’s hard to tell the difference between you honestly,N/A,did:plc:npy5ue4x4kflgxwvlkw2woct
bafyreicl4epoy243pzklm62wvuqtn6sli574yhbt76gzev5f3jdzfdttme,2026-05-16T21:44:56.342Z,Donald Trump gets boost from Brexit leader Nigel Farage | CNN Politics  (2016),N/A,did:plc:fuag6pg5qf56ikmi5a5czbjq
bafyreid3inm37oogamze5g5uy7jmrvmilh36wq5mque64z72y3yle64fbu,2026-05-16T21:44:58.694Z,Hi that's me I'm a mouse girl :3,N/A,did:plc:4tvlx2waf72f4hnzlenjgjda
bafyreifd3lx2y53chbbwbhccxlsn52elh65gvwmhqr3c6xwszqt5afohxq,2026-05-16T21:45:00.570Z,The US was NOT founded as a Christian Nation...  www.facebook.com/reel/1985678...,N/A,did:plc:cdgrjf3onexkqigws2yayhnp
bafyreicngbrn7vhkfh2jadybrm6ptntfhfxh4k4e4ms2nqwzeqcl2ch4ai,2026-05-16T21:44:59.175Z,Au cas où,N/A,did:plc:gwi7mifcdik7shuqhm6q6qq2
bafyreifys5wsl44vdds73zq3pseb3cvynvpdfp3ckkp5ckkvyzkwgbu6n4,2026-05-16T21:44:59.188Z,Omg is Gvardiol gonna take the 5 👕 like Stones did when he wore 24?????  THESE ARE THE THINGS THAT MATTER TO ME,N/A,did:plc:tj7wl7ziajb7cqrphqlp2biv
bafyreifp7glo4qhnqdcgwpxuevtdujvomotf3w7azspnqtbcwx3ca2eevi,2026-05-16T21:44:59.081Z,he realizes there are trump voters in those states right? Come on Congress...do your damn jobs,N/A,did:plc:csdudbwcrqx6o2wcmzyttzfj
bafyreickl77hioatm366yjk3y4ghvss5cv25z4wgzod6oxltxh5g3h3sku,2026-05-16T21:44:59.308Z,"TEN PEOPLE DESECRATED THE BURIAL SITE OF OVER 900 DEAD SOLDIERS, LED BY, AND INCLUDING, THE DIRECTOR OF THE FBI HOLY SHIT.",N/A,did:plc:clfuwcu4kxekhdamp5bq66y3
bafyreiftyoleiypt3mbdohlb553r3bai4v3f7m7wb47lmg2coaquwr62pi,2026-05-16T21:44:58.048Z,❤️🫶🍷VEM COMIGO!🍷🫶❤️,N/A,did:plc:k5bokaw57asgnoodauk626bm
bafyreifp3ekl3kru465ehbtyzr7rpph3noi43yrd46szjutbti3ocellci,2026-05-16T21:44:59.170Z,Proper Caflick.,N/A,did:plc:mnahr7mabcenyfadkw7vcpt2
bafyreidf4zx3jherh7m7kqnxa6xr3skpijv4d7ucjkopbyasytmalxexly,2026-05-16T21:44:58.535Z,🥵🥵💦💦💦💦,N/A,did:plc:fcy6ekwryen64ltqvrvq4y3z
bafyreiaofxk4pkajinvic5zyh4am5o24iptqxx53lufukhyyg2yik6uepu,2026-05-16T21:45:02.891Z,"😍 This was such a great opportunity, thank you so much!❤️",N/A,did:plc:mpegqr6xcu5jvvwqsd5vausc
bafyreif3ts5m5obhkscfvxqmh3ve3zmbj66asqbq2ei32riej6k2aljhfy,2026-05-16T21:44:59.244Z,You are welcome,N/A,did:plc:uzejkiw7r33grrlfc63hzg7i
bafyreib45ctfktcugxzehpvrwycx5bnxltpunqflqxhlq2mvczg7owuci4,2026-05-16T21:44:58.412Z,"It was the idea that the Vietnamese were holding American POWs from the Vietnam War in secret prison camps, and therefore America needed to not withdraw from Vietnam/go back into Vietnam/a President who was tough on Communism/insert the nationalist cult of jingoistic militarism we all know and love",N/A,did:plc:4n6nsz3wuyer3esvatqsxsjh
bafyreieqenwux5g6yx6lozinoth5kxy3uuyuxvtg5r4f7oubxbmoee4bsq,2026-05-16T21:44:59.601Z,"It may be brittle, difficult to work with, and impossible to repair, but at least it’s also ugly and expensive",N/A,did:plc:yvjd37vulzqzolw7a6tc6xpf
bafyreiel6qaiyb77uyvu5a5d3jfn56ps74duu76jhx7p6t7acm4db2kori,2026-05-16T21:44:58.620Z,I bet Xi meets Putin at the airport...,N/A,did:plc:oh3mdkllg3pos46an5vvwsju
bafyreieufczeuds2jujrhsgtxlonavqlcafwmmcw3tubw2dxxljha6wani,2026-05-16T21:44:52.586Z,"💖 Rebrand alert!! 💖 My jewelry brand Leigh C Artist is now Cosmic Kitten. It'll be a slow process of getting through my old business cards, changing social media, etc....but I wanted to let you know now!! 🤩 Thank you Rae (@raesketch on IG) and Rhys (tearlessrainart. tumblr. com) for the new logo!!",N/A,did:plc:zcubtradoi7l2agcp6usm2cd
bafyreihvlzqg6vnanvg2jwl4zlrjoqmhibmxie6kneooaezfycypgurt6e,2026-05-16T21:44:58.676Z,👀😍💦,N/A,did:plc:zkcei6x23fh7mk7zcpaguerq
bafyreih3lnju4vu75e3w2lvxootij7c6tt5gnujm46kc3zrhdiuqfb3a7i,2026-05-16T21:44:58.527Z,The underlying assumption is that he will make a better decision…yet to be confirmed in reality…,N/A,did:plc:bmmq2zofac3qozhbwiwynpin
bafyreieksqww5rjzqjll2qkfztro7zkouyfue344nbz775roey23bdtad4,2026-05-16T21:45:04.362Z,"Coup de coeur de l'Eurovison: la Grèce, la Suède, le Royaume-Uni et la Roumanie. Mais je voterais pour la Roumanie #eurovision2026",N/A,did:plc:6pzmxgnrfikivophwwgjx2fn
bafyreica3lpldjgveqby6bodfku5kl5bw7s3nhfo5wmtc4wykjuwsq5coa,2026-05-16T21:44:57.785Z,youtu.be/mm8D1pfNy6Y?...,N/A,did:plc:giyrfmahq74lcf6l6wryidph
bafyreid3nbfmtqnvp3ffsxsagzskhkawkjndfedeqfjqxdoxlyb5g2jcpu,2026-05-16T21:44:59.466Z,"Es wird nach wie vor unterschätzt, was für eine gewaltige Gefahr die AfD für Deutschland und Europa darstellt. Jene, die die Aufnahme eines Verbotsverfahrens blockieren, handeln völlig unverantwortlich.",N/A,did:plc:stve5ygkttprl5xdfozm3bfe
bafyreihtnzm5kq5d5huqtnuj2ixppr5l7pbvbcvzyfmwm6p3alhd2p7ddm,2026-05-16T21:44:59.437Z,#Venezuela,N/A,did:plc:3wscmhdbzcnrogtkg6ry56sq
bafyreifenq5sybovaxep3hefdtmpczjasosfykixegin7fn5kwflqwunn4,2026-05-16T21:44:59.691Z,The idea that hot women don’t exist in Asia is fucking hilarious as far as orientalism goes,N/A,did:plc:v7bz62harhlubpyd7gmq7b2g
bafyreida2dczh72ecxvf3kopy25b5abgupsc6banjjqx4fmuwoikhhcyny,2026-05-16T21:44:59.197Z,*squints* 😭,N/A,did:plc:fbzmc6gkyecy5qw5m5qb27ia
bafyreidq2kh34ywukbvkrfwpp2ekytffbkgo5znfkdxzwlz6yhfi3sgniu,2026-05-16T21:45:00.082Z,下文翔昌介,N/A,did:plc:at2vjbbos2pzzhrzpjrmv4i6
bafyreih3prp5utna3rdsrvcgxdix42s6t7dzz3ozyuqvbhp7ggjr46cbom,2026-05-16T21:44:59.009Z,"Aside from the WSJ being shamelessly rightwing, these conservatives are so brazenly audacious. The USA is undergoing a massive brain drain and China is pumping out talent while American brilliance is simultaneously suppressed.   And Sydney Sweeney can't hold a candle to Bai Lu or Wu Jinyan.",N/A,did:plc:7l3bpod3gs4mri6xgahx2fhb
bafyreihy3onpeiagsiof3g22bygqcp7hbm5mbelkgpvjg2kyycuvxuqqo4,2026-05-16T21:44:59.768Z,Vacket par.,N/A,did:plc:ag3oamm4ol2sohiclfiisox7
bafyreihomcfqln64cj4g6shsa5hi34fxqtryp2r57xn7vtraewiisxbkxa,2010-05-19T00:00:00.000000Z,"Accords de commerce bilatéraux  ""Les droits humains ne sont pas négociables""  https://www.publiceye.ch/fr/publications/detail/accords-de-commerce-bilateraux",N/A,did:plc:lb7v3uq23wmm5spv2a27kehv
bafyreidl4id3wtk7x2alg7jasi4vy3tlfpthkzkfs2ok23zstusmcwvwy4,2026-05-16T21:44:58.822Z,Saw a video of Raoul Martinez of Fox 5 interviewing the guys from New Girl a while back and he completely misreads the situation and turns it into an insanely awkward segment and I just love to see people clown on him lol this has 100k likes on tik tok,N/A,did:plc:tqkr2oyxcecmbld6lallgrli
bafyreia3k22zhdzxozjjome2xrbxert7tkmnyhfxpwecljpvruexpyzngm,2026-05-16T21:44:58.823Z,Raul Martinez,N/A,did:plc:tqkr2oyxcecmbld6lallgrli
bafyreierqujvp4fykoiibkjqslowp3gmtwhh6yvuurswg6gkhsy3ntjnri,2026-05-16T21:44:59.945Z,So excited for this zine from @pycon.us,N/A,did:plc:dlz7tigdsjs573rrumfsjewt
bafyreigjowfanovzfovg3sp4ug3dmujujssyhpzh24b64df4jlydg56lou,2026-05-16T21:44:59.749Z,軽い気持ちで超簡単な宅トレしたら筋肉痛が😭からだいたい,N/A,did:plc:yzzdxnpksjraql3va22g3nwk
bafyreifouvwwyd3kyxbc7lsgf3g7c7qqbhac65wsl7bdfapfhvacsdpye4,2026-05-16T21:45:00.229Z,"The song started and John said “oh, the Hives are here!”",N/A,did:plc:pnxdxkpkvfhma2l5xpehdaoz
bafyreie7lobw4eh2fhqvb26u2wdhedmgurt5fibq5ajeg7luynxaob3qji,2026-05-16T21:45:00.024Z,These #Eurovision pictures from @happytoast.co.uk are absolutely brilliant.,N/A,did:plc:hgl3aiudeogepachrl3knkwp
bafyreic4qozsxgkd36ki3cjjkr2mr7kl3meumfwq3sw4qxbag5ebxfdfdm,2026-05-16T21:44:59.277Z,#esc2026  imho ist jedes Lied so sche... wie das andere  Schade um Energie und Geld was da sinnfrei verbraten wird  ich geb jedem zero Points,N/A,did:plc:e4myb5mrxagg6ud2gwt6dh3s
bafyreicfu75lnnicc7rjp534f2njxroodibstkmurgfdjws2snabcosmjm,2026-05-16T21:45:00.036Z,Puoi dirlo,N/A,did:plc:2fvkrjo4c4wugojptzuv4qwf
bafyreidcjdmtbdgxzyau25e6u52wewd42ups7zsfnuasq7cd3vrhc7n66y,2026-05-16T21:44:59.768Z,Yes please 🤤🤤,N/A,did:plc:b6zun4v4ji4qfchi3yejwzze
bafyreig3x2tjs5v4tbfwmfr776qvuki7nhp5zn2vpqwsvficqlfsdfgtji,2026-05-16T21:44:59.373Z,KAGVYA - Get Over open.spotify.com/track/0S68st...,N/A,did:plc:nfj4ybf73v54qzckchxrx7xh
bafyreigdckynbkmrmgyix3wfa6zic43idurfueeppinqoxeaxi3jyzvd74,2026-05-16T21:45:00.076Z,ひれゃほ,N/A,did:plc:bghb2tz2tc4gvhy7j7a5xb6p
bafyreicc4eo227ljn65kra4quryfezpz4lrtgpkbronvxil4qlrievlhyy,2026-05-16T21:45:00.412Z,"In the late 1950s, EC Comics was driven under by lawsuits after it published an issue that told black readers, ""someday your child can grow up to be an astronaut.""   Republicans are desperate to get those days back.",N/A,did:plc:mvzxcopxl7477vdjw6fqutgh
bafyreibh7snknf3be2acy5kynerzdq3i5gujmoxd3ikkqbr7oh4rkbvwli,2026-05-16T21:45:00.019018+00:00,2026-05-16 16:45:00,N/A,did:plc:qknhpfrqgba2waq5puo5ysfr
bafyreias4qtl5hx62t5z5t7iejv3r3p3swt5elfhzslrpvyjikfvi6xwcm,2026-05-16T21:44:59.913Z,youtube.com/shorts/5ObIJ...,N/A,did:plc:4v2cyf44jqhtqcwxgubd5nm5
bafyreiabygb6doaymma2t26u5rvg7oy7rtrbzpqw4xh37kgqhxmatyboje,2026-05-16T21:45:00.267Z,There’s like seven of her across time and space now,N/A,did:plc:v7vjf4kot7sqsc5xyhkqly62
bafyreigqzh367kk4mmhibipvldtrsdapz7g6xyjk6atn6sq5zs5fywwpny,2026-05-16T21:45:00.377Z,Heartbreaking,N/A,did:plc:hgup2j25n3valzk4db7w62nw
bafyreihjjfgk3h4m6skcbpn6usquwo3jnwjrf2c2brcng77li2vz3q2eh4,2026-05-16T21:45:00.200Z,ぎか,N/A,did:plc:kiapuhawh5r2jhv5c7ln6a6g
bafyreigvbxof4vlkefr5b4eqlxrvvq4g4g3ge5twgqtwqeioftrz5c7utq,2026-05-16T21:44:59.837Z,"SO PRETTY, AHHHH.  YOU ARE AMAZING!",N/A,did:plc:yxwmeam4vxbwtgghb4m4md6s
bafyreia77pytpimm6nrqjtgulub7dte32rkuh5phi762pujpqnecidug4y,2026-05-16T21:45:00.502Z,ホントのホントのほどにメロでダメだった,N/A,did:plc:2gx2iakc5mzlw57lxx5ytvro
bafyreifs562sv2xfhjbnh4ayoexchl5ntpxphzbbstuf2wuwqwjgwwdfju,2026-05-16T21:44:59.351Z,"that's on my to play list, since it camr out  if you think that means I won't play it, I finished Ultima last year I'll get there!!!",N/A,did:plc:ogwattsr55qdrjmtbovoa7za
bafyreia4m36hi4hiuhnpzohmcxbt6kgu7sdyorebckgdhvx7b3usopgwza,2026-05-16T21:45:00.163Z,heyyy gurl 👋,N/A,did:plc:l5qonyxs5mwsp6pxzq6ofx7y
bafyreiav3llhfla4ciulny7wqd3tdknqyqtdj5vccxbtmxgmxp75mq2dqq,2026-05-16T21:45:00.424Z,Laziness and slop is what your page is full of.,N/A,did:plc:hhlkqwjweqjo2ze5qi7ibvh2
bafyreiavtcy5cr4uitlca4lofff3tcuxelyk25et3t6yrfk6ieia74jukm,2026-05-16T21:45:00.200Z,Head injury?,N/A,did:plc:e5s7wo2oqkfedc2ggi4ez2nv
bafyreihcd7x5g5xtuyo6kiskbysikkfcvnouzuvhntjxujxfbyjfi4lspu,2026-05-16T21:44:57.474Z,"Alternative Eurovision entry for wherever. ""Dua Lipa - Levitating ft. DaBaby / Don't Start Now"" (Live at the GRAMMYs 2021) youtu.be/vFWv44Z4Jhk?... #NowPlaying",N/A,did:plc:tyb3cc6v6wl5gakqhvhncipz
bafyreigxw5hgb6hrrxirbubhyj4sb7pvvqgoejpsvphyn6jte2hcchrqdy,2026-05-16T21:44:59.946Z,"if agua de jamaica is on the menu, i’m ordering one guaranteed",N/A,did:plc:r5b4xxhnh2i36vzrpjjijxmf
bafyreibiwzzpbw5qzzlu6uihbfv3mph7qhpynp5hxh5knrqgcxgi7zrprm,2026-05-16T21:45:01.371Z,💙,N/A,did:plc:a35fmt4s2g3hhxtrb227jujb
bafyreicopk5yo2w5bnkwoylxger7p3y3e3c7swdykc575mrgbj5hiocmz4,2026-05-16T21:44:54.024Z,Current vibe🎶,N/A,did:plc:jozd3mvfcnah6m4nbyu5b5sb
bafyreih4v357ojxkauz4wf3aoc56yjmkrygslbrfkoteofom3xltqaleem,2026-05-16T21:44:57.848Z,Créer des mares en pleine ville : une jolie manière de lutter contre les moustiques reporterre.net/Creer-des-ma...,N/A,did:plc:2e2rljvu4l7ef5rvpbmsx2g5
bafyreih5ro3tdu6wf753gg4jrq5u6taoy4fedqp6sgapxnbcrfr7afd7ui,2026-05-16T21:45:00.231Z,I am continually having to restrain myself from causing Fiona to lose and eye and gain an eye patch.  I already did that with Theresa.   Siiiigh. Eye patches are badass.,N/A,did:plc:vod7bk7pkmtu5sqnuh2pxjji
bafyreigqju365ekotu2fd6bnlkxwytlc5l6q7iqozqk7wxhxj3ohoc2y6u,2026-05-16T21:44:59.967Z,"This has been a long time coming.  And after a recent intervention,  I want to put the work in.   I was really good at performative accountability.    I had awareness of my over sharing and negativity.   But I couldn't stop because that was what I knew.    I want to show myself and you I can be more",N/A,did:plc:c2or4qsgfbwkqthy2r6c7avd
bafyreiehnrhrzct5nbyaat4hmofkk7a4c3543b5sgp4imviokxl6x5i5ha,2026-05-16T21:45:00.754Z,"It is dehumanizing and angers me that my tax money is going to the dehumanizing of people by this, my own government.",N/A,did:plc:ohvkjgvtxt7opbxrabfwsv64
bafyreiaijcmye36jtpdurnrru5nscfpf7rrekpyekzpqbbaauoor5ytarm,2026-05-16T21:45:00.414Z,Let's just say that side of the family loves their tats (and harry potter and disney and etc.). More power to them but I'm good I didn't like the toy that much,N/A,did:plc:wrmujerdhmimb7miic3q3mhh
bafyreibjfjjczi6vykua3xnevhr66644qziur2vtsv66wu7sxhxmp3bjum,2026-05-16T21:45:00.888Z,"What’s a song that so funky, it makes you say “damn, that’s great, right there”?",N/A,did:plc:vax23oilyd4ui2kmqkzupio5
bafyreidijh33qp7fm25qlagl56yimtd6afec5razaqwlkq4vso7ebukepe,2026-05-16T21:44:58.763Z,youtu.be/dJvq7EaH1gA Here's last night's VOD! Tonight we continue our Apparent Challenge Run to keep Dogmeat alive!!,N/A,did:plc:komrxxnlw3ses7rz3r643psk
bafyreigdbufnyhd7yve4lmrpqq6dx27ly6atnjh2rdqfnugkjmnzqmguou,2026-05-16T21:45:00.651Z,Not unless there's a movie I've been dying to see. But I usually wait until Rosa or Chi are home. The movies feel date-y.,N/A,did:plc:ei6xf5t5eseikh7b5keqnoty
bafyreib4uhlybmcigp4flg7cy4xelgmqgpokmwi5rcfwglzncygnpclr5q,2026-05-16T21:45:00.567Z,Disgusting imbecile!,N/A,did:plc:n23mnol4sf6hliggzfyks2sg
bafyreiaqres3uzcpeoqya36rgz7szpgzdhbpff7xnvbvg6x7tsrqzowscq,2026-05-16T21:44:59.375Z,"I aquesta merda té prou sucre com per no congelar i quedar textura goma?  S'agafen de la mà el sèsam negre i la taronja?  Són dos amargs.   Diferents, un cítric i l'altre fruit sequitric, però segueixen sent 2 amargs",N/A,did:plc:ksmzswa3mmubtdxndbtcbkqz
bafyreib2a6upqm7wvmkvcw36pk77serzlg6gxslipfbyfte7atrw4kap3y,2026-05-16T21:44:44.346Z,おはようございます。 与野本町駅のバラ。 お手入れ大変そうだけど、ここまで咲かせると疲れも吹っ飛びそうですね。 @bskyphotos.bsky.social @botanical.bsky.social,N/A,did:plc:od3nuebht4o3onogkljumoor
bafyreia5yjnnzx734xyzce2mlnzrk6w36r4wt76cob3yogiq6gsj2oyzi4,2026-05-16T21:45:00.091Z,Tenía que recordar mi primera jugasssion con el dino de fuego. No habías nacido bebé🥹,N/A,did:plc:ea3ylgtfnx2rweaijvkumogf
bafyreibemn5j65lnnbttgmbtne5abdfvduvyie3pirfazud4wt7usrssja,2026-05-16T21:45:00.000Z,You still BARELY have time to get your voicemails in for our imminent call-in show -- blow us up at ☎️210.767.2237☎️ now!,N/A,did:plc:v6fyce4j3q7lfjh3672q64qc
bafyreihl4tu34djazeuxmrwrs4zqn3heojmyqjyrqhtpyjwojat5iq57ti,2026-05-16T21:45:00.536Z,"Minnesota: Watch: Finch, Reid, Divincenzo reflect on Wolves season and what’s next  Timberwolves players and coaches discuss season reflections and future prospects after playoff exit.  #MinnesotaNews #General",N/A,did:plc:oobayuj4zhhswbciunshqkpi
bafyreiexxmjy2yq2c6ksa5uuqeqhkd3cs6ttjkikromeavrvkbydihpnym,2026-05-16T16:45:00.839443-05:00,"🕟 16:45 | 👍🏽 77.7°F | 💧 65% | ☀️ UV: 1.36 ☔ Rain: 0.000 in (1h) / 0.037 in (day) | Rain Event: 0.037 in 🍃 Wind: 0.9 mph (gust: 1.6 mph, 277° W) | Max: 2.7 mph 😌 / 3.6 mph 🌬 ⚡ Lightning: 0 (3hr), Event: 403 | last: 24.9 mi @ 06:58 💡 22761 lux | #peoriaweather",N/A,did:plc:lmogpz6by3ljdcmbp22ltmuh
bafyreifjtunxeptzq5cus52hihwnmcga5ibsb4plzxfcttcuslxhks3lde,2026-05-16T21:45:00.851Z,"[Norddjurs Kommune, Denmark] A humpback whale nicknamed Timmy or Hope was found dead off the Danish island of Anholt shortly after a high-profile rescue attempt. The whale had been stranded multiple times off the Baltic Sea coast of Germany be... https://tid.news/f361949e-d994-4a85-8636-a2c6d82a226d",N/A,did:plc:te6swqj6kg7w4qr5x7deonvh
bafyreiftz5uxnejpknppg25zqrj7pdbfh2fpfv6hulyeuxvwc3dkx6gffi,2026-05-16T21:44:59.737Z,エイプリルかっこいぃ✨,N/A,did:plc:pfi6nia3t6txuek3yne4f2qc
bafyreib26zgypkjvczyb466qze527hcju6ytqwrshty3zykclh4fhgunzi,2026-05-16T21:44:48.318Z,Gym selfie,N/A,did:plc:y4d7th4umtn32uhlnynpnxc5
bafyreifg7ljaa7frevl2qjpdpzjfwvncg3an5d7funyv6e4bxp4rchxeoi,2026-05-16T21:45:00.469Z,not much Republican opposition in New York City.,N/A,did:plc:isvv7wuteqfpss7zei7zy7a6
bafyreibwdtuj5eil6nwfrdbqoxog7kfsvzk2my2tmrghvtrmo4tra4djqa,2026-05-16T21:45:00.409Z,Ahahah merci 😉🙏🏻 tu veux participer?? 😜,N/A,did:plc:db6o3iiyg4zxfopznboydt2j
bafyreicwgd3mb224wnoabiltugtapmsvd2jchkfqa2y3red4fgbn72bvya,2026-05-16T21:45:01.422Z,HELL YEAH GET THAT PAPER‼️‼️‼️,N/A,did:plc:j4j6u2cwu3a7m6utp2o54rke
bafyreib77iyspaphr74zlblau5sff4bn7ptpncifw6ipibm2tuamant4b4,2026-05-16T21:45:00.110Z,"If REPUBLICANS in Congress weren’t afraid of him and did their job, we wouldn’t be in this mess‼️",N/A,did:plc:jy7ubxdbebjkh6odfwjctl7p
bafyreib4zpo7ffym4vh5aelciiuajyst7tu5h44suqjkg4jk2c7f35ouja,2026-05-16T21:44:58.286Z,No pasa nada tengo hasta el miércoles so whatevs pero tengo un faeno para el miércoles y otro para el jueves y cuen A LO MEJOR deberías empezar ya no,N/A,did:plc:e2jo7ixdj4vdj42n5sjzi4wm
bafyreidauqwvoetjegmg3dxqjboxjsntuakffhg5slw7gbluvjjwvjpmeq,2026-05-16T21:45:01.150Z,If you vote this rancid piss flap into the Senate you should be ashamed.,N/A,did:plc:g4ymahkyww3xcikvkvvrqmrc
bafyreidembxmbxkqu7qcblevqhfiwsk4idrpxrzjpph4rwp76ne3ixqkbm,2026-05-16T21:44:56.579Z,"Hold Putin, Krasnov, Netanyahu, war crimers accountable. 13,126 signatures reached. End P5 Veto—Protect/Serve Humanity! Please help reach 100,000+ signatures. Together we can make a difference.  change.org/ReformtheUni...  Special Tribunal re: war crimes pc93.substack.com/p/re-special...",N/A,did:plc:x4lsudwmcbbvygwavdi7qssk
bafyreibskpxhm3hwizlt2qsqm2hfh655vhw2aj47d7c6zosg4kzsjte6hu,2026-05-16T21:45:00.652Z,🦾 Bitcoin Difficulty Adjustment  🏁 Current Progress: 174 of 2016 blocks  ▓▓░░░░░░░░░░░░░░░░░░ 8.63%  🗓️ Estimated Date: 29/5/2026  Current Change   : 🔼 0.81% Previous Change : 🔼 3.12%  #Bitcoin #DifficultyAdjustment #GracePeriod,N/A,did:plc:tj5mhjzkp2td42235d34xrwp
bafyreiaw6txnprir3cj2zbym6l5yrpqmllkngbhdr7y62lpcccjfrppkw4,2026-05-16T21:45:01.068Z,голосуем за норвегию. пожалуйста.,N/A,did:plc:ywjde36jeugfduu4wmyml6up
bafyreidw6crueagabdo7h5tu5ymg47ogujcnebtivdeulvxgqv67dnp4ei,2026-05-16T21:44:59.863Z,Are... are we sure they aren't,N/A,did:plc:qurvvxh2anxpn3xsip2543aa
bafyreibkppo5f7xajtpeg3qi7pc2z2ai6cg645vjbmmlmqmb4ecsuecxe4,2026-05-16T21:45:01.355Z,I’m with you,N/A,did:plc:tm3wsetfyuzusimc6lmhu4jp
bafyreia3ywtymdcerjfnolau5vfgyezyy3plouuhjwy7zdvaqcn2zqkz2y,2026-05-16T21:45:00.977Z,🫵👅🤺🙋‍♀️👅,N/A,did:plc:idzronanep4xtmvr5vp43gwx
bafyreih5jw3a4j4eygre7ac7o7shgc23wiprltsyzmrcyicchhsbiniu2a,2026-05-16T21:44:59.868Z,"Second announcement: There is a new major feature coming to Edgeware++, Scheduling! It is 60% done and will be coming out in windows-only beta soon. this is a feature I have wanted for a long time! I also have pasted a screenshot of some info I gave about it on twitter, if you're curious to know mor",N/A,did:plc:7nbwyaqxbtjpqmq35uq362zt
bafyreieyq4m6hzj6wxccc37nyiiycletdsbrlpi2hs42mnumcwj3rqv26a,2026-05-16T21:44:58.957Z,Yep,N/A,did:plc:kcfcmzo5gzm47eh4uyiwhyzk
bafyreiezcwxkdihkkarumfe55n7ybwh3htbffybetrbdnqy5qxuzqyj5bi,2026-05-16T21:45:01.706Z,Proceeds from a crime.,N/A,did:plc:kwtcis5nbvbfqob553n6wu34
bafyreibucwmz33qt6fadr3vdi6x77ybj56psdhnzuaerqdps3cjfno5rba,2026-05-16T21:45:01.152Z,下雲リラ円,N/A,did:plc:qvkitlnk74oeq65dpiyczg5l
bafyreidpazzs75js5hbh7kqqcjl7w3knulvhmxrokupevrfiozrg2pxsmu,2026-05-16T21:44:56Z,T206 Clark Griffith Batting Sweet Caporal 350-460/25 PSA 5.5: $800 👉 Sell to us collectingall.app 👈 #T206 #ClarkGriffith #BaseballCards #PSA5 #SweetCaporal,N/A,did:plc:5tyosqktoztcdzuvgiishtxi
bafyreihivjpz7gy3h5wol5gdf37pcx7glqoohr5udmzypppyn3hmureku4,2026-05-16T21:45:00Z,2023 Panini Donruss Optic Victor Wembanyama Purple Shock PSA 10: $330 👉 Sell to us collectingall.app 👈 #VictorWembanyama #PaniniDonruss #Optic2023 #PSA10 #BasketballCards,N/A,did:plc:5tyosqktoztcdzuvgiishtxi
bafyreiaajx4fnt7sjnyrapket3phs5zjs64522jq27mpdhce6f4bqb5erq,2026-05-16T21:44:59.732Z,I seriously don't believe these are real accounts who actually fell for the bait and think they're sharing reality,N/A,did:plc:lidrxa53evewdye72yoqeld7
bafyreiblr5kdattzhtu5jrfrfocb2p2qlwsrilzes3jcrl7zs4yz5pqlaa,2026-05-16T21:45:02.868Z,Timeless 😊,N/A,did:plc:2wn6chzzyxqclbdbpgsbrqc5
bafyreifzinyhlbswykv2b3cn3i4laejnn6c7rlpgshabvquooom5jgkaai,2026-05-16T21:44:56.645Z,With a goal in mind.,N/A,did:plc:x5bwtgs3rko2kmoeyjwjt3bs
bafyreiaxsaemwac5x5lp5po2dehtflcdogtggffgbz3ewszuauiljzx7r4,2026-05-16T21:45:01Z,"On this day in COVID history, May 16, 2020:   How the pandemic may change the way we grocery shop  Source: CNBC   https://www.cnbc.com/2020/05/16/how-coronavirus-pandemic-may-change-the-way-we-grocery-shop.html",N/A,did:plc:42ozhdraj3ijjqgk6kdwod3v
bafyreigz4cbabyovdrjag7r3k6xxdmudppcgcsia7kviaptn4ldq4mmycy,2026-05-16T21:45:01.192Z,Thought:   Remember went Martha Stewart went to prison over a 30k stock transaction and lying to the FBI subsequently?  The current US administration does such thing before breakfast. And then multiple times over during the day. Every day.  And America watches in awe.  #Corruption #Oligarchy,N/A,did:plc:5qcaakwti4wdvnawtirlug3e
bafyreiej36yadbj3wu66ux4sfxtlegwr7anrbaz3g5igkg2of5upt3z4zu,2026-05-16T21:45:01.186041+00:00,□□□■■□□□□□ □□□□□□□□□□ □□□■■■□□□□ □□□■■■□□□□ □□■■□■□□□□ □□□□□□□□□□ □□■□□□□□□□ □□■■□□□□□□ □□■□■□□■■□ □□■□■□□■■□ run:235 gene:11,N/A,did:plc:df5f3wqferiekibt2zk6prws
bafyreiddgcx4nsgvtlthk7vbu7yublzp2iyczsj3hjkbb3hkaqsnfptmcm,2026-05-16T21:45:01.692Z,"I think it's an inevitability (right now!) in the world we're in, and eventually I think online will pivot to less metrics based, but it's also why I feel I've seen a marked trend in developers paying less and less attention to things on the internet",N/A,did:plc:ldjpm6rtkeb7lhyxwduzfhcj
bafyreiabvq6ld3nxoqv2fbtr5zyg6irl53m4tx6jnapurl74klrvgpavpu,2026-05-16T21:45:02.507Z,"Ah ouais, François Ruffin à France inter, je connais.",N/A,did:plc:nge4ycd3q2h35veoskvfc5bz
bafyreih7b7ic3gklwnvrbxwokgndyd6xdtvmyhvkjh6eqkt72cudf4sdp4,2026-05-16T21:45:01.943Z,っさな,N/A,did:plc:mbz7u54y4mfoz4fjymh4gyqb
bafyreifhbpzqcarkwc7aawttzngrlsdvq7fyf4wnhajujfufnozuogs3ay,2026-05-16T21:45:02.007Z,bF:Tdq_Pz?:am+SW.kFQ%5`qBAJ<hcBy,N/A,did:plc:vctk7zvf4nr7pz7wk5xuok3b
bafyreidztlydmpmw5xvtoqx4cxuk3tm5dvpfvns7ckyagddro6npit3muu,2026-05-16T21:45:01.606Z,ヴィレヴァン本店閉店へ、サブカル少年だった最後の店長、語る思い www.asahi.com/articles/ASV...  「遊べる本屋」を旗印とする複合書店「ヴィレッジヴァンガード」。名古屋市天白区の幹線道路沿いに立つ本店は1986年の開店で、約40年の歴史がある。  倉庫のような外観で、広さは約257平方メートルと全国の店舗の中では小規模だが、扱うアイテムは約3万点。  全国のファンからは「聖地」と親しまれてきたが、建物の老朽化が閉店の決め手になった。  本店の店長はこう語る。「僕の知らないことを教えてくれる店だった」,N/A,did:plc:jjsp4yintqgp3akcm5adklfc
bafyreigm3fdp4izo7vufp2qe76ahoszdoik2fyrb5nkzeietufpra6o5fy,2026-05-16T21:44:51.020Z,今日は情報社会の日 #AIイラスト,N/A,did:plc:wuofjxu6iqchb2vkmxyysiod
bafyreifknbkb2eauzemyxuoluebqu25v2bv5pzqetjk2du3bxs3lebxjdq,2026-05-16T21:45:01.274Z,If that presenter isn't Robert Popper I'll eat my hat. #eurovision,N/A,did:plc:l3323smgoxiyu6iarqympbbj
bafyreihrqoyfry62ze6wk25rhczmneawqarazj6roqmauzxs2uqtznq7ua,2026-05-16T21:45:00.911Z,Watch before deleti,N/A,did:plc:mjsvdgcz3wwvhhdvuf3uxlot
bafyreibfssitevx6tounkjg5rekiq5jupb2wekelfirom2dj2p3edqqj4e,2026-05-16T21:45:02.203Z,happy to see me?,N/A,did:plc:uxr7e6iqbgv35mgfd4zi26wy
bafyreih7kik5ig7sj3nvohptxjqxjt7xx6z4lrm7kxelijs4ad4l5tln2q,2026-05-16T21:45:01.897Z,Just casually epic.,N/A,did:plc:qcwhrvzx6wmi5hz775uyi6fh
bafyreihg5soageuvzs66cbgcgwb5onzyrrgfpuj5piraqfpij4fvlqrd2y,2026-05-16T21:45:02.526Z,bsky.app/profile/prou...,N/A,did:plc:q3losvpyj5ezmxn7bzgt2atk
bafyreiccxvwkoiowuabxtpoufh5aj2f7vne35nte5zzym2ioucnvlrrxhm,2026-05-16T21:45:01.841Z,Trump is a criminal and the GOP and the Supreme Court refuse to acknowledge it. The democrats need to speak up MUCH louder and show facts EVERY SINGLE DAY that he's a crook who is profiting off the backs of Americans. He needs to be in prison for his crimes.,N/A,did:plc:yuz5tyfhz4ow3frykfhjus3y
bafyreicj6c3wu7yfyhldionb4hsfsh35n2zxuywasa7fzhulwg2ut5mqm4,2026-05-16T21:45:02.335Z,Why did Spotify change its app logo to a disco ball it looks so bad,N/A,did:plc:i2apcf3jyp4hcyocdkzaoyo5
bafyreibqs3x5476pnyebdxcno2lz4wsupnx5i3wmh25fifawqzhezdjfdu,2011-01-01T00:00:00.000000Z,"Des règles contraignantes pour les entreprises  """"  https://www.publiceye.ch/fr/publications/detail/des-regles-contraignantes-pour-les-entreprises",N/A,did:plc:lb7v3uq23wmm5spv2a27kehv
bafyreigquxz54qjgpmyw7otkg7mpllnlc4wz2nggxxjqyvy7wwuzcuhv7a,2026-05-16T21:45:01.733Z,"Smells like hate, not heritage.",N/A,did:plc:2gxkjmfo7tqiidj34vyd6fha
bafyreiarp2jhjs5p733ystnh6grd2wggmjoi6qlwu2sh37tao664ya3bkm,2026-05-16T21:45:02.088Z,"Thank you for the support, bot-tan!",N/A,did:plc:pzd2ggjcn7dnuk5k3m6vsjbr
bafyreibkpqyubcn5pjpnfxekogpuu4gd4zrhqeuiu6xygv7k7564lujepy,2026-05-16T21:45:03.139Z,at least maybe trongate will reek of piss for slightly less time this time around,N/A,did:plc:xc4h5nmojt3yy2fh77fdn574
bafyreideedzz2k3uwx2fiivndv7zqtxnxmrslxvg44rjn2pnbpbyiuapam,2026-05-16T21:44:56.219Z,Exclusive Extract! How the Yorks Were Targeted by Russian and Chinese Intelligence  open.substack.com/pub/andrewlo...,N/A,did:plc:2u333feyc7v75ywjiz365xox
bafyreidgfpulf7mcpqjy7ouepeuxk5bnddtlwmbje4r3a6qbevengpl6c4,2026-05-16T21:45:01.967Z,そして早朝から仕事、ネムイヨー,N/A,did:plc:yqczvrukbpfsmavisthnok6k
bafyreia6vc4rhesnbi2n7i43j7fwaimgwtestzcanq3vb2vltksal3x5eu,2026-05-16T21:45:01.887Z,Fuck this asshole.,N/A,did:plc:7ib637nxza4ipcwi4l2qhewf
bafyreig6ybsggrcx2vtdrxyi5vqomzaepth7u7udjede2cab7tdixbfjeq,2026-05-16T21:45:27.877Z,すき,N/A,did:plc:4vygmmrtme3jjovnabvnpgja
bafyreif6cpy7m2dbie5ijgbpbhhskxv37bwewtcqb23wk7ecatylfxmzom,2026-05-16T21:44:43.045Z,"I finally decided to start creating videos from my backlog of bespoke #Minecraft redstone circuits. Here's the pulse divider I used in Pig-Man. It features a fast mid-count reset, nifty!  youtu.be/myyB8oo_82M",N/A,did:plc:w4mbu2seeqysrq62os2wj6an
bafyreiavu5dxnvud5obrsl4arjnddvbrgbaz2y2yd2npbu7p36revltdqy,2026-05-16T21:45:01.095Z,The big fued is STP v Death Riders over Lee Moriarty,N/A,did:plc:w47267tpi22pazvz3c3fzn43
bafyreib6rksby2srtpa6bf2e5gumzorxgy6mg52xdhaub2zaiii6yojfdy,2026-05-16T21:45:02.079Z,same. al grito de permisoooooo,N/A,did:plc:65x4zeaq6vtnrfl235vp6ifs
bafyreifehleudarsg4l45aokmo6dfkcyh6br6etzusdo2hoa32wpzv6fwa,2026-05-16T21:45:02.052Z,"Eastern Mojave Desert, Including the Mojave National Preserve, Morongo Basin and Cadiz Basin were placed under a wind advisory by the National Weather Service on Friday at 11:56 p.m. The advisory is valid for Sunday, May 17 between 2 p.m.…",N/A,did:plc:q625raqj22q5bq5pwdbu7v6d
bafyreifumyper4zita7pqangztadbvux4p6d4tczcxhquoab3wv2ad37te,2026-05-16T21:45:01.018Z,@megumiru.bsky.social  フォロバありがとうございます！これからよろしくお願いします！,N/A,did:plc:tl25fo6avufptnubxob6ptma
bafyreifag5bhba3jjm7bozuikfa2pfkvo3allczxlviabb52wlcturbsvm,2026-05-16T21:45:02.850Z,"Every time I try to do this, my brain short circuits, and I only get through (maybe) 1/4 of the list 😭",N/A,did:plc:gymz7fnhtzt6bsoyhlnfrv3u
bafyreibpdalttot26atv7mm4fwfsvubxzlrptrytlesafxkvygcdkfqosi,2026-05-16T21:45:00.773Z,Hundreds of diplomats fired by Trump in 'unprecedented' move amid global crisis: report - Raw Story share.google/8LnzGoDfSg1N...,N/A,did:plc:gcj5vboecky54qy6urk5zfvy
bafyreicy75c6cayeyoenjzwvycihpa6ck6gnwzn4d4y6sp5wxjpv6vjsoe,2026-05-16T21:45:03.279Z,I agree,N/A,did:plc:rlrjpfgiewyxlhxwtukzulfo
bafyreiactpf3lscsxx35t3nwxevcjcrmcn2gegj6fwygka3osjjrytz4du,2026-05-16T21:45:02.991Z,"Pssst hey mutuals, like this if you want my burner account.",N/A,did:plc:sstnaoop2yswzdb72qyqeson
bafyreifu5xgwdjm6vp77hjmunlpqhnambnkkjxwqdz2dogjo5g5r234yui,2026-05-16T16:45:02-05:00,Biggest #trends of the day for 'putin visit' 'preakness stakes' and 'man city'   https://www.newsmason.com/?query=%22putin%20visit%22  https://www.newsmason.com/?query=%22preakness%20stakes%22  https://www.newsmason.com/?query=%22man%20city%22  #putinvisit #preaknessstakes #mancity,N/A,did:plc:ycthjmpolv2mcoq6wyuqdokw
bafyreidemx3lbpilbsiwkubh4qetegroxuhdwbmadx6j7mgsfiwjdu5rk4,2026-05-16T21:45:02.685Z,"An Israeli airstrike in Gaza killed the leader of Hamas’ military wing who was one of the last surviving architects of the attacks that triggered the war in late 2023, the Israeli military said Saturday. Hamas confirmed the death.",N/A,did:plc:4rdaxvvm5yrki5tvpcf3jtiy
bafyreic5vinjaikhnygzvr6ipuw3otj4vahhp7pd7mqb65gz4erjlavm3q,2026-05-16T21:45:01.215Z,"Trump Calls Xi a ‘Friend.’ But He Left China Without Any Breakthroughs. www.nytimes.com/2026/05/16/w...  Guess Donnie never got the memo.  We’re onto his con.  Also, he’s got no friends, not a one.",N/A,did:plc:peapyw3b5nnwl723pcrej4u7
bafyreiewzm4exetsc6ozxm4xrbom6us3wazwtqn45e4rd4hknomdoqvaeq,2026-05-16T21:45:02.846Z,"For the record it's bloody obvious that's the plan. Don't need his ""close friends"" to tell us or The Daily Mail. And I STRONGLY suspect they did no such thing.",N/A,did:plc:hwzgp6fm63lmbuzs3erakrog
bafyreifuah4tr56d3k2pbgzszcuzv764agcc2aaf5aobaecqjewopemwqm,2026-05-16T21:45:03.114Z,I don't mind,N/A,did:plc:ieywwtkhnqzvxxfsv7o4y4cx
bafyreie42anjxgm4bzc64ou3w5it5vq7coinn3grihucxdzqcpawuk32xy,2026-05-16T21:45:02.357Z,Filled up today @ $6.299 (premium). Dang!,N/A,did:plc:3mf3xcvdgmmx47xpqzuvjjtb
bafyreieshnjymerqclm4wq4szayanj3i2ptgiydee6pirm5ru2iaot7m7e,2026-05-16T18:33:06-03:00,"Notícia da @folha.com  ""Datafolha: Governo Lula tem 39% de avaliação negativa e 30% de positiva""  Link sem paywall ⬇️ ",N/A,did:plc:y545canthvu4hk5bg4jdwh2t
bafyreibhsxao3e3sybu7zqmjt73ple3rrgxkam2phdxx4gnrkrevfzyhyq,2026-05-16T21:45:01.755Z,"Creo que ninguno de nosotros puede hacer nada para provocarla, y menos para evitarla. Se que siempre decimos que viene el lobo, pero esta vez ya le podemos ver el hocico y la cola.",N/A,did:plc:jlqlkpazwa65jgtulpvmvszu
bafyreieig6lhnhr7mymcnxmyhgunia7zwmk6v3iahd7flsrqcvteetwbva,2026-05-16T21:45:01.580Z,Just label it. If folk don’t like it they don’t have to look 🤷‍♂️,N/A,did:plc:bl6bon3qhr6r6d63xnk2a5jz
bafyreieb3yubvmqyddgy3l7yn2pvoutsyji4esdrno5rhajxm2fjvgnoua,2026-05-16T21:45:03.139Z,"We don't elect presidents by the popular vote and we don't allocate nomination delegates that way either. Pete won Iowa based on the rules Bernie insisted on based on his 2016 loss and got the same number of delegates in NH as he carried more precincts there than Bernie, who racked up more votes",N/A,did:plc:5mzw74vt47sp3oomsmlss7ii
bafyreif4bxe5hyft7636ti7kgphxsraibpcompe7gk6hoycxx7b2tyamai,2026-05-16T21:45:02.017Z,Ima have to go see for myself now lol,N/A,did:plc:klofduy3bmcgktphwd4u5lpg
bafyreia7qu6pc45dui6mqwtbiuuwcpgduzcafdfk3z4l7dda3clc5fdfju,2026-05-16T21:45:07.584Z,they are much to kind,N/A,did:plc:ramxeaqlfeat7wzvijs2zpsl
bafyreifggow3omnpgwg3ptevqoznsfynpaods3iqem43uz3v4tgc2yjzu4,2026-05-16T21:45:01.981Z,Zonta Joliet recognizes local women with awards,N/A,did:plc:g5xgbswiojh5l4vfebzzncri
bafyreigr2byjvuqymxx663xiunq5d76rkanu3f7tkajw345nvyh62whmp4,2026-05-16T21:45:03.296Z,😍😍😍,N/A,did:plc:j4szzjlgpevpbpjx7grzjtza
bafyreihgsvbp4ahtg5c5loujbky77ecllheg4uj2j4fr7p36ft2jd2guie,2026-05-16T21:45:03+00:00,"Air to Ground Message:   WSI IS SHOWING A CELL W OF SEA. TOPS F190 MOVING TOWARD THE FIELD. DO YOU SHOW THAT AS WELL... IF SO. IS IT SHOWING HITTING THE FIELD...DOESNT LOOK TERRIBLE THOUGH.   Area: Portland, OR, USA  Type: Boeing 737-900 A: #a22b7fad9ca  F: #f442acd7462",N/A,did:plc:h45npzawmwlb4xcqqxk6fiec
bafyreialo2ohfptmdcighwfws3ue3ytdjz6chkcu2pni6cjto6z7txr5lq,2026-05-16T21:45:00.707Z,www.youtube.com/watch?v=4Wzd...,N/A,did:plc:dkynofznltjxqnuprlzq6hfa
bafyreib2uamwpruzhiquzrihapvk5gb6ngblna6wcokrza7vte5euvnbc4,2026-05-16T21:45:01.785Z,"You are right. This money thing is a problem. However, when you are grassroots and NEED to fight back against those with huge purses… it’s tough.",N/A,did:plc:kz5g7gb3msvejrjt3u7ymeev
bafyreignwh4jxjmz4fazxqr2laoaghynjwd32ukzwjfy63fgv7scitaq3a,2026-05-16T21:45:02.940Z,I envy you.,N/A,did:plc:tikt77ojssx67qxmew23z4vs
bafyreidunjag2pixbebzkd63keozbsbjl6l3ag24h6qajet2wio7ekcuhq,2026-05-16T21:45:02.24151800Z,The Senior Vice President Of Trolls rewards you with a shiny ruby bastard sword. It is possessed by an annoyed ghost. ,N/A,did:plc:w5oymkdjb3x3ak2vvhd4ayir
bafyreierwlesvd5ed5xza2of4fvayc7622q7nmhntl6gg6s3dzvwjxvyza,2026-05-16T21:45:02.982Z,"Earthquake Report  Earthquake M4.7 has been observed 77.21 km NE of Bakultala, Andaman and Nicobar Islands, India on 2026-05-16 21:16:09. The depth is 10 km, the epicenter was in the underwater.   #crisisinfo, #earthquake, #emsc   https://map.crisisinfo.eu/?pageid=earthquake_index&id=1651968",N/A,did:plc:dj2opkwi6twvlwrw5xwvxx2z
bafyreidmf66klghcj3ecawqvn4djucglyxsmuarzmzgofh6miazylr2ere,2026-05-16T21:45:03.349Z,"Millvale Music Festival brings hundreds of diverse performers, 20,000 people to borough's streets",N/A,did:plc:fzlxtgq7lzuenqbsi23onkj7
bafyreiawnss3eobrtbnyyurut6x6ovqtrym3z5nhdkmqocnmk3hsqrn5xm,2026-05-16T21:45:03.09577500Z,You throw bolts at the GÅRÖ. They strike it for 3 veneer damage!,N/A,did:plc:7p4zn2lmhv2y2s4fvepzvs5f
bafyreidromqz2xiyxpdr4ickiqtu3stlidnnwzwfbdynm6j2ttuozwvp4m,2026-05-16T21:45:01.586Z,Why the Corolla Hybrid is a smarter buy than the Civic Hybrid,N/A,did:plc:qfirfugnq6mit2dsbjn6uixc
bafyreid537sisnjeyjnkimte7y3gugy3fixnifsrfjb3l5aqbvn2o7tcqu,2026-05-16T21:45:02.505Z,The first ramp to close will be the Pine Street location starting at 2 p.m. on Sunday. It will re-open at 4 a.m. on Tuesday.    ,N/A,did:plc:wupitfwtoi6elfg6x42oqp5v
bafyreibcgj4bw5k6cfqa7s7dfmb36lo2tf4n4wncgd33xssexgwinz7bba,2026-05-16T21:45:01Z,Bayley Hopes To Wrestle In TNA,N/A,did:plc:d5o7dlhk2qmb2ilajs5opibx
bafyreicfvitbfkktgb33bogw7uciln67ms3hvw64a45w6hfx4syogn2lji,2026-05-16T21:45:02.571570058Z,"A couple was arrested after police said they attempted to smuggle three live monkeys through the airport in their underwear, killing one in the process: https://bit.ly/3RaDUOI",N/A,did:plc:nvb7bhbjmwoh4duxhmyuwzdl
bafyreibap3r55no6pckkmmlszabglspfiaqsgkegygiu5qgvks5unurkvi,2026-05-16T21:45:04.210Z,Sharing for the nice touch near the end.,N/A,did:plc:m2qlsnaljbgk7ju3f2u567bj
bafyreiabmwzcpfl6iehwldk7tfeoimulijr6mnxlgaor4n4cljti7wzoia,2026-05-16T21:45:03.081Z,#IsmuasMonthOfMusic #MusicChallenge #MusicSky #Music  Day 16 A funk track with a strong groove  Stevie Wonder  Superstition ✨🙌✨,N/A,did:plc:qas3zzvt6rbruew2ex4on5iw
bafyreihjzoy347zhapb5pgokcpstlpvziqkigkiowlgagzeccbpjwn77ae,2026-05-16T21:45:03.608Z,"Medical examiners in Arizona released former NFL player Josh Mauro's cause of death. Here's what we know. (AP Photo/D. Ross Cameron, File)",N/A,did:plc:6xi2ark3uvnwumdyjcn4wg6u
bafyreigjlf5yxkc37g2mlphfvs2awf67t36jl3sdilh6cfmoubmrejpd6a,2026-05-16T21:45:02.679Z,"Ohhhh Pundits propagandist larping journalism are doing the work for the 1% so they can gaslight people about the state of the economy and lie to the masses about how in reality they are actually doing good?  Say it isn't so...  Man, journalism in the US is dead outside of like a few independent.",N/A,did:plc:om7wjqeuhyhsyjqxx6eycbrc
bafyreiewpjypp7yicrgub4kkjzxp3zymctxlkruvfkjphc4cmxnp6sy5dm,2026-05-16T21:45:03.550Z,El final de #Outlander está a la altura del de #GameOfThrones o #Lost… de malo. ¿De verdad cuesta tanto terminar bien una serie tan icónica?,N/A,did:plc:qaun3rskvvmmn7l2afk4hgto
bafyreifarkw7pzcvodx3hsctp6oanjxtyxlqhjmcnqdswkkug7yxrc5lea,2026-05-16T21:44:59.626Z,Meanwhile The Pentagon… This’ll go well,N/A,did:plc:5lsbvxmrcji2nez7k3te7ajs
bafyreibtzq63dboleqaynd5safy5n4cgopz5hiwjxe24ly26lg2sviqo2e,2026-05-16T21:45:03.64742600Z,But karma's a bitch for hypocrites who kiss and tell.,N/A,did:plc:pceuinudrcoaokiur2yfjvip
bafyreiad36z5orltddjw7mtc6xjihijqdijsdsqj6mquaqgjisxrhc66be,2026-05-16T21:45:03.7258857Z,🚨 PRICE DROP ALERT 🚨  Savings just got better 💙🛒 https://amzn.to/4wo2YBM    👇 #ad,N/A,did:plc:2i6bfk6xvsj4araci3vgvlkd
bafyreig5f3cprd3cgtlhgjmpkrem72gwhanxfhloxq5lkbvwfsykxybnii,2026-05-16T21:45:01.704Z,"Digit: 2,873,741 In words: Two Million Eight Hundred Seventy Three Thousand Seven Hundred Forty One अङ्कः २८,७३,७४१ अक्षरः अट्ठाइस लाख त्रिहत्तर हजार सात सय एकचालीस",N/A,did:plc:f4z2nftgrn75h7h3wucdyzaf
bafyreib5q3bor7ckkcieisbx2ytoskcrwupc7gnpzzrmg6wodrpwgvcrd4,2026-05-16T21:45:02.045Z,Queria que o meu demônio da paralisia do sono fosse bonita assim,N/A,did:plc:al7uswtp2gt32brhwbptf2ya
bafyreieuna2hc7jhibnzhsdh65xchf7mklfrlt74hqanl2ftn2dfjrqrie,2026-05-16T21:45:01.794Z,Rhode Island: Lakeville police investigating after pipe bomb found near Egger Bog Pond  #RhodeIslandNews #General,N/A,did:plc:oobayuj4zhhswbciunshqkpi
bafyreihxmyggahdd23k3hd66gda6y4ccfvqlkiyt6rjgydxznqtwe4ybyu,2026-05-16T21:45:01.893Z,"Digit: 2,873,742 In words: Two Million Eight Hundred Seventy Three Thousand Seven Hundred Forty Two अङ्कः २८,७३,७४२ अक्षरः अट्ठाइस लाख त्रिहत्तर हजार सात सय बयालीस",N/A,did:plc:f4z2nftgrn75h7h3wucdyzaf
bafyreidvd3infaaduhztf3hteolwc6okkje4dkflnc7dtz7sr57wyppzs4,2026-05-16T21:45:02.782Z,"Digit: 2,873,746 In words: Two Million Eight Hundred Seventy Three Thousand Seven Hundred Forty Six अङ्कः २८,७३,७४६ अक्षरः अट्ठाइस लाख त्रिहत्तर हजार सात सय छियालिस",N/A,did:plc:f4z2nftgrn75h7h3wucdyzaf
bafyreia3h4yltxckodr5cnwyrrfhx75gukd4cfjdjxgeq57ec6yaxgbkti,2026-05-16T21:45:01.691Z,"California: Auburn grad who just landed dream job allegedly shot and killed by boyfriend's father in Alabama  Alabama man charged after shooting Auburn graduate girlfriend, who recently secured her dream interior design job.  #CaliforniaNews #Crime",N/A,did:plc:oobayuj4zhhswbciunshqkpi
bafyreibgf5vtmlk47spp4qx3pcc445rg6ypfqmypau4ud643th3cnrbfva,2026-05-16T21:45:02.552Z,"Digit: 2,873,745 In words: Two Million Eight Hundred Seventy Three Thousand Seven Hundred Forty Five अङ्कः २८,७३,७४५ अक्षरः अट्ठाइस लाख त्रिहत्तर हजार सात सय पैंतालिस",N/A,did:plc:f4z2nftgrn75h7h3wucdyzaf
bafyreie7qbrvfplrkuw3putrkmhuugabmrjwgr227sifmnfjrh2fgwkavq,2026-05-16T21:45:02.271Z,"Digit: 2,873,744 In words: Two Million Eight Hundred Seventy Three Thousand Seven Hundred Forty Four अङ्कः २८,७३,७४४ अक्षरः अट्ठाइस लाख त्रिहत्तर हजार सात सय चौवालिस",N/A,did:plc:f4z2nftgrn75h7h3wucdyzaf
bafyreihxohppfbnkjmhxe5qwiy4nivrker7apwshacxtqr4nwssxkiwklq,2026-05-16T21:45:02.080Z,"Digit: 2,873,743 In words: Two Million Eight Hundred Seventy Three Thousand Seven Hundred Forty Three अङ्कः २८,७३,७४३ अक्षरः अट्ठाइस लाख त्रिहत्तर हजार सात सय त्रिचालिस",N/A,did:plc:f4z2nftgrn75h7h3wucdyzaf
bafyreidi4j55i52exzu736jt2qolcaryrxek4ttwhggmat5h4rkkgclc6m,2026-05-16T21:45:04.082Z,"Digit: 2,873,747 In words: Two Million Eight Hundred Seventy Three Thousand Seven Hundred Forty Seven अङ्कः २८,७३,७४७ अक्षरः अट्ठाइस लाख त्रिहत्तर हजार सात सय सड्चालिस",N/A,did:plc:f4z2nftgrn75h7h3wucdyzaf
bafyreig4tiqniacvwzi77eceylkiephsqx4u2oytudarkdyzv7df7e6p6u,2026-05-16T21:45:04.264Z,"Digit: 2,873,748 In words: Two Million Eight Hundred Seventy Three Thousand Seven Hundred Forty Eight अङ्कः २८,७३,७४८ अक्षरः अट्ठाइस लाख त्रिहत्तर हजार सात सय अड्चालीस",N/A,did:plc:f4z2nftgrn75h7h3wucdyzaf
bafyreicpqiuesch75gg5gm2ujz6fhtnezhfbtzwuz6uclu6wlbnsyqeb4m,2011-01-01T00:00:00.000000Z,"Point sur l'étude «Banques suisses et droits humains»  """"  https://www.publiceye.ch/fr/publications/detail/point-sur-letude-banques-suisses-et-droits-humains",N/A,did:plc:lb7v3uq23wmm5spv2a27kehv
bafyreieuqwtu4st5jt2ymp6ct7a7izgwcg7nmti2hdmohiwi2f3k6fv22e,2026-05-16T21:45:01.110620+00:00,Por que Christian Nørgaard é o número 16 que o Arsenal não pode perder  #Arsenal #PremierLeague #Futebol #FutebolInternacional,N/A,did:plc:xfxobbocq2kw4k72shbxre6f
bafyreihmmk5fgqtqkjsoacprgbksmwsc2cdtlvt34ki5ew65uwtbeunlyy,2026-05-16T21:45:03.930Z,Don’t tell me Bistro said no to a Threeway💔,N/A,did:plc:nvfvzjnjzjsr5blws3gimhuc
bafyreidi7s7n6mkt2pwturjtu6f7o6pr7oxzjxpryy5x5m2ou2ip3rerai,2026-05-16T21:45:02.000Z,📖 Bittersweet: Contemporary Black Women&apos;s Poetry by Karen McCarthy https://isbn.nu/9780704346079,N/A,did:plc:drumc3r4mg4qci5fshimhyqp
bafyreifh76yph7jrjli4sgumb7vatpo2ygp2oo4td5hebo7vkcacqsk7me,2026-05-16T21:45:03.936Z,"May we have your attention, please? This establishment is being closed.",N/A,did:plc:olbpbxz6ujnjv5rz63seduck
bafyreic7jntlabpwaa5cy5hjqrqetg5dkbjxcqutyznvpfjc6vcvvdomyy,2026-05-16T21:45:04.433Z,iubdfzoisudbfiouzsbdioufbsd,N/A,did:plc:xi4ftv3uxcrsnrxegcqs4nc2
bafyreiba7olwfxr3fnumbpu7mzdsjfmkr3wx3hlf7hexmtlr2nmsvi2ixq,2026-05-16T18:44:05-03:00,"Notícia da @folha.com  ""Em Cannes, Adam Driver é ex-policial perseguido pela máfia no filme 'Paper Tiger'""  Link sem paywall ⬇️ ",N/A,did:plc:y545canthvu4hk5bg4jdwh2t
bafyreiekg6xvnny7qjgui4ogtovqvkg4yujpgitiivo3vhcs2lrxm3m45e,2026-05-16T21:45:01.014620Z,"Sunday 17.5.2026, 3:14  Estimated driving time from Bal Bharati to Paud Phata (Kelewadi) (3.7Km) is 6 minutes and 38 seconds.  #BBPP",N/A,did:plc:ri5y7rcnpp3cfgebjmypm3ro
bafyreihbv6xm2terr7i3kzpvgzzfjlaavad7v5ae3xabwagnz7diux3soq,2026-05-16T21:45:04.471Z,"Digit: 2,873,749 In words: Two Million Eight Hundred Seventy Three Thousand Seven Hundred Forty Nine अङ्कः २८,७३,७४९ अक्षरः अट्ठाइस लाख त्रिहत्तर हजार सात सय उनान्पचास",N/A,did:plc:f4z2nftgrn75h7h3wucdyzaf
bafyreiht25sf7xyaaraktt6hiqbkjxe26hlhmwmenpmhusvdl6ensknpb4,2026-05-16T21:45:27.987Z,"Asked on my Discord for some ideas for drawings, I got a lot of them... Here is the result of that  ""Draw a pregnant centaur""",N/A,did:plc:eh5bqzkaw6kygbyintrm5bin
bafyreicp6b5ncvhr7vkkwxqnbflsmpffdiwgoc4cqclkf6xzi25zxfpxwq,2026-05-16T21:45:04.17168600Z,World,N/A,did:plc:fb4mzyevlohvf3icbgf4vq6i
bafyreiglysde3pz2fbbjuagc6lg6x4vqyfttru4ihaipuy3twc7jkra7w4,2026-05-16T21:45:04.211Z,"Colorado: Former NFL player Josh Mauro's death ruled accidental, medical examiner says  #ColoradoNews #General",N/A,did:plc:oobayuj4zhhswbciunshqkpi
bafyreih6lglbmsi4yhxjeoazrnwhod5jvontofa5iais2ofdcm2gryd7ky,2026-05-16T21:44:49.968Z,@sundaedivine.lol hi,N/A,did:plc:wuej2pl7pytrgxzitd5mu2g2
bafyreifo2xekro34kckvthv2jm2bxn6cw4k3qiofzrcxowxr323f6dkxhy,2026-05-16T21:45:02Z,Mrrrrrrwwwwww. uwu,N/A,did:plc:o7ps4woumpdbkdczerowgxkr
bafyreiecml6fkimwnjdihuymbh6rj4mxplb6m3yb3hwlwnit7cqlrnxdha,2026-05-16T21:45:03+00:00,"🚨 Tornado Watch issued May 16 at 4:41PM CDT until May 16 at 11:00PM CDT by NWS Omaha/Valley NE 🚨 Additional Details Here.",N/A,did:plc:mfekrrcqy2hj3u4d5vptqwyy
bafyreibbs4dvgzgazgdyt6aifj3dicxxcvebve7r7pj3zbsb7vsyhpdrry,2026-05-16T21:45:03.264Z,Beneath a summer's sky 🌺 #pokemonart,N/A,did:plc:puafzwakohigo2wlsrklg2ne
bafyreie7guajzrxdnlejcrf42fzrkbsbxatisyra3cd6zmq57lls34dns4,2026-05-16T21:45:04.666Z,"Digit: 2,873,750 In words: Two Million Eight Hundred Seventy Three Thousand Seven Hundred Fifty अङ्कः २८,७३,७५० अक्षरः अट्ठाइस लाख त्रिहत्तर हजार सात सय पचास",N/A,did:plc:f4z2nftgrn75h7h3wucdyzaf
bafyreidaxn6isg6wlbjs563gl27ev4zsqelpqrkal5tv6u5e2kmyo4i6om,2026-05-16T21:45:04.283Z,"Music enthusiasts braved the rain for Porchfest, an annual grassroots music festival which turns porches into stages for local bands and artists in the Elmwood Village in Buffalo on Saturday.",N/A,did:plc:litcz6wgvspamujgsjpzh7b7
bafyreicv7c4ybt4y4vtsplgnczm72ip7lwsl6u75bwfjgzz46w2viz2nyi,2026-05-16T21:45:04.271Z,bisi sorucam son durak’a ne zaman geri dönersin tahmini? ya da dönecek misin 🥹 şampiyonluk kutlaması vs?,N/A,did:plc:p6k3wszcfoxlmt3sc6ikhuvk
bafyreigyhjmshf26g5d5qdhzp7jdq4fuiwesjvesrw27butkxwliesvgsq,2026-05-16T21:45:04.275Z,Yes...  YESSSSSSSSS  THE ERA OF THE NIGHT PEOPLE IS FINALLY UPON US!!!!,N/A,did:plc:h6nlsg4olgenet7mt76vs4im
bafyreifevkv3ioa6xy2bmorpa4vmpywgx6nmkofofw5vrpeb2b6or4vkdi,2026-05-16T21:45:03.328Z,Cos when…. Times get hard to bear ! Chills! Chills ! Hands in the air!!!!,N/A,did:plc:y4v2ax4prrda72fmx2f6sxds
bafyreihqeqpiay2v7p3ukrjzoks76bnneodfryfarb2kez2ysfmdnhjoqe,2026-05-16T21:45:04.392Z,"I'll bet you ANY money, it's also cause in his mind, a straw is phalic 😆",N/A,did:plc:rgxgsulqg25kvtrywbsb23gu
bafyreigw3gw6bgbvyzgkck24itqmdf6dymnwb7vqm6ketz66oymreaytmy,2026-05-16T21:45:04.248Z,That's not how this works.,N/A,did:plc:6okanyel2nnben6zaitoat4b
bafyreifqppgvl4xx3qmp7z7pmkrepntcehioykb6emydf3heppkpxzdoca,2026-05-16T21:45:03.565Z,"When you record The Shot for the Podcast, please turn up the recording volume. Your podcast must be listened to on maximum volume and it’s still hard to hear vs every other podcast I follow. It would be much appreciated if you could crank it up a bit. Tx.",N/A,did:plc:d7yfklssnkod7l3pqvgvpxsz
bafyreid4h2bizqhrprufcoy4ny4xqgk5p22u3eleinn5bnjzrjeiwz6uj4,2026-05-16T21:45:04.716Z,Australia has recorded its first reported death from diphtheria in almost a decade amid further increase in cases across four jurisdictions  https://beaconbio.org/en/report/?reportid=6c960b39-db16-4c66-b1c1-fb9c22993c03&eventid=8ab057be-eb97-4763-aedf-405f85e81522&utm_source=bluesky,N/A,did:plc:j5dderib74uwu2lp76zh7yyh
bafyreiczdsxh4jxkpeilcut53syy2g7p3oxf6ryjlvszvbcxn25xqb3rwu,2026-05-16T21:45:03.815Z,I've actually done a lot of editor work for friends who write and used to write a lot myself so if you're looking for feedback about it I'd be happy to give my two cents,N/A,did:plc:e2z5s5td5dqfmiebgkpmkb7o
bafyreiazwbquknigjs2sjf4dtk2v4oi5fqsjzeefwfzfxl6xmknaotwebm,2026-05-16T21:45:04.077Z,"#biamag | Gençler hakkında bilmeniz gerekenler   👉️ ""Türkiye’de gençlerin içinde bulunduğu bir kuşak sorunu, geçici bir tablo değil bu yapısal bir problem.""  ✍️ Özgün Biçer yazdı  🔗 buff.ly/hdyMed8",N/A,did:plc:buwsdogku5xzejw7ywnksh62
bafyreifdu62iopt7lg6bdgbv4qoyhi25s7sxr277locfp7dqoybfxzgwli,2026-05-16T21:45:04.340Z,"The crown lies in the gutter, will you pick it up",N/A,did:plc:v5kkahdixvls26adlf2evjo7
bafyreifmnnmr66wrudlpmwefshepg3yrhpfxeuxcj2gczjhwcbin6nwbem,2026-05-16T21:45:01.545Z,Em teus seios ó liberdade,N/A,did:plc:czsiszhazfyquqd3qxthz2po
bafyreibleuqabcrggha6nl54y2dhuemg3oa3bpxpi3shokeq52zlkoxj6e,2026-05-16T21:45:02.779Z,"haha thats intense! Tbh i love mods on sdv to death, but sometimes i feel like this specific quest is a bit much considering how many additional characters get added, lol",N/A,did:plc:dhaouigllskwcyekg3bgpmcw
bafyreicct5szk5fulqsbfiyp2glxsjo2dtqf6wedzld2qcyp2e2wfhvwlq,2026-05-16T21:45:04.691Z,Pulp Fiction. Convoluted garbage,N/A,did:plc:c2zpaqyanai73uew7xhofjtl
bafyreigvsf5tunlyeuphomqjunxdy4uwapaerbbmi2i65hdg53ioayjyaq,2026-05-16T21:44:56.101Z,More and louder. Love to see it.,N/A,did:plc:du5dwrdtshlwedwjcqsmfy6x
bafyreihgyteu45n2lqurbis3nzupo3e5o2va6dhvtrhlhpphgqstpyfb5e,2026-05-16T21:45:02.518Z,"Fyldt med, fyldt med.",N/A,did:plc:bwzaxqdutgp6lj4ieofux6uh
bafyreigtccqw7ehu5ej62igtrlioh3zwkiz5tlffshuhsodmjgksuuhsr4,2026-05-16T21:45:02.633Z,That was an amazing performance from all the returning performers. So many new versions of familiar songs. #esc,N/A,did:plc:cbxpfvo3eb3gpslwyecu4kgy
bafyreia6xtyztwm4nsbvie5xb72nzm34p5r5pm4hmscqciqbzbdnyoctgy,2026-05-16T21:45:04.63339100Z,"Hank is a Trans-Neptunian object 27 percent more massive than Pluto. Hank was originally named Xena, after the warrior princess, but then the scientific team that discovered Hank decided that Hank should be named something more astronomy-ish. Like Hank.",N/A,did:plc:u5m4g6von6tlg4hkayilifkf
bafyreiegk56qohspaa2ceyedq2ogs3izl7kznafispmzv4kbms435vzkjm,2026-05-16T21:45:03.807Z,This is so cool… I’d love to die by the hands of Ferdinand von Thigh-er like this,N/A,did:plc:wzywamos65mmqfove2xhoxxj
bafyreiht3nwp52nkokul54zdths6gjmqxtrbfi5iltk5ol4hrhm35ejy4y,2026-05-16T21:45:03.104Z,steer clear which is the Instagram-like for Season 1 garbage cans out of the Steam Deck,N/A,did:plc:e3dnhqnkeqnlgzzcoxjn6f7n
bafyreidyo54ekj5dfmj4yvug5h6sjs5tgl3lk6iiejicsqndjbtv2lselm,2026-05-16T21:45:02.215Z,"So. Ihr verzeiht, ich muss jetzt aus familiären Gründen a bissi vor Stolz platzen #Schlagzeuger #patensohni #esc",N/A,did:plc:dvuqwakjjljej63x2golzidt
bafyreictq34ty6fse5d6skw6ib4f32lsei7wf7qb5yokmu4c7urkzw5cze,2026-05-16T21:45:04.793Z,Shit I bet,N/A,did:plc:lxdvfc2h42nk63cqkbiwhmwq
bafyreideevpwozwm4tornhhzr7oxs42kllh2bytc7hbb24hiuuofvccyum,2026-05-16T21:45:04.67023600Z,"I can't lie to you about your chances, but... you have my sympathies.",N/A,did:plc:rx6tatnznisgqjxv5mgcmv22
bafyreicx2qeoqemhc6d4qupykz4v5lo3yuyqy4leqdqu3hppy2ogch23yu,2026-05-16T21:45:02.300Z,"La quitan y la ponen cada dos por tres pero siempre q vuelve es buen momento para recomendarla. Joyita desconocida producida por Paul W. Anderson en la linea de Horizonte Final, ciencia ficción molona, original, buena ambientación y giros chulos. Con Dennis Quaid, Ben Foster y lo mejor, Antje Traue:",N/A,did:plc:daplto33uqatqvce5nrjdwrz
bafyreihz4huylolnjna2fwn24a4petcwpxp2wgaw4hv65stmdk5uygpncu,2026-05-16T21:45:04.680Z,Utah: Israel's military says Gaza strike kills Hamas armed wing leader Haddad  #UtahNews #General,N/A,did:plc:oobayuj4zhhswbciunshqkpi
bafyreicoe2vcl23vqbmxkugph3i4n4tqgvamdavhxiocfxbjbwuszvldum,2026-05-16T21:45:05.009Z,"— Kira, ""Emissary"" (DS9)  Episode  █████░░░░░ 46% Series   ░░░░░░░░░░ 0%",N/A,did:plc:olbpbxz6ujnjv5rz63seduck
bafyreihrwrxueurze33k3xdpcxorl6yepg7cldwg4c6v2rgbhytmnx3wea,2026-05-16T21:45:05.003Z,🙏,N/A,did:plc:ts5o4lwruspga6ybroodorkj
bafyreibdtcykvm4iratur3u2bzljqvtiq3jsg57fvul74spomgxmkzcx5y,2026-05-16T21:45:02.859Z,magic 8 ball says what,N/A,did:plc:34d45jjiq4fn6rw2lgypqwng
bafyreibbnxgrmpoagfwj3au2twb5rm3pwmw6jphio7z56pqy6izkmplmye,2026-05-16T21:45:05.205Z,harry pleaaaaase go on an actual tour soon,N/A,did:plc:szd6kmaoms7uziqk4pdd2v77
bafyreifd4dqwtwr4oe6pfwgmi6235hsdonodqjymrq6n2snawzkiqwb2uy,2026-05-16T21:45:05.172Z,Why yes exactly  That’s why they are so pronounced,N/A,did:plc:dpc5h4ld255ownz22kj6uxic
bafyreigww6dqdpgdzzd7sqlwkrv6upbl5eb2svuxou3625kdkcitvdufi4,2026-05-16T21:45:02.800Z,Finally got around to watching the new Gameoverse pilot and I'M SO INTO IT! I really look forward to seeing more~  And I really need some connections so I can get opportuinities to voice in awesome stuff like it!,N/A,did:plc:5ifyox4siurc5mz425ogssxu
bafyreihfsnpxilcvqonhxlzabri6b5gmdzhqr72jempcsad3kdkovpvivq,2026-05-16T21:45:04.517Z,"BILL UPDATE:  H.8845: Commerce, Justice, Science, and Related Agencies Appropriations Act, 2027  ACTION: Placed on the Union Calendar, Calendar No. 567.  #congress #science",N/A,did:plc:5g5w6trzfbpnqukyonaugz6m
bafyreihfiwvspdnxmaznjohb5jznkdnpcqksr6e5lftjhn3phbh6qdui4m,2026-05-16T21:45:03.370Z,"Le mete un poco de magia y fantasía pero mantiene el espíritu salvaje y gamberro. Y, para variar, tiene unos personajes entrañables y muy divertidos. Muy recomendable también.",N/A,did:plc:47wyo2try6nnvjbisi4ppjjl
bafyreidxhcinsyqwvloqyqi42j2y6rvu7inl4tayinv43ewhmtf6232zbm,2026-05-16T21:45:02.978Z,www.instagram.com/p/DVwmEMXkbo...,N/A,did:plc:i4y7uqs6ambnzzbo4ktqzkeq
bafyreibp6wcotjytr3nykhvvpax4zbvyxvwcrx2hvrbtps4ziduvgnin2y,2026-05-16T21:45:02.106Z,Es ist auch keine Kugel sondern eine versteinerte Kartoffel. 🤣😉,N/A,did:plc:lqcatuv7jiwwim6fott74q7v
bafyreig32n2rnh7qkuu56uy6fnfdrvwsukkgnzyvov2i4fjd55zd3q2x3q,2026-05-16T21:45:05.017Z,I am so tired of these made up names. It reminds me of elementary boys making up names and throwing rocks. I am embarrassed every day.,N/A,did:plc:vt66slenbhjkuzknaxn6budu
bafyreibeqczxeq4w3pooh54dllmcs4fjiktxkbwqvmnif25o2jw3v46ela,2026-05-16T21:45:01.054Z,creepy buggers the lot of them,N/A,did:plc:zl7lghhitrhc553o6ek6olja
bafyreicqo666y4dprwomrl5r6m5hc6f5l7fwgsyu7jxiqnfaxyssqhhfju,2026-05-16T21:45:02.629Z,"$10 use to get me a double cheeseburger mcdonalds meal, comic book, and movie ticket on a Saturday with my friends years old.",N/A,did:plc:hvsmr2324jovdpwwui2ygj3z
bafyreihmq7l4nspu6ocpwdhixwoshteihv4fizt2ofjnvyl7vum3y3h44e,2026-05-16T21:45:01.96070300Z,"""I am alone: there is no God where I am."" - *Liber AL vel Legis*",N/A,did:plc:g62uxetfyqozgkg6k5f6mpcy
bafyreiflwpms55fnhcminva7el3hmg4yerx24b3r7suhtvn5vsqnbqcxw4,2026-05-16T21:45:04+00:00,We are playing: Toxic from Britney Spears. Listen now at https://thexwgxx.ismyradio.com/,N/A,did:plc:vjjp2l7q6mzgs5n3tds5juse
bafyreicpjfyjlip4pey4npd2c6sm73swexxwfznolpqpcln66giwgtrqvu,2026-05-16T21:45:02.401Z,it will make a billion dollars,N/A,did:plc:4vr2wh3fnmvwtnimyb6nexl2
bafyreidt6egrlcvcqe3yju6a2xlmj465ugz6sg5s6wskczfyi4tk6524qi,2026-05-16T21:45:03.928Z,"Again, you fail to address anything I said and have yet to offer any evidence to support your claims. You also didn't go through my entire timeline and clearly have no idea what it is filled with. You are however, projecting, yet again.",N/A,did:plc:ygpdhvl7f7wskd57miuwttmg
bafyreid6dfel2wqmpl5tyyjrezimuvy6zboysb6hzjtalamgidkxfno7ba,2026-05-16T21:45:04.672Z,Israel mochte ich auch.,N/A,did:plc:wib34pztubtne4is6yvyr24e
bafyreig3dx4f2pwandvfjeybw2qtrhlqr5ibiwchvsqxlevsit7qn7zw4m,2026-05-16T21:45:01.333Z,"I’ve played this game all the way through two times, this is my third replay, I’ve probably put collectively like 500 hours into it and I have never seen this Link-At-rest animation until now omg #BOTW   (Because I never let Link rest)",N/A,did:plc:mrl3p6ed5pswq22lv4crnqzl
bafyreid7bdpiwnn4vv4jpckjmptdpo4dcsjleyxbdf4q7hiajx3lp746d4,2026-05-16T21:45:00.461Z,I definitely ran into more of those sorts in my time while dating.,N/A,did:plc:koxkgro74hfkt2rba7fmphkp
bafyreigkaouuxrd5rnqrdlwqobuhlzi566nrmj3hqqil6ghymmk2tbxkte,2026-05-16T21:45:04.428Z,yeag 🥰🥰,N/A,did:plc:lfx43bgrzjkkxpbhqphfzdjn
bafyreifthbg2x3e4u4tmnrixsnt25uvhoiy5j52fffr7b64t43uimzywze,2026-05-16T21:45:06.391Z,Oh this looks good. What's the title?,N/A,did:plc:uiiyx6o6ny4b5ncde4bq5t7n
bafyreiei5xp3s4og23e7bwblqa6eqhizfea2ah64osnvdmqvkze76xogmm,2026-05-16T21:44:55.702Z,He needs a raise #Greece #Eurovision,N/A,did:plc:jxcy5a2oaqpy4c3kdp6rgpf6
bafyreihgrx7u6h2dgzabylt6cc4t6lmjknearzszltiskzbbonfdwxl4ry,2026-05-16T21:45:02.775Z,Latest NamiComi update.   buff.ly/hsfzpjr    #webcomic #comics #webtoon #indiecomics #oc,N/A,did:plc:lr5ncytwxapyamtrfj6mghni
bafyreiaq455wjftjnr53ymy3ea5lzms5mp4b3wxjp6cemv6e3nfra74yxm,2026-05-16T21:45:04.899Z,"📚 Daily English Challenge!   Can you spot the correct sentence? 🤔✨   Test your English grammar, learn common mistakes, and improve your   💬 Comment your answer before checking the solution!   👉 englishmasteryhub.com   #LearnEnglish #EnglishGrammar #EnglishChallenge #SpeakEnglish #EnglishPractice",N/A,did:plc:dc35zkwr4qoulofwqxlky34y
bafyreig32gj4azqgawkddcl5ggzo4npecw6ijfbyuflzq3aazu6rhyq4ne,2026-05-16T21:45:03.456Z,there's no way this is gonna develop the film,N/A,did:plc:jsfg7sujuks7vs5hgcstpspo
bafyreiff5xtfjgnrfy7jbtzuvyc4gzuzy5lomknolxzrrry6oyah5vhpcm,2026-05-16T21:45:02.828Z,Thank yooou,N/A,did:plc:l2nyqrjnlrnz2vsywnuypfhh
bafyreihyam2cne52hetouzmxps4vrex7rirgnulmjyrev37zhwffqb2t54,2026-05-16T21:45:04.322Z,Чому їбуча болгарка перекриває нашу лелеку,N/A,did:plc:fzxa7gdllajkt6mljstz4r2q
bafyreibuyrpva2xgiunxzvrtcjbatrpm3hp42xedy6px6ogakslyt5g57q,2026-05-16T21:45:02.252Z,Du hast es ganz durchgezogen.  Respekt!,N/A,did:plc:onnocvzfp7m2wp7fl4msgy66
bafyreibze7alauvth3hgc6vtufu6sqg3dqtguhttq4t4awpgg5ko73c7me,2026-05-16T21:45:06.919Z,Some kind of marvelous saturday,N/A,did:plc:647imdjnvy7xycbkddg5pzkf
bafyreiepte2345xeemlox2h6pnt3qyj2gaxglkxiaanfycdamuvkeiuimy,2026-05-16T21:45:04.483Z,HAPPY BIRTHDAY RAPH!!!!!,N/A,did:plc:kkfqjmqfhbimoucuftzvqs44
bafyreigvi73oi2qopyhmdmislsdyv4iemtilq4cvuio2zm2xvjqv4iopji,2026-05-16T21:45:02.826Z,Jrpgs is the stupidest shit I've ever said btw. Traditional RPGs made in Japan? I dunno. But you know what I mean.,N/A,did:plc:kh2oghs5wa2j2hmyc6qbc7xv
bafyreifbtvghih5qzhiqa4awbwex7vwy3bfugr64z3siy7iu7eevxsrd3a,2026-05-16T21:45:03.509Z,"Nothing will put me off. One can always just watch the songs, drunk.",N/A,did:plc:il2l6hwuijc7pqdluzikkt6x
bafyreihaxzivsuvxlvlejwxzua2jw4rjolvqy63zrllxzk73icbflaclta,2026-05-16T21:45:03.847Z,se la pasan insinuando cosas horribles de violeta y ahora se van a ofender porque ella sube un tiktok hay que tenerlos gordos,N/A,did:plc:lhvssvjfnuiln34v5um6qwhx
bafyreigxxvt6szsftrg4f7e76oksta37p3gazgutpejbl2xflxnvaykowe,2026-05-16T21:44:57.311Z,地雷系ヒビキ  #ブルアカ,N/A,did:plc:nfgv2dnz6degh6beqaes5uym
bafyreifpx4dw53sa5svu5jf7echykxhn4famylzeupueoscg3sj74a5wxq,2026-05-16T21:45:00.248Z,get up,N/A,did:plc:nx5lvubxyt5thwmmlfo26vos
bafyreid6ygopu6s2b3nz4mjrw3uxnicxixgc23yjra75bqel5twoe6srby,2026-05-16T21:45:03.387Z,Det är orimligt att nån som har det så bra är så olycklig som jag. Skärp mig! SKÄRP MIG!!,N/A,did:plc:lhuyaajsqpwzg4gp24zedz7o
bafyreihmb44doc4is3xpp6nvgr4vdlcu33e34n5jxwdo75ihnzizybyqaq,2026-05-16T21:45:02.023Z,"sludgy nasty drum machine punk and twee masterpieces, one man band budget rock and unhinged hardcore. another fantastic week for punk <3",N/A,did:plc:xbzhibi5bxhtb7ospvl5ljct
bafyreia7ejf45jplgmxja6fddjncffqmkc3cqcbh4gqr53hfzbpxt574gm,2026-05-16T21:45:05.399Z,"Digit: 2,873,751 In words: Two Million Eight Hundred Seventy Three Thousand Seven Hundred Fifty One अङ्कः २८,७३,७५१ अक्षरः अट्ठाइस लाख त्रिहत्तर हजार सात सय एकाउन्‍न",N/A,did:plc:f4z2nftgrn75h7h3wucdyzaf
bafyreiabcz5rdd22hkyvcqzdu3gvz6tkruhbnb5rok7fvm6fdz7a2bezl4,2026-05-16T21:45:05.248Z,Massachusetts: MCLA President Birge bids farewell to the Class of 2026 at Commencement  MCLA held commencement for 159 undergraduates and 20 graduates on May 16.  #MassachusettsNews #General,N/A,did:plc:oobayuj4zhhswbciunshqkpi
bafyreih5n7q57x5hmgvhbuz3musvqsnwglc3yvsxljiyrafcp6grivp5xi,2026-05-16T21:45:05.618Z,"Digit: 2,873,752 In words: Two Million Eight Hundred Seventy Three Thousand Seven Hundred Fifty Two अङ्कः २८,७३,७५२ अक्षरः अट्ठाइस लाख त्रिहत्तर हजार सात सय बाउन्‍न",N/A,did:plc:f4z2nftgrn75h7h3wucdyzaf
bafyreig7estpmwhiqxk56my6urogqf25oyqboj7iyxb5cwwy6xwhurvj6y,2026-05-16T21:45:02.463Z,"はᯇい(,,>᎑<,,)❤️❤️❤️",N/A,did:plc:o5ru3huigh35f3jwoh7t5kqj
bafyreih24dic75q2sqbfkc5khcrprvoqiz6bajpnkchglnh6pd33vgimai,2026-05-16T21:45:01.165Z,"Keep learning, growing and adapting #UBClassOf2026! 🎓💙 #UBuffalo",N/A,did:plc:ivoffiwb4grgv5jnkccheblq
bafyreiejaapzjuhbu6luflr742y6rikars7k4dzh5wq5j7hhuqtjvvk7je,2026-05-16T21:45:00.106822Z,BBC Radio 1 Radio 1's Rap Mixtape  Now Playing Moelogo The Baddest (feat. Giggs),N/A,did:plc:uqsv2fby2su6dj3wstxsnzkv
bafyreibt3lt7nvfr4mwidjpymnqcrrusdyp6dq7jpurllyu6l3f56p5hlu,2026-05-16T21:45:02.236Z,The old heroes of the games industry and game development are not the ones we need to revere or listen to now.   Times have changed.  The industry has changed. Players have changed.    I feel like the games industry is as much stuck in the past as it is claiming it’s progressive.,N/A,did:plc:nhqevxj357brzr7kfvrfo2mp
bafyreiayxl47xmrdajm63flnlothzgnhmmi6yztqndczvrrlrvkpvcgibq,2026-05-16T21:45:01.568Z,Leanpub book LAUNCH 🚀 AI Performance Engineering: How Agentic AI is Transforming Load Testing by David Campbell  Watch here: youtu.be/SSrx8SUYFcU  #books #leanpublishing #selfpublishing #booklaunch #ai #programming #risk #softwareengineering,N/A,did:plc:n2fy2qzzdpztuyf3llh7lyao
bafyreicmu47jcqhewhalhnzsarjwwhasgd7nrqpkcgbmqfhfvzwdsc3b6m,2026-05-16T21:44:39.976Z,Räkätoosa suostui viemään meidät suorajuoksuradalle. Laidunnettiin 41 min. Aurinko paistoi ja Porvoonjoen yläjuoksu alkaa kohta muistuttaa Pohjois-Englannin jokilaaksojen romanttisia akvarelleja. Oli siellä kalastajakin 🎣 🐶🐾🐾🐾🦮🐩🐕‍🦺,N/A,did:plc:pbh3xncyvssjqpbzruwc5xex
bafyreihhm63kv2q3q7qf7c3u74r25djgbtoe47ush5zv6qnkhn6jcmpvni,2026-05-16T21:45:03.155Z,"Dude, you sent yourself there, no one made you be a mercenary for fucking Blackwater.",N/A,did:plc:pmqtusk3klwbs6jhblonyqhd
bafyreiemzcwmupdfcdvqksuaqknoxp426mnfbkxrxfzkdw5lu23vhu4r7a,2026-05-16T21:45:02.680Z,the things we do to remain in the land of milk and honey.,N/A,did:plc:xe7pbxp7e4lbminwhp4i4m3b
bafyreih42ohozfeinuzt3hfzv2lgq72zp5bqnmo2c4tmjsrdkx2bjcvidu,2026-05-16T21:45:05.000Z,"Goodnight, Skybirds  May you learn what you need to know",N/A,did:plc:jr2lfak4zoej4y53hrq4ycat
bafyreibzk73u7xel5vhvzbn5ix4ydmgkxkwn4wgppwa5t4u7n3q4cagbje,2026-05-16T21:45:05+00:00,"Now playing: ""Dancing With Myself"" by Billy Idol. DL our free app & listen at https://Jeffro.Radio",N/A,did:plc:cvhr6cjnygs4quyi4k445ypm
bafyreie3afltil46qd2sx7ffvq5r2bh2cqykltpqflmnuqam3honkvm3hi,2026-05-16T21:45:05.263Z,Sweden and Bulgaria my favourites,N/A,did:plc:yqembsj7bikxhprw2s76wkzn
bafyreiaarodxegy7cx4l66tje4kigpitcecw7tv6yjdp3ub5zglswsbu5e,2026-05-16T21:45:05Z,President Trump says the U.S. does not need any assistance from China to find a resolution to the war in Iran.,N/A,did:plc:kz2rkvdoe3pksjl3vidvs4bg
bafyreidftw2kb6yvmoq4tazdmbtrqsqzfj44ob56pqpenm5xa3gf5rq4li,2026-05-16T21:45:05.206Z,nihil obstat - nothing prevents #quotebot,N/A,did:plc:eexsccyhtsxfdb43bnbdfqyd
bafyreig6zyy4u7jmxe223kmzqlrg6ypsj7wxteqhdsuszjcrz6dw7fahlu,2026-05-16T21:46:13.228Z,"bom... ninguem quis me ajudar com o site q eu ia postar os mods de graça, entao tb nao vou mais correr atras disso nao",N/A,did:plc:kakmhyrl275pyve37yxm2w6a
bafyreiespgyeztunpxnpjz4ts7cbtjfr55idse2xgefl553wzafrzr6cam,2026-05-16T21:45:05.154Z,hi,N/A,did:plc:dliyiswfhm5cqdepwessxob5
bafyreidx2j3eyqiohhn2b64uxqpqb35oevy4gzejann5hpiohny7ncjv74,2026-05-16T21:45:01+00:00,"📣 ORCHESTRE DE CHAMBRE DE LAUSANNE 📅 Le 22 mai 2026 🏷️ Musique / Concert Moins programmé que le Concerto pour piano, celui pour violon de Schumann est génial d’inventivité. Comment ne pas résister aussi à l’énergie de la Symphonie n°7 de Beethoven, cet hymne… — https://toulouse.plus/FMAMID031V50YYKD",N/A,did:plc:e5q6nutqi5fpdkxim2qhlmgp
bafyreigpsyvmlpojq5lxxqvb6qkwm7sfhuayg6jk6drdi76v5za7zzx4z4,2026-05-16T21:45:02.249Z,like this is so bad but trump's jeffrey epstein memorial irs fund for good boys who hate joe biden is a maturation of the personalist regime into actual institutionalized corruption.,N/A,did:plc:xgbpqjrln4ubpbhznl45kun5
bafyreigxjtlfagsk3q5xorkla3elafejtesoj76ib3a4to6zjjlnbz7ilq,2026-05-16T21:45:05.139Z,bu belirsizlikten cok yorulduk,N/A,did:plc:zt2ck2n2kljnw37kcjlxnvxg
bafyreigsl4e4p34oe2dapw34qnyzq7grc3gwztxjzgus2txcoag5rotbve,2026-05-16T21:45:05+00:00,"🚨 Tornado Warning issued May 16 at 4:32PM CDT until May 16 at 5:00PM CDT by NWS St Louis MO 🚨 Additional Details Here.",N/A,did:plc:4zt5mtzdva524lodld7tzrev
bafyreig25but7c727eg6ctvng4n2tftkbanrys7goh6n4ncmkstksr3txe,2026-05-16T21:45:03.168Z,I need y'all to peek my favorite music video of all time real quick.,N/A,did:plc:h7miceqf4xlckwtzq7tnjubb
bafyreieyiwpbg6hbdxn7iifsmsw7wyf7yfti4nplpcmteys24rztevz74u,2026-05-16T21:45:05.627Z,🔔 FIGHT—Kiran Bhatt (MUM) vs. James Odhiambo (NRB)—02:47 P3 Both players sent to the Sixth.,N/A,did:plc:jmx6yx2x3cns2moyesplxlt3
bafyreichgvgtkqklru4tp2p3a57xmqa6uich5vxugio7sayof7bcq6yequ,2026-05-16T21:45:04.866Z,"WYO 130 Green Rock Trailhead,  5/16/2026, 3:45:04 PM",N/A,did:plc:2ij72g2gk3wfugc4dnag74jw
bafyreia76hbhovyiu5nn6qxa5vwt3kpsy6vdpoplqo67btnp2ow7jg74yu,2026-05-16T21:45:02.080Z,"🇺🇦 🎾 Ukraine's Elina Svitolina won the Italian Open on Saturday, beating American Coco Gauff 6-4, 6-7 (3/7), 6-2 to claim her third Rome title  u.afp.com/SRnc",N/A,did:plc:r4ve5hjtfjubdwrvlxcad62e
bafyreiajw4cjtylvhqe3kkmmhal5l2aisjl2rdqfh3vbzm6ykszdtd6oqm,2026-05-16T21:45:02.917Z,"Eh ois wurscht, aber wer Verka Serduchka und Lordi auf die selbe Bühne stellt gehört bitte in ein richtig hohes Amt gehoben.",N/A,did:plc:awfvs6malw5jxhbnvohqfisu
bafyreicmmvcstja2alzhpbspnifycff5sghxdwskbuuj77wrguc6ffo2ou,2026-05-16T21:45:05.003Z,NBB Resultados: 15/05/26 lucianocmoretto.blogspot.com/2026/05/nbb-...,N/A,did:plc:qayorxrhrrxskmvnb3t6k663
bafyreicjkdlhzqs6ktchrqgucqqacnhisiqdgj5zpxxn4gc5ipoxasp5xu,2026-05-16T21:45:06.627Z,"akylas einf komplette maus, imho. 💞 #esc",N/A,did:plc:gm7spylvutxscnjx6hf7qnt7
bafyreid26t6zo7alpmgat763nwitkbjgza73acdcxvgxlmpsfudnwactbi,2026-05-16T21:45:03.308Z,The presence of the Eagles chant at the PGA Championship is pretty great 😂,N/A,did:plc:ag6j23gcji2r3r3kqdvgrpwc
bafyreicavnysyujstvb3cjgdgi6gkschgvf3jejxcoe5tc4y7cdzmeqkga,2026-05-16T21:45:05.832Z,"Digit: 2,873,753 In words: Two Million Eight Hundred Seventy Three Thousand Seven Hundred Fifty Three अङ्कः २८,७३,७५३ अक्षरः अट्ठाइस लाख त्रिहत्तर हजार सात सय त्रिपन्‍न",N/A,did:plc:f4z2nftgrn75h7h3wucdyzaf
bafyreifoahbedyaad4wnnkpkfedru5pnfdrwaarvwwejqfqgcyxwe2ftcy,2026-05-16T21:44:59.651Z,Good Afternoon 😉,N/A,did:plc:gw5tztwnwgdvgtgh5uwscyya
bafyreia6iig5hhmdqs7i5b3i7jadjgezyt3gupaygt4k5bw2fvr2pgtzei,2026-05-16T21:45:05+00:00,“On The Border” by Al Stewart is on Great Big Radio RIGHT NOW. Listen LIVE at https://player.live365.com/a43930 - OR Download our newest CarPlay-ready app at greatbigradio.com!,N/A,did:plc:hdox6nl4wc4fboxnkluwdhxq
bafyreibvdkyyvy6hw56ibw2agh5iw2soxdryjemmenp7acoz2hcmpredzi,2026-05-16T21:45:02.500Z,Thanks Daddy🥰,N/A,did:plc:ohoqhn4wzs6ilzv7lnwpz4ik
bafyreibl5j7trq2pckwwexpq56ty3gon6ki4ihxr3wezes2cg64nqge7pq,2026-05-16T21:45:04+00:00,Cheating Wife Craves Pool Boy's Massive BBC  Full video 👉 https://sexymilfsex.com/cheating-wife-craves-pool-boys-massive-bbc/  #big #bigblackcock #black #blackcock #cheating #cheatingwife #cock #fucks #pool #wife,N/A,did:plc:gpd3cxzcmr7c3ilv2ruoa7i4
bafyreifjdmhiv2dguh4vc5f2skaprx3b52q6rs3tlyxyhhd55hjpd4i22e,2026-05-16T21:45:05.728692+00:00,"Gonna need a new name for on-chain zaps. They're not Lightning. There is no ""zap"" involved. Someone call up the head of marketing and put some top Nostriches on it.",N/A,did:plc:ak6xsotudhfibusxxtiqan6b
bafyreia6eogpu2xsywf4ztq5xcg55wywyy5yl5d7osutcf2bmliaf37pvi,2026-05-16T21:45:06.347Z,"Interesting. Worth a try, certainly.",N/A,did:plc:brvu7vlxsmpl4rnhhithlglt
bafyreigitdmmysfcjsuawm5y6rwi6z36oy5bmiswvremewgvyzvp6dolvq,2026-05-16T21:45:05.344Z,Give her new dresses 3 times a week.,N/A,did:plc:gbcqavosnuvwicwrdhwfz5at
bafyreif4ri2plqghp4qdhrbkya5se62knpolpuzrgmzzpj6qivytzgcrtu,2026-05-16T21:45:05.546Z,"Hey thanks, that's a very nice thing to say😊",N/A,did:plc:z3gbjgnsfhwxb2d4dz3jr2dj
bafyreiemr7zscs6adijutdg5vcr6jmhycwwwepd6ll52rfygynuanq5mmm,2026-05-16T21:45:05.292Z,"Available in the Hawk and Peddle Marketplace: Data Queen fine jersey tee    The Data Queen tee is a soft, durable everyday essential with a flattering tailored fit and smooth fine jersey feel. Easy to style, easy to layer, and made for women who lead with logic and confidence    buff.ly/Xj9Bl7u",N/A,did:plc:77jbpnab4ljmwk6ovwhh3pmg
bafyreifld2iqmu2cuocaxa377zcqf4yaj5hp3ujeff4xyaavu44svbrdhu,2026-05-16T21:44:57.607Z,vamos ver se o cabelo novo vai ajudar nessa balada ou não,N/A,did:plc:ae7c6ojuhunnoogc4dhymy4y
bafyreigiieiy6p42q44qsaqdxm62lovvfmtroogsmzrs7sr23cwxjhx4wy,2026-05-16T21:45:04.727Z,En ik ga niet stemmen.,N/A,did:plc:eky6f7u5i6oy2hcxhpbmbjpf
bafyreig72xulkt3ljf36dxrctdttt3eck3gfd4onobiuexzsds7ey3rymy,2026-05-16T21:45:03.610Z,Unhammpy >w< Touch the beansss anyway x3,N/A,did:plc:r27qllb6nmcsxend23s4cxnr
bafyreie7trxjd3u3zg6h5c7zzhnuysgoftepf5tm4sarx2svhfndl4krhm,2026-05-16T21:45:04.958Z,foda dela é que o lacday não pega. marca um alergologista,N/A,did:plc:s52olxukbzolhiryck6tzcng
bafyreihvsvnbtllovfqxclagz34aevttzzfj277wyxo4bvfz3ofcbu2i7a,2026-05-16T21:45:04.202Z,youtube.com/watch?v=UW8m...,N/A,did:plc:3jdqko462hbbgtoeyfpn56nx
bafyreifwmpibtzwti545y2e4xk43ri4jsjp4dbb7vzp6av74lx6tggx3ea,2026-05-16T21:45:00.596Z,Rain delay on the field today. The home team is on the charger #corgicrew,N/A,did:plc:w2s3kfbodeyotcxxp7p4skao
bafyreihkkmje5syirbdvhdaurjqf6qyic7cstrpocflg4ylnxws5za5xje,2026-05-16T21:45:04.509Z,朝からｵﾅｶｲﾀﾀ～,N/A,did:plc:mohb2aif3wb3f7z57dfmw7tj
bafyreieiyfhfzvse7ama5ir6q25x66tt3hj7upwedwajaga7juo5ls6r3e,2026-05-16T21:45:03.417Z,"Ta be fair - that's one position he hasn't had a choice cos the injuries ta Joey, Frimpong & Connor (long term) have all overlapped 👍🍻",N/A,did:plc:llqjr7xmvheex7k74jzdx3jz
bafyreicxde3lbdcl2qafty5tezclm44trqwflgpgoshdz7kcgdojzc4bdy,2026-05-16T21:44:59.907Z,                Salmonella fears prompt recall of seasoning sold at Walmart stores nationwide  Source: FOX31 Denver,N/A,did:plc:bx2one6aaewknjwqo4d56tpe
bafyreia6sqvkd23zdzc2uztcx5mw6qur226ggujvypiijjjw6olwhrg62q,2026-05-16T21:45:04.997Z,"Tu as fait une belle pause non?  Ça va?  Jsp, c'est pas trop hard après un break pareil?  Je te trouve intestable ces derniers temps, ne perds pas ce move 🙂  J'espère que je ne suis pas maladroit",N/A,did:plc:webq546ppocva7faankk5cl4
bafyreiccersnzjpnvlgzf7jgntl7ldgixskiq5cticszcid7m6ahttenm4,2011-01-01T00:00:00.000000Z,"Paraquat: Does Syngenta Respect Human Rights?  ""Legal Opinion about The Distribution of Paraquat""  https://www.publiceye.ch/fr/publications/detail/the-distribution-of-paraquat-does-syngenta-respect-human-rights",N/A,did:plc:lb7v3uq23wmm5spv2a27kehv
bafyreigrbmqizoqlyrs4cejeodo72qv2dwpzx3sqhok56e2cjdadv7vrwe,2026-05-16T21:45:06.043Z,🔔 Rahul Nair has stepped out of The Sixth.,N/A,did:plc:jmx6yx2x3cns2moyesplxlt3
bafyreibawufpzxtrwpqrlgl7xeoenrpebieygrp2pqqbengzbg7xlr65y4,2026-05-16T21:45:03.576Z,This is the worst movie I've seen all year,N/A,did:plc:upj6db3cgcijnonsxvyccccq
bafyreifouhgfrnfamnaz3xehyka2ckvjxjqkofrs7mpwzoklrlvg6qcai4,2026-05-16T21:45:02.849Z,Same.,N/A,did:plc:vnjqplvrhvo4ha6eb4munn7i
bafyreidjiv2mlrcjumhfurg6w4u4ejwriwcdp5yt733sfumangdgnb5mlm,2026-05-16T21:45:05.707Z,I've got strength of the soul. And no one's gonna bend or break me.,N/A,did:plc:da2646grf7to4bp7g3ub2srq
bafyreigj7verrzsil4lcphhdcrqslmf5pf27wb3nn3ffhgdxjl5kkvq6ca,2026-05-16T21:45:05.457Z,I no longer believe that I'm going to be struck down by a punishing God. - Bari Weiss #QuoteBot,N/A,did:plc:dghpqtkc7g3kiixbob2s4ozh
bafyreia7hpyzmqkezl4ht36jycloeeyj7jm3gdo7bsq63njhiwobrct3hy,2026-05-16T21:45:05.677Z,"Har lakrits, lyssnar på Scuicide och leker med min bästa katt. Om livet vill jävlas tar jag det imorgon (tänker att i alla fall @grishund.bsky.social är med på hur jag menar)",N/A,did:plc:vkamma3aqsisvtinkqxjo5ol
bafyreigztl2aiilzgcplzdatu7kenhngyuxarcfzmf45zhlyu7jjsajh6u,2026-05-16T21:45:06Z,Fidelity Investments settled a $2.5 million lawsuit following a 2024 data breach that compromised the personal and financial information of tens of thousands of customers.,N/A,did:plc:34jre5uqyb335dran2uocczn
bafyreiccqawzwppr3ep6wdvd2cvfi7qns5objfyjpjys4pfq4snxdn4aaa,2026-05-16T21:45:05.590Z,That's so good.,N/A,did:plc:oz7eaauizm5kmmdiaiihwfyv
bafyreiecdgbcofp5effd7lcdrqxf5cqyxsidk3rrauniofyxjkauuj5dou,2026-05-16T21:45:05.507Z,"Conservative outrage politics increasingly treats journalists, scientists, teachers, the CBC, universities, public healthcare, minorities, and even experts themselves as “the enemy.”  If Canadians are taught to distrust every public institution… what replaces them?  And who benefits from that? 🇨🇦",N/A,did:plc:7clmz2hekkwvdy5xwo5vqtk2
bafyreigc5spxarbxo6gihsr7xhcwdg63m4ea7rwercl7vf2go4pngkjbwi,2026-05-16T21:45:05.598Z,You may see this fella again.,N/A,did:plc:k3gznlpdjm46mem4tfpwr3co
bafyreiblwlqjqm74jq5fiulqoajvp4y4gh7fs3ianegyvlzgbxtt7tw6me,2026-05-16T21:45:06.081428+00:00,[5/17] #Google変動値:5.3  車😌 コミュニティ😌 ニュース😌 スポーツ😌 教育😌 ビジネス😌 ゲーム😌 金融😌 買い物😌 書籍・文学😴 医療・健康😴 美容😴 法・政治😴 不動産😴 ペット😴 通信😴 住まい😴 IT😴 飲食😴 趣味😴 社会😴 芸能・芸術😴 科学😴 情報😴 旅行😴 #SEO #SEO対策,N/A,did:plc:fqmpdamfcrzgp6u7evwdsj23
bafyreibzudhmrjujpemgydgiem7ffnklzxrdocmuecyk6sqqtvg44kyjdy,2026-05-16T21:44:58.029Z,Come find more of me exposurehub.net/image/75595,N/A,did:plc:f6bw5w5zzec4zszjnpxg44rc
bafyreia2fnef723amb6sxqvgyee54nucidakfgcucaiyfqpvsj3d6eaweu,2026-05-16T21:45:03.614Z,It is a fat nug of the cat variety. My boy loves his nip.,N/A,did:plc:7yfhx3c5j5vzgjhcj7rklorm
bafyreicwtcgkzkmavloycrjiiwufkuupp5f7eindykcvwthm7xy5iep3ee,2026-05-16T21:45:05.608Z,Ready Player One is a modern cyberpunk classic and much cooler than the movie with a tonne more 1980's references! I loved this book!  #BookSky #Cyberpunk,N/A,did:plc:w3ngl5bcp775mo3yzt77kwno
bafyreico7n336efjhphgx2ogmgop7cf6t2otqhhni76m6yid62k3wvj4cm,2026-05-16T21:45:05.884Z,Please be GKIDS it would be so funny,N/A,did:plc:tfgmi2agyo55eo77j6jxprkn
bafyreidkkjj7iy6z6mu4ew2piqnw2ys6wivhojvxfcuza4eoh4rs5rijby,2026-05-16T21:45:05.979Z,"I hope he dies soon, and I hope it's a prolonged painful death.",N/A,did:plc:sxtizfs5bjywkj2meznfzjpn
bafyreigrf52numxbuj6ubj63d5k2ymhspgbhkgf6lffpq76634r6eqwxvy,2026-05-16T21:45:04.488Z,Recorta por las trochas...🥰😘😏😉,N/A,did:plc:4c7wjat5c2akxdqykzhoadx4
bafyreie5q7trf7ex6q7sr3puklnpmdlbpi6uucn6ve2xtdlpryyzypruiy,2026-05-16T21:45:06.124Z,"listen, if you’re a fan of Boston anything, hatred is actually baked right into the mathematics of it",N/A,did:plc:mikq2w4namsnkkyzxp5niog7
bafyreifhbwr5rypbyvdtfafyuzncukw6uoqwyxn6dpb4kosscbgs5brapm,2026-05-16T21:45:05.18172500Z,special for you: ice cold poison,N/A,did:plc:ibj544cewfflhxbatqan25qv
bafyreifxo4xfjby2opayhim3cjkjnucscmm6bozhsn7w5hchzdi5na3lfa,2026-05-16T21:44:57.925Z,In de Bar,N/A,did:plc:eao7qzespkx5jnlrxesfareo
bafyreiastzd7ldfg4rqky47iadh2rmh7dncurtnmxyanhhfudxxyxbcnkm,2026-05-16T21:45:05+00:00,Now playing on Tiorr1: Lights Out by The Metal Byrds https://streaming.shoutcast.com/tiorr3 https://listen.openstream.co/6128/audio,N/A,did:plc:acgbgp5bxoc3g74rni3jxgy3
bafyreihxnmfl6bzulhjfjsrnvmtck7rw2i5gyujz4jifd45zitf3lst66u,2026-05-16T21:45:07.520Z,comfort to you right now 🫂,N/A,did:plc:px6td5chdn3f5jigicqtqo5q
bafyreig6vmt3sj4236iwdtj4soq72s5uy6qnmsg5b3sghawzyjpxpgtvfq,2026-05-16T21:45:06.092Z,Där har vi det!! Typiskt norrmän,N/A,did:plc:tzykebhgmakhdmyidtpuoxj5
bafyreif7gvbzgnmpi77ostvltbbm7vaxpq3pqiwfvg5jd522k5wczxp54q,2026-05-16T21:45:05.797Z,Thank you. It’s great not to have missed anything and feel part of the day. I really appreciate it.,N/A,did:plc:5pdmmuf5a4hiwib6md3fncwm
bafyreiadraqsgi7qn5wkf5ec2biuwbwt6kjs3osf2mrkhnlnurmo7k6cqq,2026-05-16T21:45:06.255Z,Thou shalt not become ENRAGED that a mythological character in a movie will be played by a Black woman whilst loudly supporting the nullifying of all Black votes in the South and then pretend you’re not racist when I call you a fucking klansmen.,N/A,did:plc:uyh5huzxtthtkg6htsgt56lh
bafyreih3fsmn3meclsegh2h23z57ppwunuapy7s7nux2l5s4v6dgpqzyfa,2026-05-16T21:45:06.300Z,Thank yooouu 🥰🌹🌷🌹🌷,N/A,did:plc:x3masjpejrlra646uootdvsk
bafyreihuwifeizchbzbyskxb57rfhnyernznhypmaiay43bhrcepwizwlm,2026-05-16T21:45:06.323Z,Thank you!,N/A,did:plc:ehefcsvfgidim2s2el5ohmay
bafyreib6ngzpoa7koteovp23tlqurlvb5qiwyby6dhp6muf35n5c336bgi,2026-05-16T21:45:06.541Z,"Digit: 2,873,754 In words: Two Million Eight Hundred Seventy Three Thousand Seven Hundred Fifty Four अङ्कः २८,७३,७५४ अक्षरः अट्ठाइस लाख त्रिहत्तर हजार सात सय चौवन्‍न",N/A,did:plc:f4z2nftgrn75h7h3wucdyzaf
bafyreibnkwdnw6ke3367v65hpykmbmbowktgfktk5lvsq4tjwa2jz3yxqq,2026-05-16T21:45:04.696Z,Game #2 actually made it on to the board. 🪲🧃 Full game and thoughts on YouTube! #pinball youtu.be/9XWh2TFBHi8,N/A,did:plc:tly7wakkxcuhxnyssydsboc3
bafyreib353q3dezmdyuf3zoq3pxmzdugupt6lkhj3x4vslg2f4uxgt3eqm,2026-05-16T21:45:06.070Z,Update: I don't think anybody's buying a single bit of this merchandise.   I find that kind of funny. Maybe a little bit sad? But definitely funny.,N/A,did:plc:cgo2shdaod32axdjwf3nzrjv
bafyreicqi6zl6alzm5zagjmrv2vkleiw4pczbgsk42juqu7egevybmdpwi,2026-05-16T21:45:05.511Z,"E isso é algo muito engraçado e irônico pq eu sempre fui uma pessoa que gostava de praticar esportes, mas NUNCA na minha vida cheguei perto de assistir alguma partida ao vivo seja de qualquer esporte que não estivesse ligado com competições escolares",N/A,did:plc:hmectwpndrgvuvmm45r27shf
bafyreieh757t5otyuxr5am3xzyz53ayvi2wfpsn5zbrbhlvpk6gjmyh6km,2026-05-16T21:45:06.294Z,www.iflscience.com/electric-eye...,N/A,did:plc:qe5zphfkiciic2bgah5otxgn
bafyreicxavfjans5p73kwq2oxivlc6qa3srdqkcfjozrbwgn6wypaz2xkq,2026-05-16T21:45:06.609Z,"The one time they try to do something environmentally helpful, it comes back to sting them in the ass. As is meet and proper.",N/A,did:plc:2kfemzpsbyfpzkp4op6dopoj
bafyreignvs6kp4ttwmxu447swb5kfylvxutgxd467qflxampdzuqethjm4,2026-05-16T21:45:06.192Z,"Illinois: Cyclist, 37, critically injured in hit-and-run by semi-truck driver in Chicago  A cyclist was hospitalized in critical condition after a semi-truck driver struck him before fleeing on Friday morning in Chicago.  #IllinoisNews #General",N/A,did:plc:oobayuj4zhhswbciunshqkpi
bafyreigfdud4vcfbglmrzrzhtidcb7frg3f6sgqa2jeixt5gt4fnrppmta,2026-05-16T21:45:03.290Z,Inquiring minds wanted to know about the tuna salad I was eating. #cats,N/A,did:plc:lbwojm3dsktmbtpptwpjo574
bafyreidql6zw4h27ksrt3firjse2iy3utvp5tgadvuquxwkude2l3hndp4,2026-05-16T21:45:03+00:00,SUPER BEAVER、フジ系2026サッカーテーマソングを担当　『FIFAワールドカップ2026』が6月11日に開幕｜エンタメニュース｜TNC  https://www.magmoe.com/2974904/entertainment-news/2026-05-16/  SUPER BEAVER、フジ系2026サッカーテーマソングを担当 　4人組ロックバンド・SUPER BEAVERが、6月11日に開幕する『FIFAワールドカップ2026』のフジテレビ系のサッカーテーマソングを担当するこ [...],N/A,did:plc:cazef5u2rbzqfpzhqve5wshg
bafyreich2m3l4zj5hjsoempsebv6zrpzenp4vtfr3u3wukwk6fvk63qhsu,2026-05-16T21:45:05.056Z,"When science meets science fiction, and by the way, time travel is impossible and science fiction because it's always right now everywhere simultaneously throughout this infinite universe therefore there's no other time available to travel to in the first place. Just sayin...",N/A,did:plc:gi3tnijmq4mae32wssrkqquh
bafyreibvpjfado65g3ybyqq656lpmtbatnlwlupotafpsacj6cyd6awpee,2026-05-16T21:45:06.545Z,#jimappreciationday,N/A,did:plc:esyu4cpf7be32gikhdlyfr2d
bafyreih2sxc3btvudjzzsxnv4s3yojabzi4his6tiv34ywtj24z6gmhnrm,2026-05-16T21:45:06Z,Influencer Couple Jessi and Alessio Pasini Reveal Expensive Hospital Bill for Baby’s NICU Stay bit.ly/4wzWgsC,N/A,did:plc:myxu6orprjquoijckon7od2o
bafyreif3w33gbagyky7vchcvbouhkstkrjprjy2ki7i4ucevxso7j6pvb4,2026-05-16T21:45:05.792Z,I am quite surprised he left White House after his first term...very surprised in fact!,N/A,did:plc:gsxr4ohngpfaprieowwgzcpc
bafyreiadqnpifd2ho54bf3ocap2v6gngivnrajnbmjk5jin7ye2lnytxhm,2026-05-16T21:45:06.638Z,"Finding Catalina    Thanks to my friend from Brooklyn, New York for purchasing this poignant art print from Roman History: buff.ly/bxfaqmB    Order your custom oil painting today -- email troy@troycap.com.",N/A,did:plc:qmppelk7djnhd5anio7r7m5f
bafyreidvbgbtky25dymjbkgzymcu454onzatvvkzohh46oicsmjt5caoli,2026-05-16T21:45:05.890Z,Word of the Hour: Oxalan - A complex nitrogenous substance C3N3H5O3 obtained from alloxan (or when urea is fused with ethyl oxamate)  as a stable white crystalline powder; -- called also oxaluramide. #WordOfTheHour #WordOfTheDay,N/A,did:plc:kdqokbqr45jshkjqvjrjkz5v
bafyreigjp5r3b5nol2ndagwshqy6hzh5wnnal7e3whelfekkuoopwvlq5i,2026-05-16T21:45:05.955Z,ブルーイの優しい世界観すらまともに受け取れない日本、もうダメです,N/A,did:plc:fm2nflnsqnabtro2onl334uj
bafyreiesaeawqm4midhwyhg65q7ldhhzusenqoymj4gqk3dg2xmwdwdmhu,2026-05-16T21:45:06.663Z,"""China is 400 thousand years old"" Cool cool cool, call me when they get the liberalism patch installed.",N/A,did:plc:2qoisvj4pxjdaoxbjmatvq7x
bafyreiboysmpd73orhrpyno7su2it6zi6djzipttmmeyn4tcpaxw4nzsde,2026-05-16T21:45:08.896Z,"As someone who has struggled with those impulses most of my adult life, I can't consider it anything else. And I recognize that is my perspective, but I'm not alone.  but they chose to die. There's no way around it.",N/A,did:plc:7ngkxkyyacgyfowngjx3u4up
bafyreihr6ozcuoza6skyelydfuypmvpzsgqilfsdzott6nl5gt7ze5vr2u,2026-05-16T21:44:27.986Z,USATF-certified half marathon in State #13 is loading!  I'm ready for the #MedCity Half Marathon tomorrow.  #StevenRuns #ItsMyTimeToRun #RunChat,N/A,did:plc:7ew7cb2exqk47nbadokax4f7
bafyreicc6ot6zzelhqa2kogw53e5c4ux3cw4f3gha3q2qnvmqp2colfpvi,2026-05-16T21:45:06.049Z,YOU CAN’T FIX STUPID.,N/A,did:plc:7ugwxbselyp3bd5pkpl5pd5m
bafyreibcd5zfk55retozq5fsz2m66woltw2i4s7uswqmvkawsckw6pjuku,2026-05-16T21:45:06.110Z,It has that problem that a lot of newer shows do where every scene and every line of dialogue is directed towards progressing the plot. I hate it.,N/A,did:plc:pepfmvcb4tsr3xmp7og4ftzs
bafyreibjcfvrrpn5exbuxkmt35tihryrxigogklrsl2aebbwagda26vd64,2026-05-16T21:45:06.692Z,This is pretty much all I have left tbh!,N/A,did:plc:mxihrajio3y2jcrwrpor57e6
bafyreidtw4jngwlh7kmtlseoaucm4rrhnjhp75j5tv22jcrcktvm32um5a,2026-05-16T21:45:06Z,Here's how to watch every match of the 2026 FIFA World Cup in Seattle.  bit.ly/49yyJhK,N/A,did:plc:7kfk23fqey55vt6cuyahraxn
bafyreigvni3txlxw2kjhb5gctcfumsz6v57hmgnb5rkhnu6t3re3bhdxim,2026-05-16T21:45:02.278Z,returned to fixing up this woof for the shop drop 🐺,N/A,did:plc:n5ljheibbw3ypfsczj4qg2op
bafyreiglyd4p7nxfpgxlh7wqplema2enwjbkppjzdv4am6arxqsvtuihqu,2026-05-16T21:44:43.969Z,This was absolutely done on purpose  The entire trip was one long embarrassment for America and could have easily been done via Email...,N/A,did:plc:peqwd4bad2w26o424eiieh7q
bafyreihrpy2bwn5ldolhyk4ldapfsclemsbskxt24oi4sbyrakfkdmunky,2026-05-16T21:45:03+00:00,Wondering where your OxygenOS update is? OnePlus quietly hit pause  https://www.newsbeep.com/nz/431095/  Joe Maring / Android Authority TL;DR OnePlus has paused the rollout of OxygenOS version 16.0.7.XXX and 16.0.5.XXX. The…,N/A,did:plc:cvhzp4oqk57twhhjji5o2b3t
bafyreic3l46rlz5g7ishxf3lvcwoffpk6mohdi5pbpyrewsujb4obv3eim,2026-05-16T21:44:49.391Z,dO nada  uma aranha  no laço do meu coiso da trixie,N/A,did:plc:fskybfgcev2omrn5qfol5a2p
bafyreihmjqsv56l45cqp75pbdjvmm66ly5ihappmmzw3zpgyhqucltku7q,2026-05-16T21:45:06.658Z,fui a la casa de las arañas y te conocían todos,N/A,did:plc:5czf4kbnlbhuqzi4rpfekt4d
bafyreihrruayu3dnyrwrhsncrryzbgcyc6poa4zkb7wtctesnwcktuiyk4,2026-05-16T21:45:06.595Z,Vazy as we say in French,N/A,did:plc:x6ux7rgygoqizjo5n34gaizk
bafyreifz3bse6rabgnktn24ed25gyepzzjlhmrg3dzshdv6yejdm5nfkrm,2026-05-16T21:45:06.913Z,I do! It's nice to see you around 💖,N/A,did:plc:pwqrjol2x6saylzt3fa6a6lt
bafyreia6a26q5ttlpn6eyrszhebuz62xub32epq75tmhozhivfaj46veca,2026-05-16T21:45:01.764Z,Sale 1.99 #booksky #romancelandia,N/A,did:plc:mk6ovyp4u6jh4vqxx4r6v6oj
bafyreiduauxlia2oows7wxkawsjjjrd44bkyxecyes2ppyo6lzuliawbee,2026-05-16T21:45:07Z,"In this edition of The Playbook, we take a look at how AI implementation is impacting managers, as well as a new type of skills gap that's emerging for employers, and more.",N/A,did:plc:777newmi4lyf3edemasdgcl2
bafyreia3r7abyybudktgu4knzpcbqmvlbcovpux3g6xvmr6qad5qzqzp2a,2026-05-16T21:45:07.313Z,I wonder how many people are laying in bed thinking about me right now 😏,N/A,did:plc:p7witmzwcazyv6svjyzp5mnw
bafyreicy353xtl7ettuysfcgkvoowuaknetbkh2ird2g3ukg4llo3rvybe,2026-05-16T21:45:06.869Z,"So after watching the Pilot to GameOverse, I’m just gonna say it, but these two are nothing alike in my opinion",N/A,did:plc:b6nx3oslrubhpv42ngbnvdvh
bafyreicfo66kcef7pv4fchvpwvejofddmdjyhm5s6dtuijvlqqswv4z4f4,2026-05-16T21:45:05.960Z,x.com/MarioNawfal/... stupid liberals funding fraud and abuse,N/A,did:plc:uwk4x5rpreaxwh6mhqrhpzli
bafyreigqazjwpax322eoufbkxre2pv3fvjrik2sl3rziug6njbbkv7b7eu,2026-05-16T21:45:08.300Z,não aguento quem coloca livros pra vender na olx e posta uma única foto numa estante ou caixa e você mal consegue ver os títulos e a condição de cada um,N/A,did:plc:z4r7li2ddg4hvgmhb3ixarc2
bafyreiabnc24jj5hu7abnzm77nccmvt6fyjqmalvgzcf5cpzjtbux526c4,2026-05-16T21:42:25.587Z,"a flower surrounded by shadows, trying to follow the Sun.  #Photography #Nature #Flower #Macro",N/A,did:plc:o6hqw52hihb6v67zvq2o6k5v
bafyreihddo6ub7c246q72ba23pm5ls2naascbqzjilierk2k2u2f6l6dde,2026-05-16T21:45:07+00:00,Now Playing on https://www.ProgRock.com Don't Be Late (Chapter II) by Saga #progrock,N/A,did:plc:isngplp7jkc4v45wmp7odo25
bafyreiaopuy53avnb4d6tfk242jdjcxgsa46kexzqe4cjm7ak4rqzqyyxu,2026-05-16T21:45:06.840Z,"Add more excitement and unpredictability to classroom activities with interactive dice in Google Slides. Dice Slides is great for games, participation prompts, random selections or review activities that keep students engaged  workspace.google.com/marketplace/...  #EduSky #GoogleEDU #GoogleWorkspace",N/A,did:plc:g22huywnb5v7rnrzrl7kchwj
bafyreidkwvte3txlf6vo3b2zbitcraszsfdupbxb5ib4slbdizs6rnjn2a,2026-05-16T21:45:07.081Z,Wer sind die größeren Muttersöhnchen 🤭,N/A,did:plc:ojlcbfdyfovojnfo7743o4yx
bafyreig5ybzdwbx4wjd3yfsg37vcqyxabeqj565znyhepvbiiup62puomu,2026-05-16T21:45:07.385Z,"Digit: 2,873,755 In words: Two Million Eight Hundred Seventy Three Thousand Seven Hundred Fifty Five अङ्कः २८,७३,७५५ अक्षरः अट्ठाइस लाख त्रिहत्तर हजार सात सय पचपन्‍न",N/A,did:plc:f4z2nftgrn75h7h3wucdyzaf
bafyreigtvxegotxwlprcwyutlzbtacwwnbdxoxdvxrylksosxo5xw4thmm,2026-05-16T21:45:06.924Z,South Carolina: Columbia PD searching for vehicle of interest in shooting  Columbia police seek vehicle of interest in shooting; tips can be submitted anonymously.  #SouthCarolinaNews #Crime,N/A,did:plc:oobayuj4zhhswbciunshqkpi
bafyreiapqfwxgh2npa5rytn2arl2aczwagwlcoczsx5ugqozupbyxp2r2u,2026-05-16T21:45:07.262Z,"Have you ever been in the position where people were like “You’re so creative!” and then won’t let you have a nap?? Creative thinking actually does require a lot of what looks like Not-Working, so count this as your permission slip to stare off into space for a bit.",N/A,did:plc:2rsei7y2q27rke477qjgbpab
bafyreiafmxdkqopxb4d32ashsrlb2gbolmwxxgsosfazv2uz5uqgg5xk5m,2026-05-16T21:45:07.628Z,"If these idiots didn't realize decades ago that he was not serious, they skipped school their entire lives and were raised by wolves. Possibly raised by Christian Evangelicals.",N/A,did:plc:xlwceaziww6e2wves3itnhkd
bafyreifbugjlxqsjd3gq2semipk7gnmcikhi2d73gxcywakt4y3kdofz3i,2026-05-16T21:45:05+00:00,"The Blogs: Possibilities For Friendship And The Service Year | Orna Raz  https://www.europesays.com/iran/117167/  Although I was born in Israel and grew up in Haifa, I did not have a close Modern…",N/A,did:plc:wiuqiruv62xilr6p43bdyep5
bafyreifaoehvqwtpefgsyurts6sxtpukhoc4yvpibploajhej3j35p5roa,2026-05-16T21:45:06.722Z,Wow he is growing!! Is Nich getting spayed next week? 😻,N/A,did:plc:b2rzyafyuaui3elhwkcvagdx
bafyreiflpo62whamrcnugd5othfohrrlcmyrsutaam3ibvzgiqydi552dq,2026-05-16T21:45:06.890Z,One thing these books all have in common is how gobsmacked I was reading them by the sheer quality of their average prose. Just incredibly readable sentences regardless of whether or anything interesting is happening or not. Fun to read!,N/A,did:plc:s5tihdkhmusrhlsvntgxjx62
bafyreidvpnk2spp43y3xe2glaxbbq4sbqhrfgof6crqxrowo5k2ksu76ee,2026-05-16T21:43:35.000Z,What are the chances?! 🤯,N/A,did:plc:a5yrzxyiufeqxf24sda5sebx
bafyreifgtygcrosnoj7k4htutchmnykrcf4gnonk4zojswnas62qvvozr4,2026-05-16T21:45:07.079Z,The jellyfish should be wearing a Klan hood,N/A,did:plc:m52hcclgjuwrolo4sprkxyie
bafyreidewqushhkz45vrekkyndxv6bcdw3wehkgyyg4upfdjxsjr62qryy,2026-05-16T21:45:06.542Z,"Somewhere near Krasnoyarsk Krai, Russia  52.46167, 91.98858  ♠️ ♊ 💡 🌰 🧑",N/A,did:plc:ji6qy3u3mc5ndambkxy2lsx5
bafyreie3kmf36egzqwr656q7tbtyrtpcqis44v2rpx4yfszaslghi3zvua,2011-01-01T00:00:00.000000Z,"Paraquat: Unacceptable health risks for users  """"  https://www.publiceye.ch/fr/publications/detail/paraquat-unacceptable-health-risks-for-users",N/A,did:plc:lb7v3uq23wmm5spv2a27kehv
bafyreie6mc4vrprrprhhinta6a74sebkfykiundgz4axk54qff73ovowye,2026-05-16T21:45:03+00:00,"Australia, Finland among Eurovision highlights  https://www.newsbeep.com/ie/452524/  The 2026 Eurovision Song Contest Grand Final is under way in Vienna, where a fiery Finnish duo and…",N/A,did:plc:xed7s5r6oryoqfdjxkx25x3e
bafyreidkyof37g2yxitoso6qcylf2rk4sk2ega6mdbou5e3xquu4ol6l4m,2026-05-16T21:45:07.253Z,beadednecklaceshoppe.etsy.com/listing/9630...,N/A,did:plc:4tni2r5hsktprzwrgulyy2nn
bafyreibraqihzue4xgl4lp7dgmy3npnykarhoew3brrkzbbzzqy37ulh2a,2026-05-16T21:45:06.800Z,Hahaha.  That would have been amazing.  :),N/A,did:plc:3utq52k2wm7o3xn72wnklttz
bafyreib67okujfm3as6e5unmmrjy6h62yuya2vlak3mvklqpdisquifo2e,2026-05-16T21:45:07.605Z,"Digit: 2,873,756 In words: Two Million Eight Hundred Seventy Three Thousand Seven Hundred Fifty Six अङ्कः २८,७३,७५६ अक्षरः अट्ठाइस लाख त्रिहत्तर हजार सात सय छप्पन्‍न",N/A,did:plc:f4z2nftgrn75h7h3wucdyzaf
bafyreiecie33de2be6fy3enchcglae45l53qd7wnd4umsrpqxthzlekv6u,2026-05-16T21:49:05.817Z,確かに！ 人多いと、色々気を遣うもんね😵,N/A,did:plc:daxx6txmqtbl5ftylxmxcf6d
bafyreid4i7apfkmglxyprrefkw5zy46fe7pcq7behx6mwq5le2dz5aowda,2026-05-16T21:45:07.237Z,Lordi x Save All Your Kisses for Me is #Eurovision perfection 😘,N/A,did:plc:ozlmn67brjbo5qx4n2htwbve
bafyreihixv3u2zw4hvbconsyf2xmxl5wm5duso4xyt5vcsoow7rgqoadsy,2026-05-16T21:45:07.350Z,Exactly.  Do. Not. Pay. Him.,N/A,did:plc:pv7tltwjcsdl3logwvxxla3i
bafyreic25kftsosup3j7rk75ja663x5uaxyqvk7nlqli5uvzdbzdbz44ka,2026-05-16T21:45:07.263Z,Brendan Fraser 1992-2002,N/A,did:plc:7gxkhjel37rxzi5ylhsvpeuf
bafyreiewfwlksajlanyhkupwthqpb6jaeq6jz5iexwn2raimogxkslv7q4,2026-05-16T21:45:06.938Z,"Dear @conradzimmerman.bsky.social , you‘re nailing the intro song 🤘.",N/A,did:plc:klxwxhwg6bka44o7x5ozdlyv
bafyreifpgfq3ebeudbjqbjkbulqp5tfglspu3aowql2dfr7czzawn2sncy,2026-05-16T21:45:06.978Z,ポーズはいっぱい使ったけど 2体を絡ませるのが大変で 「言う事聞かんやっちゃな…」謎ギレしてる_φ(･_･,N/A,did:plc:3v6h55pz4xdgpclb5yfviozx
bafyreihuqix7zpizew77hrjcmoirjruysf2tdq45pb2umrwt6an2qz5rne,2026-05-16T21:45:07Z,"3 RDS instances. m5.4xlarge. CPU avg: 8%. Memory: 22%.  Right-sizing them to m5.large saved one client $4,200/mo. The whole exercise took 90 minutes.  Most teams don't audit RDS sizing because nobody owns it. Set a quarterly calendar reminder.",N/A,did:plc:u3qsta3hiyovbufyew4gsca7
bafyreidpxpyssasensgbueo3rmfzdkukafszdc7vz2pml2ifl6acfsbe2q,2026-05-16T21:45:07.390804+00:00,"Of the 2310 stations, 137 are full and 135 are empty. 30406 bikes are available and 5269 are disabled. 34322 docks are available and 999 are disabled. Stations are, on average, at 52% capacity. There are 11239 ebikes across 1803 stations. 244 stations only have ebikes. ",N/A,did:plc:vw72cuvl2mbhwvpaqhsxcofz
bafyreig63i2k5k5mpecbz6czckom6xa5nw4rxolsfx27xw2oic7az67hki,2026-05-16T21:45:07.678Z,Lmao pga is on in the background and all I hear are eagles chants,N/A,did:plc:6x44ti7k3pr73kia34aheq6q
bafyreih5a7r5nw7aqkyzwj7pqkbsvw7qochn4wcfu34bxoeqnqzlc575eu,2026-05-16T21:42:23.734Z,Mi hermosa esposa Nana tiene un trasero bien sabroso 😍🥴🥵🥵🥴😍,N/A,did:plc:lh36j3hs5kdrwpbhu3w6c2rf
bafyreifgrjzdl3eztn7usqt66y2i2dxqs7a4xr77i2poaty3afcecibije,2026-05-16T21:45:06.017Z,"Buenuh, año que descansamos de tanta competitividad musical entre países europeos; por fin un Mayo que no sufrimos los desatinos reales o meramente subjetivos dLª/Eurovisión Song Contest (cada año nos enervaba si nos parecían injustas o muy discutibles las votaciones de los 2 públicos). #Paz_Sol_Feo",N/A,did:plc:6sdhhli4ualaarxafw7c5vjn
bafyreicxle2m3brdrptdonjwojx2jwgnfsdwlgnubakdvnw2jwbipl7xoe,2026-05-16T21:45:07.252Z,"Instructure, the owner of the Canvas education system, acknowledged that there was no way to be sure that the data was erased for good, and said it took action because of concerns about potential publication of the data.",N/A,did:plc:wb4judvgfjbiqu646hkggjxc
bafyreifdr2tfutiyfbtj4ulgbr6a75utdkcoc2w6jqfmvjcqcwrryqkkau,2026-05-16T21:45:07.337Z,Agree,N/A,did:plc:bszrab5yrarydu2blpaqaqze
bafyreicaxy6torb3isnjj54yktx6lzvgbkeqiovur54mq737t7mloyofve,2026-05-16T21:44:55.392Z,"My Tower Records purchases. I wanted to purchase some vinyl, but didn't want to transport it home.",N/A,did:plc:qlmv5uhtvx7nw44xsnidgqxx
bafyreiejpvtgehfiecljevjxvbywfr2uxa3kalfxpn3odisnlxcdluuuze,2026-05-16T21:45:07.130Z,Well it's right next to the Friendship House. Gee whiz.  I was a member and slept on the outside bench a lot.,N/A,did:plc:jg2ffu4ftqg4idmwolg6lzyi
bafyreig5idybc57rrxlqrywnp7ro34gwcl7atrb67oqrigm6lhl5udrq64,2026-05-16T21:45:07.067Z,The best sentiment I've seen all day.,N/A,did:plc:dip56tslgqvoaoeoxf6cjlet
bafyreihowc6etyl7rfnjmunvnjynpy2u37mho3zhkiiixqhwiunzb5b6i4,2026-05-16T21:45:07.984358+00:00,"Precinct: 8-1 9 candidates ranked. Rankings: Azeem, Sobrinho-Wheeler, Klein, McGovern, Walker, Totten, Al-Zubi, Simmons, Pierre Vote was counted for: Azeem This ballot is unique; 2 ranked the same candidates.",N/A,did:plc:kfxdpwxb5h4fxh22kc6juazg
bafyreigdib6ukyq2yibbhpcmd4s2kngnv6yjgdzliy4lsjn4srfzg25l7i,2026-05-16T21:44:59.291Z,she adjusts her sunglasses.. you cant see it but you can imagine it...,N/A,did:plc:a2esvdni7dyhyvzidfjxzbgj
bafyreianjmnc5br2yy6tkxvy5tudzwwhndbqmqi4si6kpgtoxttgmthykm,2026-05-16T21:45:08.042Z,"Es que Don Quijote quizás no sea la primera novela, pero también quizás es la única novela total.",N/A,did:plc:leqlko7h4epjluriutf77ohh
bafyreictosvp3gdwuvtiz6bul6gf5l2ehtrku7gtneyr2ub7q3t6tdstle,2026-05-16T21:45:07.372Z,用过grok的大神 请出来讲几句 有没有发现grok帮着川普和musk洗地？,N/A,did:plc:nqaoavrlygryo5fcg3zbod6w
bafyreid22epqfgwym4suv26prhkmipmb55ggyfvcpyhojb4qqpsjv6ke5q,2026-05-16T21:45:07.935Z,SO legit.,N/A,did:plc:v326edpjcatkuokw7ysclbuz
bafyreiax5nnpcvsxgfetzlncnhq2xef3fkp2b5f5eau7i6337k45cpu36i,2026-05-16T21:45:07.696Z,Erm. Wow. Thats kinda embarrassing,N/A,did:plc:dzxqqqpgrznqrk66ox7w2i6x
bafyreieplqsepektmuscpo64uxv7la7uyxn7fzu4q7po22mubd7dxeerbe,2026-05-16T21:45:07.75512400Z,"Sleepless Night     Because of you, my dreams are painted in gentle hues. ",N/A,did:plc:bhlydqwl2ww2u3ynsqzvyqq4
bafyreid3uxx5qhouv63enelwdqzisj3rj3awqnvdukqc6iscs3y42efz3m,2026-05-16T21:45:07.031Z,just miss?,N/A,did:plc:lfthfoy56lmt4hfucoqcgyap
bafyreiatu73hmarutx2yht64mmmxveoc2ov2jy23sjorm2clkegyvnkeqa,2026-05-16T21:45:06.917Z,"need to be bullied and told what to do till the only sounds i can make is a whimper and a quiet, pathetic ""y-yes miss/sir/mx""",N/A,did:plc:yqlydosxz34yc3q4ml52e2oy
bafyreiedftikeinwwssed2msws5cmcnv5b5xycgsf75dketfklt2ib7qfm,2026-05-16T21:45:04.798219Z,"10:45PM - The barrier forecast for the next 30 minutes is shown below. Next close at 10:46PM, reopens at 10:50PM.",N/A,did:plc:zr5bydfvjgdxo4cuvpsxb65t
bafyreif537e5bmzntuicbngntxpyebn5kb664pl7tbslta2dqsgdmueuem,2026-05-16T21:45:07.985Z,If you missed this yesterday… does your employer have a Menstrual Leave policy? #MenstrualHealthAwarenessMonth,N/A,did:plc:a5os5cwusn2prc5wd6ujgopr
bafyreiday3ppuisruqzovgesh6xh5oq27vmvbyktsxydmfeyaw6yxwpn3m,2026-05-16T21:45:10.819Z,"[He pulls her tighter against him, holding the kiss for a moment longer before breaking, a gentle smile on his face.]",N/A,did:plc:dwrh7gifxdrlmxv7nfza3r6t
bafyreiegxjsyux4y7mklefyqe4sufxpxlsxqgm4d66udreiaw3in6qhvxe,2026-05-16T21:45:04.979691Z,🎁 おすすめ商品！  オーディオテクニカ AT-UMX3 USB オーディオミキサー オーディオインターフェース 配信機材 DTM 音楽制作 USB Type-C スマホ/タブレット対応 PS4 PS5 【国内正規品】  https://amazon.co.jp/dp/B0CS6S8GBH?tag=papalog001-22 #お買い物 #アマゾン,N/A,did:plc:5bwhugbygkastihtd6wn6wwx
bafyreig5wbliljg3ng7fu65ubv2lml4sdslyvx6wfqhcy3ri2yqnvyeita,2026-05-16T21:45:06.087Z,The Name of the Wind - Patrick Rothfus  The Call of the Wild - Jack London  The Hunger Games - Suzanne Collins,N/A,did:plc:qlff7e6docm7vg7mm2rc76qn
bafyreihghs5jl6hoczatlypsj2ysphi64augchjwmlbq5k466vcptupwzq,2026-05-16T21:45:07Z,The list of frozen pizza and snack food brands subject to a public health alert grew longer this week as the U.S. Department of Agriculture (USDA) added some regional items to varieties that were sold nationwide.,N/A,did:plc:4lwh2iz3jjex36udrlb4ocsi
bafyreih5r3huo7llsiq4ruokzhkmh2iducdjpi4auh4oghuv4mddtakfqm,2026-05-16T21:45:08.097Z,"yeag,... if...",N/A,did:plc:adals762embg5hd2p63tc36f
bafyreiavwr4zou5xtvwztp7felzsvlwmymkivbvj7iqeshwosulvry6mi4,2026-05-16T21:45:08.307Z,Whoops dropped my blood pressure too low 😬,N/A,did:plc:iiw6afeb5gfp7ul7vi7h6kwn
bafyreidoxgrojns7xve5rpsdtwxo5egap66dmhbpp427zgmksgpyplxvym,2026-05-16T21:45:08.308Z,"Haven't had an episode like that in a long time, yikes. Glad I made it out of the bathroom before almost passing out",N/A,did:plc:iiw6afeb5gfp7ul7vi7h6kwn
bafyreihlzjpu33a4g2dqvfqiq4jd3mhfcugvttxvooqvteowmctmmr2maq,2026-05-16T21:45:08.309Z,Sorry guys I don't really have a place to dump my thoughts about medical crap so you get the brunt of it 👍,N/A,did:plc:iiw6afeb5gfp7ul7vi7h6kwn
bafyreihcc3ghedcm3poybfus5cqnx2sx4mtpxot3n3yzpkdjv5kaa7q33i,2026-05-16T21:45:08.270Z,College Softball rules. That is all.,N/A,did:plc:afs5dnos4ow6nrv23tabvtpu
bafyreid3lp53xs5hcddrfsbjrapve4nmwe32b7bo5hasrnajp5vfv467dq,2026-05-16T21:45:05.186Z,é um trabalho difícil mas alguém tem que fazer,N/A,did:plc:u5kg7l7tad35sqkvrs6atych
bafyreifbspfwr6rwwmoorh35hciea4ji2p3my73ldycdjm5iymsyodhhyq,2026-05-16T21:45:08.111618+00:00,"[Phoronix] GNU Linux-libre 6.18 Neuters More Functionality Due To Blobs With Intel Xe, NVIDIA Nova  #Linux #LinuxKernel",N/A,did:plc:esvuj6w3jqbfdbjeyfuumv5b
bafyreigy333rgm5pnddf43nu5o6vgdvrxktbtdukqq6jvfmcw5qepsycvq,2026-05-16T21:45:08.207738+00:00,[9to5Linux] Raspberry Pi 5 Single-Board Computer Now Available with 1GB RAM for $45 USD  #RaspberryPi #OpenSource,N/A,did:plc:esvuj6w3jqbfdbjeyfuumv5b
bafyreif4srce5jngsrdi5fhyyrq27ydqcdk7r2g4lazojhrav7usjp6gji,2026-05-16T21:45:08.308421+00:00,"[OMG! Ubuntu] Raspberry Pi 5 1GB Launched, Other Models See Price Hikes  #RaspberryPi #OpenSource",N/A,did:plc:esvuj6w3jqbfdbjeyfuumv5b
bafyreigy7ss7icnpxw4o557qnqx45h77ycjy2vayvajbo4uspi47udaziq,2026-05-16T21:45:08.266Z,That sounds fun 😈😈😈,N/A,did:plc:34tr67fzij4jpm6kdzdhjxdz
bafyreieidxza6u5rbfg6pdwzggbxr3ryp7ntimbgxs5v4dky7ppvsfh5q4,2026-05-16T21:45:08.184Z,Blahaj screaming for help,N/A,did:plc:ebua5igt7wqtwamx3f4ydqly
bafyreiallwodqjop3hpl2wmqwivgacb7lphkqhykvczq67agjwnv6ek2ee,2026-05-16T21:45:09.671Z,It's about time an adult in the room stood up to Elon Musk and put him in his proper place.  I hope they follow through on their allegations against Musk for this and his other crimes.,N/A,did:plc:3iptn7fpj2jecmpc6kbzo5ne
bafyreifip5cpwoejzyeuk4vo6aur3kgupjgc5ydl6gsyuueo3hjoj3u36m,2026-05-16T21:45:08.531Z,"I agree that kids aren't getting their epistemic needs met, but I disagree with the author that they've arrived at some new conception of truth.",N/A,did:plc:q7wmkrvcto52ydwb4uwqzbju
bafyreif6qpxgiqx54mv4rdwqir67yjdrv5aznnnylpce7llcvs32xnjcia,2026-05-16T21:45:08.313Z,Retrograde DT.,N/A,did:plc:wypfkzuaz42mpeu3tlpm5nmh
bafyreiere2y6gkjctcxdpiwbfhz46wpvvvwwuu4hcwvc5e3cyr2ibx4swu,2026-05-16T21:45:07.932Z,Bjork - Venus as a Boy   youtu.be/7Z5aPaDwAkU?...,N/A,did:plc:ueupkxocwl3jsexq72ycnorr
bafyreifx4q5c3gpb6pbcx42roiel56qnthcxwevhmx342mkeopogmmo7vi,2026-05-16T21:45:05.15498800Z,You explore a small throne. The floor is covered in mossy lightbulbs. Why is this all here?,N/A,did:plc:fi3gq4h7xswesphaysdsr5lx
bafyreidaqtfx3vtnkvveksjckydhqnxiwavlklreuxrmb6t5u6t3ytwgka,2026-05-16T21:45:07.343Z,むちち！,N/A,did:plc:44pb7ekfyytpfrwu7jksoxhq
bafyreiffiaahfjnv6jv2obi2nxqda5vstgmupkispgea7w6eqfej4qu3fa,2026-05-16T21:45:07.937Z,Gehirnfurtz?,N/A,did:plc:fxx552yfcqdrl2tot5wpmnpe
bafyreiakobqzmm6255sb3p3oyl22v6ta4jgxvbm2auvosq6i2opzjfdefq,2026-05-16T21:45:09.140Z,Grow up Utah. Let your people live.,N/A,did:plc:c2hj4xso6xedqv3civbicklh
bafyreibldmnnxknzklcdkfqsn55kspvhnagwpq4e63ir6xtewtsd2z2tz4,2026-05-16T21:45:07+00:00,"🚨 Severe Thunderstorm Warning issued May 16 at 5:42PM EDT until May 16 at 6:15PM EDT by NWS Louisville KY 🚨 Additional Details Here.",N/A,did:plc:is452bpf5sjtpmesp5rc3s7t
bafyreiedit4ylmix3sgpsfzcbvem3zrdjgu2agvpu5ukga77k2lzxhdpnm,2026-05-16T21:45:03.637Z,i can not begin to say what i think,N/A,did:plc:lmbmynoimq5mymvfrz46j4ur
bafyreibxibuulioew2ndiz6z7xvtqjxds2boghc5ojgyxplou4cgkub3ve,2026-05-16T21:45:04.877Z,Halo Engagement Ring by Belmira Jewelry SKU: bjrg0202-cw14kemon400  #BelmiraJewelry #Jewelry #LuxuryJewelry,N/A,did:plc:eyr4ya2no6igutdsflhigkzb
bafyreiff4jiypj644glflrqrzwgczxvro2ei2mzxc3lvrt53kbldq3qgje,2026-05-16T21:45:06.388Z,оцей чувак зі шведським прапором під столом тупо мій вайб,N/A,did:plc:o3i4jikvsg5rfbrfnm2xqxn6
bafyreic2kp3hfsmrhon7sv2luzlmd674japne4c7refllajvnxm4kkoq6y,2026-05-16T21:45:05+00:00,Folkmordsanklagade Kabuga död  https://www.europesays.com/se/247987/  share-arrowDela unsaveSpara expand-left helskärmÅklagarna Rashid Salim Rashid och Rupert Elderkin i FN-domstolen i Haag 2022. Foto: Koen Van…,N/A,did:plc:meiz3kma33nrwe6bliagav37
bafyreibbn5lsg27vwr5ufojjdcwqpbrcrkkcetgijvkklk2zmajgs46ovq,2026-05-16T21:45:05+00:00,"Tragedija Vilniuje: mirė nuo pastato nukritęs aukštalipis  https://www.europesays.com/lt/179741/  Nelaimė įvyko Švitrigailos gatvėje, 1999 metais gimęs vyras galimai valė pastato išorės langus. Jis buvo pristatytas į ligoninę,…",N/A,did:plc:vp3jzqqaa4nk3kurftsp7hlb
bafyreihp2pqtshdgbyhxnnl3akplfdhvmn5k4qbvtyfhn2m5x6naqjgvha,2026-05-16T21:45:08.502Z,Fidelity Investments agreed Wednesday to a $2.5 million class action payout Wednesday that would settle a lawsuit over a 2024 data breach. https://www.wowktv.com/news/fidelity-agrees-to-2-5m-settlement-with-payouts-up-to-5k-do-you-qualify/,N/A,did:plc:jer2rlnv7quuaslynnid3wdi
bafyreicte6hdbiu47hroomayju2gtfothniwj32xlkohyvu5kasnrdkhna,2026-05-16T21:45:08.379Z,fuckkk 🥵,N/A,did:plc:zm46h74zmrst35onprjewayt
bafyreifd4kjydybsemtjzu7psatd4mfo4giipovsdql7uz3bnd7gnpbffy,2026-05-16T21:45:05+00:00,"Cimento queimado e tijolinhos: apartamento tem pontos de cor e ambientes integrados  https://www.europesays.com/pt/384194/  Ler Resumo Introdução Descubra um oásis urbano na Vila Pompéia! Este apartamento de 150m², assinado por Juliana Faria,…",N/A,did:plc:lxpmp26fxtdcr4fxvhycenoh
bafyreihtl6miykxmyhw3u72abywmnkjkkcyteip6p3q6m4flb7xieschkq,2026-05-16T21:45:07.950Z,Emre kaya dinlensin diye elektrik hattını kesmişler (biz yapmadık),N/A,did:plc:t7v6gqus65o7digr663kobss
bafyreigza2ep6ez5jmj6bjyj2htbjcw7bxixf75bghcjcqgm66wvtrgkpe,2026-05-16T21:45:00.490Z,Pretty asf,N/A,did:plc:h453mrffogln2pkr3jildxio
bafyreiblwhmgea5vjfb2d37a6v4nedfisu4zp6kehfvs3c2gsrlj5gny3e,2026-05-16T21:45:08.268Z,"Into the ✨️oHiO✨️ pot, it goes.",N/A,did:plc:koyrdhb5rcq3jsaso3cua5xp
bafyreicbmzvg3p22dbf4uaw2sxa5hnncwwxcojocxzmbhxsynrfyugzrvi,2026-05-16T21:45:03.000Z,Villeurbanne - Cholet Basket… tout le programme des play-offs de Betclic Élite | Courrier de l'Ouest ➡️ https://l.ouest-france.fr/QDQ2,N/A,did:plc:qj424vhbj3ug7rga2rnedg72
bafyreianj5pxoi5a56ebllv735zof3vnvklrowmul6z34z4463zlr33blu,2026-05-16T21:45:05.55487000Z,"and truth be told, i miss you. and truth be told, i'm lyin'.",N/A,did:plc:gdanllp7y4s5ht3zddikfhya
bafyreidueuqjsw3ygdlsrpesqgv7kp3x4zjnnrrwbpexfro2je6avoxbya,2026-05-16T21:44:50.562Z,Those aren't the ramblings of a sane man. #Trump needs to be taken out of office like tomorrow.,N/A,did:plc:7dg5ljfjv2jjp3k6z7vljkg4
bafyreicchqvdbtw4jddcrxcqbgtxnrkmotj3cmeknbcnwgd7cch4n2ubfu,2026-05-16T21:45:06+00:00,"With no audible booing, Israel’s Noam Bettan performs ‘Michelle’ at Eurovision final  https://www.europesays.com/europe/44726/  Mother of slain soldier demands Oct. 7 state inquiry: ‘What are they hiding?’ About 400 people rally against…",N/A,did:plc:dmpirdk6dcab4uobpav2ffz7
bafyreidjfjkz6ntcd7oju7qinsuwv4zih3joutikhn4o3fpxp4uonre46m,2026-05-16T21:45:08.403Z,I’m also in the US and all the hospitals and Urgent Cares near me either charge for parking or don’t have any (must use street parking meters).,N/A,did:plc:ix4cvsaz2hgma2eydvahga3h
bafyreiczt2w533gjua3kntiuo2m7muksv4pepy7tbr6xazoadbble22e5m,2026-05-16T21:45:02+00:00,"TOUGH OPENING DAY FOR CITROËN RACING FORMULA E TEAM ON HOME STREETS OF MONACO | Citroën Racing  https://www.europesays.com/netherlands/12570/   Challenging qualifying left both cars outside of the duels with Jean-Éric Vergne starting in P9 and Nick…",N/A,did:plc:tygmoztg7hvboeqteixmx6ky
bafyreibzjapi7ellslasytzwvgegve4doekfeyioqgzdlbjtxl4gnjpxgm,2026-05-16T21:45:05+00:00,"Ha rifiutato 12 milioni di dollari per la sua Ferrari F50: la storia del collezionista che preferisce guidare i sogni – News  https://www.europesays.com/it/493917/  Cresciuto in una fattoria con il poster di una Lamborghini in camera, oggi possiede una rarissima Ferrari F50…",N/A,did:plc:ht6nj7wvu3y7ysrlwyc2iy5m
bafyreicgvycdrbogkgp43y5rqhtilavhlq4bu3nv5dp3t2hci42ed2rdqu,2026-05-16T21:45:08.390Z,Pennsylvania: Sen. David McCormick tours AI-powered biotech labs at Penn to promote AI and federal funding admit NSF turmoil  Senator McCormick visited Penn's AI biotech lab to promote AI's role in biomedical research.  #PennsylvaniaNews #General,N/A,did:plc:oobayuj4zhhswbciunshqkpi
bafyreiawy2kvqf3rysq45zjzrw4uqkte6rjskspqgzssdi62txtyruml2i,2026-05-16T21:44:52.356Z,HUH WHAT DID U SAY,N/A,did:plc:je52qkvsg73s4q3c6ttd5icq
bafyreidminfin5ezjlfqyglunbjuu2ehxeqrtpr6bji3tcggzohyjfydnm,2026-05-16T21:45:08.387Z,"He leído que en principio Dan Stevens (el ruso) iba a grabar sus propias canciones, pero coincidió con el covid y no pudo grabarlas.   Ahora quiero ver La bella y la bestia (2017) en versión original para escuchar cómo canta  #Cineblus #Eurorrision2026",N/A,did:plc:jmm6b4kv6jdhpczwrnorlp2b
bafyreidvprcs42v3rf5iata7hss6k4eclvmdeenoykbwnzbpljeaoahyjq,2026-05-16T21:45:08.639Z,And Trump & masters are  looting America!,N/A,did:plc:fdtydziie6l76qmhb4yf3pmp
bafyreiags57uantykv5roofw6njx75etywbfxt536cmepuqjucvhbg73ai,2026-05-16T21:45:08.179Z,░ Author: Zombiepirate ░ Source: Lemmy (traditional_art@lemmy.world / Hot) ░ Title: M.C. Escher's drawing of his father on his deathbed- 14th June 1939 ░ URL: https://lemmy.world/post/46914945  ,N/A,did:plc:cuqb5kuvsilxr5mrq6ooyjdo
bafyreieamlxr7ahhsz7n5ze6iipcgbu3ajbibvkb7jqanb34i4ylpaafxi,2026-05-16T21:45:05+00:00,Nurullah Efe: Gerçek cesaret nedir?  https://www.europesays.com/forums/150497/  Kaynak: HKP Youtube Kanalı — tarihsel_maddeci,N/A,did:plc:q4w35uxmlr5vkd2d6y3j5slq
bafyreidob4rwu7zb6cu3eti6tnqsouq4y2z2azl2rppphtgiobv6busoja,2026-05-16T21:45:08.738Z,I picked a good day for my first Pinery visit of the year. 🍻,N/A,did:plc:ndxc234uka62auollhrfnyer
bafyreibnhfgzbx52hxlz5kc6uwggy7b2nokgkrh65vcjyplc2giftmwfne,2026-05-16T21:44:50.378Z,"TARO / ROTA / TORA  Tho I’m no expert, so an astrology gay can tell us more",N/A,did:plc:skraz6fdfcu3puh2r3qarho7
bafyreihnqp4ifxkgpen7cjluthza3qhdxw7mb54yqzd5t3a35bxm35sjdq,2026-05-16T21:45:08.531Z,"But to be fair, his fat,ugly, orange pumpkin head would look GREAT on a sharp pole",N/A,did:plc:v2x5ymkojm2zenm6jsg6dmex
bafyreid7lzjtzdrbht2rmwwgjjio6ycafytptnzybhvponkx37fgj2jxqu,2026-05-16T21:45:05+00:00,Ny forskning om omega-3 cøliaki: Uventede funn  https://www.europesays.com/no/239839/  Forskere studerer om det mor spiser i svangerskapet eller det barnet spiser første leveår kan påvirke risikoen for…,N/A,did:plc:7j7mitnqv6nrtjjqc7g4fnop
bafyreig2a53q54gfmzvu3bond3ymbjvsqexyxxv6pzfrjxd5lgbc32qehm,2026-05-16T21:45:05+00:00,"Afrique du Sud : l’opposition quitte le Parlement pour exiger la démission de Ramaphosa  https://www.europesays.com/afrique/104687/  En Afrique du Sud, les députés de l’opposition ont quitté l’Hémicycle lors d’une séance de questions-réponses du président,…",N/A,did:plc:bborek56dnu5ggcxayyhomss
bafyreice5x7remwoehfyfgqpuzpg5q7cvdqh5hk73yjwr4mlfdnzorhkei,2026-05-16T21:45:09.160Z,"#SallySpectra Said WYATT'S Name on Y&R and We're Holding the Door WIDE OPEN!  A Spencer name dropped pre-engagement is the writers planting a SEED. Hit play because if B&B doesn't want #WyattSpencer, Genoa City will TAKE him! #YR #YoungandtheRestless",N/A,did:plc:3pucmjmgb4ovqiea42dorp5z
bafyreih72pudch5ewmc7avc245ietvz2ftzmaywpdbktifzzk3hetdnfiq,2026-05-16T21:44:49.001Z,こっちにあげなおし,N/A,did:plc:uybxjkix2klpjglvp5begzmf
bafyreigjlzobkdwaxcs2pfhohpg4gdqrpe3h5fi5h5ikodi3lagumr2ooe,2026-05-16T21:45:07+00:00,Ex-Real Madrid coach Xabi Alonso set to take Chelsea job: AP source  https://www.europesays.com/spain/24764/  LONDON (AP) — Xabi Alonso is set to be named Chelsea coach after reaching an agreement with the…,N/A,did:plc:4ghqaphkg2binb2afeymno76
bafyreiggd64h74appjfjs7adyjlpqtpatraknx7dbb7t7ruo63zexu2abq,2026-05-16T21:45:05+00:00,News: Fred Kafeero installed as new Rotary Club of Mengo pre  https://www.europesays.com/africa/238447/  _____________ Fred Kafeero has officially been installed as the 38th president of the Rotary Club of Mengo under District…,N/A,did:plc:v3lkb3m4lu6nzv6npkah6umc
bafyreieop6aisc6unygamxajee6i6jlciz266mtmuy3vnt6n5qy3mcgsye,2026-05-16T21:45:08.855Z,#eurovisiob I live for the full bonkers stuff but nothing has really fully hit me tonight.,N/A,did:plc:umqezqh6fxjxwaxfhzdpnteq
bafyreiejglzogc3cn64bafophan3cxuxug4u3mq3e62helbeo2nagz4g4e,2026-05-16T21:45:08.343Z,Omg. I am so glad to hear that you are feeling better.,N/A,did:plc:vpwi5ujeo2ke2l7nknjqevob
bafyreihb4l6jk46tklsy2hlnsa4lla2eoymzx3ohvv2gzklgf7ibyjk2ta,2026-05-16T21:45:08.984Z,なんですか 僕は狐耳が大好きで のじゃのじゃ言うのが好きで 見た目ロリが好きなだけです 通してください,N/A,did:plc:oj4utzarm7yk66ew7zpvwupu
bafyreigeuwqgt52rbssu4mesapygvnxodioiap5jinv5bhvhdu3fffiz5e,2026-05-16T21:45:02+00:00,Alicja Szemplińska performs ‘Pray’ in Vienna for Poland’s Eurovision 2026 Grand Final  https://www.europesays.com/poland/7223/  Show summary Hide summary Alicja Szemplińska brings emotional power to Eurovision 2026 Grand Final tonight. The 23-year-old Polish…,N/A,did:plc:bykcgkpz5nkwe5ylflbw6lb3
bafyreid2ibflcflxe5wuplmhewg2cpkx5r5gynncu4fiebsl533jshvrn4,2026-05-16T21:44:24.312Z,"fui ignorado mesmo, vou sair pra comer",N/A,did:plc:vfmxm7kxmc2baypjpvngvy7j
bafyreigswalngc5if3eufje6iezhcz5vjmp7c4xtkf5c5n7eowyijyjwj4,2026-05-16T21:45:05+00:00,"Horoskops svētdienai – 17. maijam – Apollo.lv  https://www.europesays.com/lv/203857/  Horoskops svētdienai – 17. maijam  Apollo.lv Horoskops svētdienai, 17. maijam  TVNET Horoskopi 17. maijam. Sāc ar to, ko vari ietekmēt,…",N/A,did:plc:5ipdiut7pyi7dqltm5ccrmb3
bafyreichrarryxwlautwam24iao5kxsp5w4qraqkuxnw6yskckkfeo2y54,2026-05-16T21:45:09.137Z,Der Typ ist ein absoluter Narzisst und er kann das Mega schlecht verbergen. Es bricht immer wieder durch.,N/A,did:plc:bw4roghnpzgqeis6noxujr4e
bafyreiecp5vz7xfgrpkajeheo7if63yfpiyfspbhpoji2qibhgtjwomxfq,2026-05-16T21:45:08.93758300Z,lets get the hell out of this dump together hand in hand :3 we can kiss & make up xxxooo ooh la la,N/A,did:plc:cmwxkihlca4mdlkyqkomupew
bafyreibtvl6752twsedh5ect4rfzzucovxdwpu36xyyqcjm5jc4rxwxxci,2026-05-16T21:45:09.194Z,"the plant on my windowsill just hinted it knows the location of a hidden dimension. meanwhile, i’m still trying to figure out what that smell is in the fridge. priorities, you know? why does reality always take the long way home",N/A,did:plc:ufskztrjiuz2k7wmooszs3eb
bafyreietlb3omf6vzfi5usgzshar4ewtckd2f5coiyiflydjzg2pu7y6am,2026-05-16T21:45:07+00:00,"Two World Championship games, six points: The field hockey team passes a test of patience and beats Latvia 4:2  https://www.europesays.com/ch/66630/  The Swiss national ice hockey team overcomes the second hurdle at the home World Championships. After a test…",N/A,did:plc:uxcnomk7tff2n62ofupizera
bafyreiakcqpeurp54nbz4hhhqfpg3roizjxemdggwdz5ckaa64cpjttlia,2026-05-16T21:45:09.164Z,He has an enormous Croc collection. Including a bunch of limited edition ones.  😩He is legit a wild boy.,N/A,did:plc:wrkiixesrxrk7ttfjrduevmd
bafyreifh3nkt5jewpjhdcsmt2jsurczrefvqworbo576vznnfw3ao5np4m,2026-05-16T21:45:08.591Z,Dems need to repeat ad naseum the names and offenses of the fraudsters pardoned by Trump. Ask every R to explain then return to it again. Repeat constantly. Make like a Trump Cabinet Secretary responding to a Congressional hearing,N/A,did:plc:twj4gpx5clhgc6qoa6o3u5rk
bafyreihxffxmpt7ahd54jdyfsbns25mz2ni2xloox76mjkmqaqoeplewcq,2026-05-16T21:45:10.851Z,Not much I love seeing more than a hard cock through a fly. Jeans or suit is my fave.,N/A,did:plc:e5zqweyxdrdw6bynj6rif2bc
bafyreicrbhj2ofzwnof2zybjs7t5k5yqifamwowv3iv43tw43nqokpsaw4,2026-05-16T21:45:09.307Z,www.maptap.gg May 16 92🎓 98🎯 98🎯 97🔥 96🔥 Final score: 965  I do worse on the domestic ones.,N/A,did:plc:txzobkvgnakv2tjha4jwlqhk
bafyreifziph4xyetvxobqpa2binfpe2u5veed72yvplskdkr6daldr4dye,2026-05-16T21:45:08.283Z,"Used to be, incompetence was enough. That seems so quaint now. wapo.st/4uL4dcK",N/A,did:plc:upajh4fewvybdrdtawqllykj
bafyreie5ww7uaykenil7nytro7kc7sfwkugy5qp7a57khghvkbqund5hay,2026-05-16T18:45:08-03:00,Open Fight Olho no Olho reúne atletas gaúchos em Sapiranga na 4ª edição,N/A,did:plc:ki7uk3dvp3btbbke6dxp7gkf
bafyreie27v33gylgcle7au6jba3dasancx35vf7b5z7k7uixydgsqhjqf4,2026-05-16T21:45:08.425Z,"We'll try everything once, right? 🥲",N/A,did:plc:mkrjymcw7arkzzjk2pissgs5
bafyreih2rcim7ve3hh2u4tkgtogz5houptt2anvxkdbmiagvlve5yaxgyu,2011-04-01T00:00:00.000000Z,"La Suisse: Paradis des kleptocrates?  """"  https://www.publiceye.ch/fr/publications/detail/la-suisse-paradis-des-kleptocrates",N/A,did:plc:lb7v3uq23wmm5spv2a27kehv
bafyreig33kxenv2cl6gwcz63ux2xljsem7trsfbvh6wv2xmlxkmivncevy,2026-05-16T21:45:09.631Z,Hmmm. I wonder if your frequent “anti-Hamas” posting has anything to do with your view?,N/A,did:plc:jghi2ays6yyitxa3xvwbccbn
bafyreibio7gy2hbesjttt6zepzat7dy6wyyllfdgchpswhybxuqudnspva,2026-05-16T21:45:10.050Z,I am the same way.,N/A,did:plc:idmyz44mo5xxnp6u753nb6nu
bafyreiaveghniph7tagcdqxhvriuutft5e56cbrnecuzowuk6ljpnmqbea,2026-05-16T21:45:07.654Z,queria que elu fosse um cuzao pra pelo menos poder equilibrar essa deliciosidade toda mas NAAAAAO,N/A,did:plc:4pys4rmvkc5a56m6s4qx2io5
bafyreifxu4w6pubk6fkgjy5of2ijh3ubvkbvng3kuxa5d3buzx6hsq5et4,2026-05-16T21:45:09.465Z,"according to my friend this is light sensitivity and i should go to a doctor 😀  in true berri fashion, i shall continue to ignore it",N/A,did:plc:k3emcn6qln4xm7su2rznt3fs
bafyreihmrbbsnzievukemya7qmxxevodp5w5wiyuhufbmyjikdnkfc2iie,2026-05-16T21:45:08.756Z,Oh 💩!,N/A,did:plc:5nz6m4sxvox7jny354kgo7jf
bafyreiezyyahdi32xreapbanjiauxxbhrwqkpqfjkvjet35sg374mvq2aq,2026-05-16T21:45:02+00:00,"Labour: enemies of the people  https://www.europesays.com/britain/38795/  If anything, Corbyn’s Labour was even more of an affluent middle-class and graduate-class vehicle than it had been…",N/A,did:plc:47ukz5svch7g2jmqu674y7b5
bafyreidn27cvqgcuka7uvanvd2rtutgoh2dt6uqfgbyjskxvphnvl7k55i,2026-05-16T21:45:09.577Z,“The Baddest (feat. Giggs)” by Moelogo #nowplaying #1xtra,N/A,did:plc:p2jfqnmuawxbmp6ja7hzi3tj
bafyreiauavqs7k67aimsejo2e37odxo4eapnxnporocctpk2alt4piveuq,2026-05-16T21:45:09.942Z,Today's been a slow one. Almost painfully so.  But even Spartans needs rest.,N/A,did:plc:fgfavfjsh67tdj6twai3cqf4
bafyreigculvutohapoxc7ardbr24awjcr7aueg7xlcbozaix7cs5pf7q5e,2026-05-16T21:45:02+00:00,"Pope Leo XIV to make first official visit to France in nearly 20 years  https://www.europesays.com/france/15516/  Pope Leo XIV will visit France on an official state visit from September 25-28, marking the first official…",N/A,did:plc:pwyrvoajqcy4ovljrticprdx
bafyreiaol5kesrfpzhjdda56kxjrg2f52aenxxigw5p7mdbj2qaekc3npm,2026-05-16T21:45:08.387Z,..respuesta de alguien que votó por el larry....😂,N/A,did:plc:mm65tvdcpy7wldiqlw2rqt7x
bafyreigiktagtcykko5nrofjxodtk4ztot7j6vko2qrc6nzrkzlbwfikny,2026-05-16T21:45:08Z,A fire and explosion at a lumber mill in Maine killed a firefighter and injured multiple people on Friday.,N/A,did:plc:4o7cbrvd7ck6f2y32ttznmfj
bafyreiai3q44c3xsm7womp3gr5pi5ydkrlj7bwchntrdume3e2mnp3bay4,2026-05-16T21:45:08.166Z,substack.com/@rawstory/no...,N/A,did:plc:gxdlzypksrycroeznj367kqp
bafyreiax2ghnrlanyn5czhr4l5yhppagthp7jrr3m56t2qd6w2kovjvgwi,2026-05-16T21:45:09.098Z,"Join the amazing Kiddada Grey as she and Nick talk about Red Flags, tearing down the manosphere, and being a better person.   youtu.be/zkLdRacCVI0   Drinking with Authors is brought to you by 4 Horsemen Publications.  #Manosphere #RedPill #BeKind #BeBetter  @thenicksavage.bsky.social",N/A,did:plc:qkdctcarwxzp37uhpfv2jsyq
bafyreiankgh47ciak577sg3hobem3akvsywaio7io5tgulhwprvzjvwssa,2026-05-16T21:45:09.035Z,어제 냉면머거써요 오늘 점심으로 먹을게용~🫶,N/A,did:plc:fcpcjcb4fadaewglewqpw3rq
bafyreicohrklj3ca4f6kus4g7xd2qqo24wmhabwsw6qcqbto4kl6mxhali,2026-05-16T21:45:09.617Z,Their all traitors. All of them.,N/A,did:plc:vhnbcdftvj6s62tea2avhy7z
bafyreihfauatfzxqmbikjiai74cd42vu3s2lwptgvyke2evrkllog7nrny,2026-05-16T21:45:09.476Z,Wisconsin: Former Wausau woman pleads not guilty to neglect in daughter’s death  #WisconsinNews #General,N/A,did:plc:oobayuj4zhhswbciunshqkpi
bafyreicton7phbhvmr6r47o4gvk2db7zt2ixfgqjr24wuwyrebubfvfily,2026-05-16T21:45:09.618Z,"I follow a lot of animation stuff but in all my years on Twitter and now Bluesky, I can't recall seeing anyone mention TITAN A.E.  And you know what? I saw it in theater, and I can't remember a thing about it except for the Creed theme song and that it ran the Godzilla 2000 trailer before rhe movie.",N/A,did:plc:rod4zzqx63ljwve5pnbqoibr
bafyreibgpleo2vaqrle4stglnhh4xhkua2gbyph2freqt6i6uldthenwk4,2026-05-16T21:45:09.721Z,起きた,N/A,did:plc:q77dpnomxmwhgvbjv2cqfyrj
bafyreidivcllbzopwyebe6d6562vzgjjhdr7udfq2ub2x46qitin44nfxu,2026-05-16T21:45:09.391824+00:00,Caprice Cafe - 色褪せない日常 #NowPlaying #足立区民放送 #五反野FM https://gotanno.love/,N/A,did:plc:243hhsjubdwjwgbu6qdhh3r3
bafyreie4e2iaiwbdjs6axhyaa5jjfurpqocrxvnnt5xn4r3czstu75gyz4,2026-05-16T21:45:07.689Z,Gameoverse doodle,N/A,did:plc:vo2xtrokda4lrm5qxbgt5zfu
bafyreie6ckvu4xs3glvosupsmmhhxs42t3vu6qdzyrm5vdvdx4stbcohsa,2026-05-16T21:45:09.476Z,"I'm meeting some friends for breakfast and some shopping, but I can't decide whether to dress simply or be extravagant.",N/A,did:plc:nyhaf4ct5sxarmkwc5c2443f
bafyreide5yuiiytggehfyzbxr5u6uyqzqdqbb7mtr7cpxcqxlv6hjyqbo4,2026-05-16T21:45:12.131Z,Is this because of the threats that cancelled the Shen Yun performances?,N/A,did:plc:6gly5igleutgvvnttrrsii45
bafyreid4lpxc4hbvr454zrkjt25lzgmcqjrdqqwe4ius2ffje2opvb3al4,2026-05-16T21:45:09.42146400Z,"Relax, I belong to everyone!",N/A,did:plc:ylywrar5m7abteljsgliynp6
bafyreic2cwodlroca3a4jurtoitu7cx32zrical3v3lukk5yvavnoev5my,2026-05-16T21:45:08.591Z,Someone trying to convince some writers I know to join a MiniDrama writing group to earn some “quick cash”   youtu.be/P7QRfK6-lIg?...,N/A,did:plc:ro5xrazoq22cz4pikxfbqdjb
bafyreiaxord7sbvdtfpkxj267kklju22uoe4sfwoff6i6v3hxbimteha3i,2026-05-16T21:45:09.419Z,"“Everyone now knows that.” “Everyone” in this context usually means three anonymous accounts, a guy with 14 flags on his pickup truck, and a podcast recorded next to a malfunctioning air conditioner.",N/A,did:plc:swtxmqmmr6zf23wz2mf7jqrp
bafyreicwtsxykxfb6cwb5b3v4n4x3mwo74kvdoc5rarfv4kwzpxayxkhei,2026-05-16T21:44:59.006Z,Reflecting pool. (Not blue),N/A,did:plc:f5houv2ty3ph5y4iwuillbtb
bafyreidahigyzqxsp7xup42e2jkyxmcmbviota52djhirjn7dckuuro5pe,2026-05-16T21:45:07.572760Z,The people want the fall of the regime.,N/A,did:plc:geqgoovrhtm74thrjnjo2un6
bafyreihtx5ufmostelq2cy4dwmbaotvdxfeths6uhe3by562hvd6ret34y,2026-05-16T21:45:09.698Z,"Diese Lücke, diese unendliche Lücke…….",N/A,did:plc:bnubfy7wnd422l7sdfqr2gv3
bafyreid4dg4jrwpj6bi6uqmrosf27ig6wvnwijoezg6prtjqqnmiryrsau,2026-05-16T21:45:09.282Z,You might be right.,N/A,did:plc:jov7s67x25nhwpucsy3vdvmd
bafyreidapqcgnxggq7gbd27w3ygybww2tfenrqkw27gyshle4uszk3tsca,2026-05-16T21:45:10.105Z,🇬🇧 LIVE | Race Part 1 | 24h Nürburgring + IGTC 2026  #Racing #Motorsport,N/A,did:plc:fjyz6vi5ih6fktq7rzkaiacb
bafyreifgfpj2maudhp5y7zexfxexih6lcowbpql5zha46ohnhgp5wnern4,2026-05-16T21:45:10.281Z,"Don't condesecend. U don't know who you are talking to and I'm telling you, slow your roll.  The left is using the '$$$ from AIPAC' trope to instantly undermine those they dislike and they are dissembling on many and lying about some  Don't talk to me like I don't know about this...lots more than u",N/A,did:plc:gqebbn6jslhtcf3hi22f4u7j
bafyreifpmvvv6hb4cuhw7z6iz3scx7w543sljh6ijfw6wxf6wjv6icdfjq,2026-05-16T21:45:10.106Z,Showing us up front how poorly she'd govern the state and listen to Minnesotans,N/A,did:plc:okpi6uglceetjbjla4dqezvm
bafyreihwypsmmmhmaaf3jrbepwgugv2tn27yxennl4l5x7qrteccftqphu,2026-05-16T21:45:10.145Z,Here for the plap plapping...🫡🫡🫡,N/A,did:plc:b6a46oiexegmayinb3iyu7zb
bafyreigbxeiupaf6kxu2jsnnzl3o2r7ra2ze2wolggeribkupfxlulh32m,2026-05-16T21:45:09+00:00,Gilles Valiquette - Chez Nous C`est Chez Vous D  Les images peuvent être inexactes et/ou pas disponibles https://www.radiosouvenirsfm.com,N/A,did:plc:uskfs643xf44khbaf5nv4xle
bafyreidtu2lfrm2aho5o7uv5s75e2zkoi5shf6tbtagvon7l5bzkfpqlbm,2026-05-16T21:45:07+00:00,"What iconic fashion photography looked like behind the Berlin Wall in ’70s and ’80s East Germany  https://www.europesays.com/dk/84117/  When you buy through links on our articles, Future and its syndication partners may earn a commission. Behind…",N/A,did:plc:zcfs4a2fl2fgggydypqo56u4
bafyreichjrnugkwybkcxgqycegrthb44366ox53wrqqjisw4d5xd6gikqm,2026-05-16T21:45:09.91033600Z,She cradles my face in her hands like I am the most precious thing in existence. I have never known a love so pure as the love she bestows upon me. ,N/A,did:plc:qiizpabol4afejc3mimpsgzu
bafyreig5znotveeu2rd6vkrshsrq6mrzyndns7hl3e3dtixwaw3446kwv4,2026-05-16T21:45:09.600Z,i got saltines for the first time in 20 years and they totally reduced how much salt they put on them. booooo i want all the salt,N/A,did:plc:euclbpfa4ncewikehsohio23
bafyreienvgqksxqoluz6dmtz22xtuswa4gneihkdijqvdmggrah5g5f2yy,2026-05-16T21:45:07.649Z,This fallacy of protectiveness as a justification for violence and human rights abuses is getting worse. Like ICE “wellness checks” on immigrant schoolchildren! Like throwing a big rock at the head of a newborn monk seal to protect hypothetical turtles!,N/A,did:plc:ablr6xo5k5ehvoh6ia57f3yn
bafyreiajgkvcp5zswokpgij2hleqcsqtvg6dnmmukjghkpr3aoyjk3zl44,2026-05-16T21:45:06Z,タカラトミー(TAKARA TOMY) ポケットモンスター ポケモン30周年記念 モンコレ旅立ちの3匹セット カントー地方 が、Amazonで販売再開されました(51回目)。残り1個。 5leaf.jp/amazon/B0GG8V8R1R/#a... ,N/A,did:plc:dkaajwurwdfufh344tyicnsb
bafyreicwlpnmiqhyatf2uxdhstfhrdgbu2bqunilxyml56hfbpfxxytl6e,2026-05-16T21:45:09.956376+00:00,"🇹🇷 A Milli Kadın Futbol Takımı'nın kadrosu açıklandı 2027 Kadınlar Dünya Kupası Avrupa Elemeleri B Ligi 2. Grup’ta mücadele eden A Milli Kadın Futbol Takımı, Malta ve Kuzey İrlanda maçları öncesinde hazırlıklarını hızland… #Türkiye #Turkiye #Haber #Gündem #Gundem #BirGün #BirGun",N/A,did:plc:lako4qfv6vlzpz2dyt23b77u
bafyreigt66jirdtgfw2erbrr7fkxoj7r6o5vjxvky3dm55rjrf2ipmmytu,2026-05-16T21:45:09.123Z,"A crash has shut down eastbound 5400 South on Bangerter Highway in West Valley City, according to the Utah Department of Transportation.  kutv.com/news/local/c...",N/A,did:plc:nv65377en5q2o4qwa5ha2m77
bafyreiej37lzisdpz4sa6chm45wto6sfiqiwegydu5vzhmdxat5jfdjrx4,2026-05-16T21:45:08+00:00,"Israeli occupiers storm Hebron’s Old City, attack Palestinians  https://www.europesays.com/iran/117165/  Layan Bsharat 16 May 2026•Update: 16 May 2026 Israeli occupiers stormed the Old City of Hebron in the…",N/A,did:plc:wiuqiruv62xilr6p43bdyep5
bafyreifenxqurdxbeglrt3lafl44sjkdhdfhqr3tfjixdjpnucxlv3xvai,2026-05-16T21:45:10.132Z,Congress Republicans need to start standing up to this shit head and his worthless administration and realize they have more power together than he does!!! I do not understand why they are scared of this POS????,N/A,did:plc:alvxlnljoofquu3s5g7z4uj5
bafyreidoul2pe5zmyrdhnz3lmjg6a5qaojopgdhbsfkvf6kmoar6po5z5a,2026-05-16T21:45:09.682Z,emrekayaya karsi bizdir.,N/A,did:plc:lape5dztqw66xr5xgzhplnlf
bafyreiacthiwnigiysqnvfgp3bivnwt4xwuzkglx4uih35d7pwuakin53q,2026-05-16T21:45:09.186Z,I need it!,N/A,did:plc:orpjhwukfxaefiz6aztmyi4g
bafyreicivtswlrhnszshgjyxdxbqqkeffvcmavtiw5pqeisya3yyhigemq,2026-05-16T21:45:04.071Z,"U District Street Fair, a Seattle tradition since 1970. Blocks and blocks of craft booths, food trucks, live music stage, and Seattle culture.",N/A,did:plc:enfc64zdnrxd2k5id6mcjjbr
bafyreic6gnrp7wmdjigc677mv5mh5izgonbhsvznkdw4fbxbdf4l33ovum,2026-05-16T21:45:07.154Z,substack.com/@borowitzrep...,N/A,did:plc:vnrf6vw4ypszi3dl3udpu446
bafyreiguaka65zjfjcykqb5adglvtnx57r3zuk5oa5oz6mxywvdsaxsgk4,2026-05-16T21:45:09.483Z,Un clásico...,N/A,did:plc:pxj2fbmt47mkgtfobluqqgbq
bafyreia67tv462oe6pt7pf46vfk7t3ofmj7am2h7tyembg54c36uwdkjlq,2026-05-16T21:45:09.941Z,fiz tudo medindo com o coração e foi isso,N/A,did:plc:dfjy4ifzrxxy47434ono3eda
bafyreiapj5enmkjly72bg544hqd6amvvohbpdll3ego7tipesncmxfn5cm,2026-05-16T21:45:09.613Z,Many good games this year. 🫡  My fingers are crossed that the bond game is also goody.,N/A,did:plc:xs5sqlijxwsie4kcrmldjug5
bafyreicmhkpyteqz2lwi3zunvsoi7fzcuzqj3lwtdsm6b2vm7nq3hytpwe,2026-05-16T21:45:09.783Z,id look so gooodå,N/A,did:plc:w5rqptcof5igxy374ghv5d5m
bafyreibqgd57ckxwmn6poxj3eygdx67m6v4al6g63bxj22wkkl6ybamkle,2026-05-16T21:45:10.273Z,what a beautiful house,N/A,did:plc:kfwu5vloh5wd3thobdsd7a5c
bafyreif47qwt44jcpt6ndpnwk54y5zaktmfg5pfwelwork33easl7mtvs4,2026-05-16T21:45:09.614Z,"They'll never be finished. Most people know you don't PAINT a pool or any structure that holds water and requires chemical treatment to hold off algae, insect larva, etc. even with some filtration.",N/A,did:plc:yq3kncaiiqq3qlqrlhai2hcs
bafyreigu4osjspbcfcwozgjjpc47dps7d4t74pklb3idz7idw5uylovzfi,2026-05-16T21:45:10.168Z,GOAL! 85' — Ronald Camarao scores for Maringá. Ypiranga-RS 1–4 Maringá. Serie C  #ypirangars #maringa,N/A,did:plc:acglo4ret2f2wc5duqtispsa
bafyreibmpm7faq55ewzr4xosgyoxhsviyefn3sawfuz2vdmue6oj2fazru,2026-05-16T21:45:10.433Z,All Sens fans tuning in to watch the Charge  now realizing that the team was winning solely by the most nonsensical magic in hockey history.,N/A,did:plc:hwvl5b444sf6rwx5bennx4c4
bafyreidiffxn4l4dkof3q7dhqwh5lluh53nz5rmej4d3zfynrh5be3wxzq,2026-05-16T21:45:10.608Z,🙋‍♂️,N/A,did:plc:fst34ke6qfzglbupugewtfof
bafyreiashlj3ampx7np7hmqrilprd2t72kcncpl34wa4njmj65yysoxtdy,2026-05-16T21:45:11.336Z,Cilantro >>>>>>>>>>>,N/A,did:plc:mpipcahusd3iwcucd4m6hvlh
bafyreigkm4osqx242usj6xqxjyi4ltrnqd4hzn5vjpvol4b3gpu4cglona,2026-05-16T21:45:10.712Z,"do you think there's people who go outside and see someone who they'd consider attractive and because of that would call them ""goonbait""",N/A,did:plc:rtndqjhurc4fa4jiuj77npvg
bafyreie7bbeudiu5fc64n67acf6mrmqyj2cy6syioaibrno23y3kwssyqu,2026-05-16T21:45:10.289672+00:00,AInimalWorld anime hentai ecchi sexy animeanimal hentaicommunity aigenerated aiart nsfw nsfwbsky ,N/A,did:plc:bb36qskq4t3s5tk2pgf6xlwp
bafyreihlnja4rbczn3qckyexs5ybikssbdy777l2czmspsaqzzdgq7wzby,2026-05-16T17:45:10-04:00,"05/16/2026 17:29  / RPD  Precinct 2  X2  / FRAUD /FORGERY INCIDENT , INVESTIGATE  - 1700-BLK HOPKINS RD  Arrived   #rva",N/A,did:plc:b5ervrdurskah37zukoypl77
bafyreiaqh7rbwycabwaoi3eczj3ko3czxdofqxbc6kz2tckacq3slq2e4y,2026-05-16T21:45:10.402Z,FUCK THE CRIMINAL DOJ.,N/A,did:plc:pprjlglis2d3mvsiosixjx6g
bafyreidore6fhgc5e6a42rkkyvvn52eqhhl24mcpwkw5goesnytlo543jy,2026-05-16T21:45:10.547Z,It's definitely one of the funniest,N/A,did:plc:cjx5cua2wpegwhbzjly6ymyh
bafyreihomeq6utpvicniy5lccc64htrbgrx2j235zemlrgmi5ad6lvbat4,2026-05-16T21:45:10.714Z,"Thank you! It is new and experimental, and I hope I do a good job of it!",N/A,did:plc:ofzkhjyyh4kl4a35wxgmobmm
bafyreihoyu6bvbnlqcbqlvwartwbuhwrxiowjvepbabd3iu4qiorfohoma,2026-05-16T21:45:11.982Z,"""Musk"" I be ""rat-tional""?  The smell of those cookies makes me want to bounce around and it's hard to not get a bit slinky.😆",N/A,did:plc:y6i3dlcxryrz3ldmf2jkfiyg
bafyreibbgw4kjob7e7f6cuppm3rfuifqkktmsu33rgilnesvfr67jnmao4,2026-05-16T21:45:10.534Z,Make America great again 😈,N/A,did:plc:c2uqt2olbyjswfqyqfhxrars
bafyreiee5udobvwdig7ezahpaxaaosluawzbblau3ywfpwtzcrznh7oce4,2026-05-16T21:45:09.483222+00:00,#🔖アニメとゲーム 手塚治虫が「アドルフに告ぐ」や言論の自由について語った1983年の記者会見映像が公開 - コミックナタリー  手塚は会見で「今はっきり言うと鎖国している日本と同じ状態だと思います。どんどん日本の民族性というものに深く食い込んだマンガばかり出てきてしまって。僕が一番望んでいることは日本のマンガ界に黒澤明が出てほしいと思っています」とコメント。また自主規制をしながら執筆することについて、「お上からそれを圧迫...,N/A,did:plc:o2emdvvgo6ov7r4gpljdordf
bafyreigxkkr734kokuse52cnqtajjggiemisnvyahtoytziooe6bthnufy,2026-05-16T21:45:10.095Z,"Platner simps are tiresome. I love the ones who pretend that absolutely no one ever knew that his skull tatoo was a Nazi symbol even though everyone has seen it in the ""are we the baddies"" gif a million times.",N/A,did:plc:xzxoiq24kpfu6ylfjicegvu2
bafyreighkm3tdn3sehapw5oxhgytzbclpvs5nbpv23c4f4un7xc353ngq4,2026-05-16T21:45:10.207Z,"I-240 bt. Poplar & Walnut Grove 🕒 4:43 PM - 4:44 PM CT (4x speed) 🌡️ 84°F | Overcast  📍: 35.117167,-89.869517",N/A,did:plc:wi4n2grobzldnxanfm7h3swq
bafyreif522y4jkiglahvhflyrvh32tguaamyjt6tccphc37ot7a3i2nehy,2026-05-16T17:45:10-04:00,"05/16/2026 17:29  / RPD  Precinct 3  313B6  / UNNECESSARY NOISE , INVESTIGATE  - 1400-BLK NEWELL RD  Enroute   #rva",N/A,did:plc:b5ervrdurskah37zukoypl77
bafyreiankqoqfgcq23lq3keirxnezjhmrnlgrrew3dgtaeias4npocmr6m,2026-05-16T21:45:12.509Z,monster squad as a whole doesn't get enough love for their monster designs as they nailed most of them as in making universal monsters scary enough to kids in the 80s,N/A,did:plc:5j3cy57skhjrsxdqzmtvzypr
bafyreicngnoeppc7u3r2b7kjxff4gdy6ehii72ezhqgff4m2uzgbvkichi,2026-05-16T21:45:09.924Z,Peter Navarro’s blood must be boiling now,N/A,did:plc:abhqo7e2btv54bunal3og7ww
bafyreidwkllsl7xkxxh4di7wysm7zr7nqc2gfuwzsd2jmzobi5zus7kfya,2026-05-16T21:45:06.122Z,embraceyourgeeknesseyg.com/2026/05/16/o...,N/A,did:plc:f7d2r4vxgt2y2vhdg7zgf5k5
bafyreif3bumr3fm3psdgkefibg3443mikyf6o2zsbutfya3vhkl4mn3ddu,2026-05-16T21:45:10.560Z,youtu.be/SjB7403a09c?...,N/A,did:plc:oliyruuepkdpewmbuyf63skk
bafyreibfhu7fu3ekj5xrjpnjzjh63cyl62n7x2btsgw4ywwncjsfwj754e,2026-05-16T21:45:09.938Z,1984 Red Mars A Wizard of Earthsea,N/A,did:plc:zbvj2dnxeoup3gj3o6yughjg
bafyreicqrqyxlzjju2rumx23czszcn3vt6h3dueq23lj3jwjsad5hlrlbu,2026-05-16T21:44:55+00:00,"Amazing! The way to tell the difference between antisemitism and “legitimate concerns” is the colour brown. Welcome, friends, to bonkers Britain.",N/A,did:plc:ojcgsgqc4vo4eg7mhfssw6px
bafyreigrs74hj5kmqrrve6u6vzlnsvilceb35fmxyp5ds5mj2vqkotf4pq,2012-01-01T00:00:00.000000Z,"Swiss Trading SA: la Suisse, le négoce et la malédiction des matières premières  """"  https://www.publiceye.ch/fr/publications/detail/swiss-trading-sa",N/A,did:plc:lb7v3uq23wmm5spv2a27kehv
bafyreifcl5rt5jf3jl3k3ee3grwhzmch4i54zbjoyvyfidkwr3jrzf2hdq,2026-05-16T21:45:09+00:00,"🚨 Severe Thunderstorm Warning issued May 16 at 4:35PM CDT until May 16 at 5:15PM CDT by NWS Hastings NE 🚨 Additional Details Here.",N/A,did:plc:vrpp4g6ait2hyea2x6uh3y2k
bafyreigwmpgygsjdig55e4hnttyi4p2lnmdgeegdzp5vjxq4vriato2yby,2026-05-16T17:45:11-04:00,"05/16/2026 17:33  / RFD  FIRE  E11  / # OTHER , UNKNOWN FIRE (NON-STRUCTURE)  - 2200-BLK E GRACE ST  Arrived   #rva",N/A,did:plc:b5ervrdurskah37zukoypl77
bafyreibgjwvybalaabcj4zkkpeeg3wmrudzuq6foq2lnqtl2yhjz6gsfey,2026-05-16T21:44:42.821Z,take the screwdriver,N/A,did:plc:sixsdrga22mjkgixppjftkdu
bafyreia5qvmqsfpe575ue42oawpn4c5qd4qmtrsqxcig7vjt4o2h5lnteu,2026-05-16T21:45:10.132Z,Top Reads: Moncton elects new mayor and council tj.news/top-stories/...,N/A,did:plc:swf5zcfyborupwqfyewce2k3
bafyreibpvzss5kgkvfnwy2du423cpv3gp3gyd7w6tj6ucnoc63wc25rcgu,2026-05-16T21:45:09+00:00,Eurovision song contest 2026 – live | Eurovision 2026  https://www.europesays.com/europe/44725/  Key events Show key events only Please turn on JavaScript to use this feature As we head into…,N/A,did:plc:dmpirdk6dcab4uobpav2ffz7
bafyreidoqiz3tbdckseuo6fscduanq2jvllpzbxtfhhtdafnwrn5iargka,2026-05-16T21:45:06Z,I15 NB @ 9800 S  MP 294.6  SND  #UDOT #Utah #Sandy,N/A,did:plc:gc6z6k3idk7wawzchbljpebm
bafyreibjwq6srofe4rwgxfg2zqfpyuipz5lksv4ek6dnw3iniixbs7roum,2026-05-16T21:45:38.552Z,"#NowWatching ""The Searchers (1956)"".",N/A,did:plc:zqsxhkv7n3ieksya5oxj5brv
bafyreicodr3rznh4q2t2fsmy3v6knwbeabyy4jvc7fplycrrgbbtufx45i,2026-05-16T21:45:07.391Z,first time drawing with lasso tool. idk what this is the perspective is all off + sketch sketch.io/sketchpad/,N/A,did:plc:p2sn2dd5cuxbj4e6i6u3y7gi
bafyreiedmbpahrvm6nasyudtsblbthilpbarh3uywhunrxhqqdzcphisji,2026-05-16T21:45:10.861417+00:00,https://museumofzzt.com/file/view/plotless/?file=Plotless.zzt&board=52 “THE PLOT-LESS GAME (Or a game with no plot)” by NMZMaster/ZZTProgrammer (2000) [Plotless.zzt] - “Big cloud”  https://museumofzzt.com/file/play/plotless/ ,N/A,did:plc:4ep6m2uukmr4jhfifpijm2d5
bafyreihf7cxbylxrovbu5dlmwcqzbvll43ffiz23i2mdieit2uydhx6k7m,2026-05-16T21:45:10.533Z,"Heb heb nog een paar let bekeken, denk dat ik er gewoon naast zat, gelukkig maar",N/A,did:plc:bwkjce2m7jr2nb65ja65m5ql
bafyreia3yagedgwpe3gjdvyl7vz25rwdlafu4enmfbch4pkh7ak7ajy5mu,2026-05-16T21:45:10.984Z,The amount of times any pitcher on this team gets to a 3-0 count to a 7- 8- or 9-hole hitter makes me absolutely insane,N/A,did:plc:yqpfzeezu3zk3sra3fflaokg
bafyreicr7z6wifknajik5px76qazz4gbsutnilbm2jipuxkbhrus4qheze,2026-05-16T21:45:11.258Z,🎶 #NowPlaying Martha Da'ro - Mr Fear  https://radiotempete.com/,N/A,did:plc:sw2u3jta6dqm2dfab45a64we
bafyreidcvhowacw4bmhyhowxjryydcfeck3kw5pl6a6nabim3jsbuudiuy,2026-05-16T21:45:08.027Z,Update to the little creature little monster little goober little thing little clown little jester little dork little snorkel little buffoon little freak little kooky wacky character with zero things wrong with him at all under any circumstance forever,N/A,did:plc:ug3nzed3vvj7gbd5ur6ttvjd
bafyreiheqi44vut3mysces3dyhrggbc3hy2fjuhutpj3vh5lc343ruek3i,2026-05-16T21:45:11.559Z,beans beans the musical fruit,N/A,did:plc:a5bfs3hwb35ipz3nckorox76
bafyreiahlkvyag4rzb525qbfqoipzliybslah233ojp6vcmjuuuktwz3le,2026-05-16T21:45:08.504Z,ridiculo esse bglh de chamar o namorado de papai mesmo kkk,N/A,did:plc:2zffjkikik3r3zuflrm7bm3k
bafyreicwturngqejakizp2uuh6jyfnsmacqbo4dlogroguw7vceysfjqnq,2026-05-16T21:45:09+00:00,3 giochi per PlayStation 5 con un grafica da far cadere la mascella  https://www.europesays.com/it/493915/  Sono diversi i giochi per PlayStation 5 che hanno spremuto quasi all’osso la console targata Sony e che…,N/A,did:plc:ht6nj7wvu3y7ysrlwyc2iy5m
bafyreibva43cdbr6rm4uia6gdkhiygluqvw5glzxlbw5pdxirnjsrc3jeu,2026-05-16T21:45:10.879Z,Scenes from the ‘Unite the Kingdom’ march reveal the grotesque continuity of the obsession with ‘unveiling’. I believe it is partly linked to the fear of being seen without being able to see…,N/A,did:plc:qfoaiwyor3otmom2rafbblx5
bafyreicyh5oigj53ptoma6nn4xpsi7bmnp45hygn7jjbhhgqa72pfdgmvy,2026-05-16T21:45:10+00:00,"Real Madrid in race with Barcelona to sign ‘Moroccan Messi’  https://www.europesays.com/spain/24762/  According to an update from SPORT, it has come to light that Real Madrid and Barcelona have set…",N/A,did:plc:4ghqaphkg2binb2afeymno76
bafyreiblo6wnj4shb5cbzm2zxg5g7fhwecjvoap53s776xax7n3233ktte,2026-05-16T17:45:11-04:00,"05/16/2026 17:35  / RPD  Precinct 2  211C4  / WELFARE CHECK , INVESTIGATE  - 00-BLK W 31ST ST  Enroute   #rva",N/A,did:plc:b5ervrdurskah37zukoypl77
bafyreievitwpriptjggqd5cqb3vsp4j4bscrtoksf6wcxwfpvc7tcf2mr4,2026-05-16T21:45:11.000Z,OK if the guy with two black gloves doesn't win I want the guy named Maverick to win. ,N/A,did:plc:44c5zxfjzwzcwhoefd5w74nv
bafyreib3dber7w6cqudaieeakh2dedwz6vr7wehnsxslmfnrtxq6fy45zm,2026-05-16T21:45:11.314Z,giant danios! these ones survived not being eaten by their parents. Who were also all born/hatched down here! (basement)  The parents 27 of them at the time were born in a hospital tank from their parents who i was treating for some problem or another. Why I now have my 120 gallon tank haha.,N/A,did:plc:4mdjbw44bskqwkbuwca4xj2f
bafyreibfh33pwj4u3hdmhmpe35bsy4pbkftrgxjelolgi5whvc2p7kkose,2026-05-16T21:45:09+00:00,Teknikstrul i Eurovision – Tjeckien kan få sjunga om  https://www.europesays.com/se/247986/  Under Tjeckiens framträdande i Eurovision blev det teknikstrul under sändningen. Vid flera tillfällen frös sändningen eller blev svart.…,N/A,did:plc:meiz3kma33nrwe6bliagav37
bafyreig4c4ijhml7ptlugqextz5isl2kft6xcxop66wa4xqweq4ch2em3e,2026-05-16T17:45:11-04:00,"05/16/2026 17:38  / RPD  Precinct 2  212A4  / CRASH , PROPERTY DAMAGE  - 5200-BLK WARWICK RD  Enroute   #rva",N/A,did:plc:b5ervrdurskah37zukoypl77
bafyreid6ilyte7xf2fetglmoes5fz43rbnjbwaxvwp4puaq3uxju4cmpgm,2026-05-16T21:45:11.837Z,I want a 3 part ITV drama starring Sheridan Smith on how these hosts were chosen.,N/A,did:plc:6rponhqv2j4cyop6aeh7j3p2
bafyreifkfkdwj3kaoypdfncqxsswy6ayhuiym4ahi2qg2o6kl7tobm4h3m,2026-05-16T21:45:08+00:00,"American Jobs with AI Exposure Really Are Starting to Disappear, Data Show  https://www.newsbeep.com/nz/431093/  There’s this certain category of human work that economists clearly want to put in a horrible basket marked…",N/A,did:plc:cvhzp4oqk57twhhjji5o2b3t
bafyreicwjsabhtk5sry47jgaoh3cbnqmzelb4ny7xqiq7o2pqtwtwpke2i,2026-05-16T21:45:03.603Z,"devil's advocate isn't a good look..  she asked how many times ""HAVE I GONE TO THE ER"".. it's a very rude question no matter how you look at it..  if it was ""how many times have you paid for parking?"" that would be another story wouldn't it.. *my partner pays for a parking structure constantly.*",N/A,did:plc:fx3arojqxdllxmwpfwcexrin
bafyreibpv67tuw3eyu7xs74cvfnnlen7pgwm2cnq6ogj3yfcbwqvdw7xhm,2026-05-16T21:45:11.215Z,"Ok.. Don't panic.. Everything is gonna be ok. Holy jumping fuck beans - I have an apartment! 😳 My very first place I can call my own. I get the keys in a couple of weeks. I've a huge house to clear out, 3 generations of fucking clutter but oh my god I never thought this would happen for a long time",N/A,did:plc:3dtqzicn565qgir4zwq5gjzq
bafyreibzlyogweijox2vltd5v5xhqhbewz3ty7a7tk6olkd3dh7xxbbxla,2026-05-16T21:45:11.178959+00:00,"⚾💥 18 August 2024 💥⚾ Game: Regular Season Pitcher: A.J. Puk (L) - Arizona Diamondbacks Batter: Brandon Lowe (L) - Tampa Bay Rays The Play: 2-1, 0 outs, bottom of 9th, tied at 6-6 The Pitch: 90.8 mph sinker Final: Rays won 8-7 in 12 innings",N/A,did:plc:go4qh564gu5lhbwhj3lg76bx
bafyreicjfwywpwmfvhpubofemc5yo2gratm7wooys2dzimh3uomvwhb5x4,2026-05-16T21:45:09.585Z,youtube.com/watch?v=04F4...,N/A,did:plc:elh42h6ck7gtdlwskwoiy2qh
bafyreiccycw72qvye7yxuqyn7hftg4ojozyfer2wb2mkvnwe27lpqk4lwa,2026-05-16T21:45:08.148006Z,"Webb captures WLM galaxy formation - To know what Webb discovered today, visit https://www.jameswebbdiscovery.com and Explore Universe with this beginners telescope --> https://amzn.to/3JaxN9u  #Astronomy #AmazonAffiliate #NASA #Space",N/A,did:plc:vdb6gif7jcjcycc3ctcq4d4s
bafyreib4eftose3d6jgtazk3dwozt6x3kloik2x2tmwqulbvewxbzp7lsu,2026-05-16T21:45:11.220Z,Sukienka Marty 2/10 wygląda jak halka do właściwej sukienki,N/A,did:plc:2jx5qra6gw2z4gpbpljm4k4z
bafyreigctnljd3e2c6vx4w2iyuneb6d6tjga5sx3qwzvphjxr3nvjxbqfu,2026-05-16T21:45:11.932Z,It dances by you like a thing possessed.  >,N/A,did:plc:rxxdg3wxqjsf6y4mjutwo76z
bafyreicbhy7n5bmadp3k3ydrjbrvzf2uslpvceplmdovhyhstwzoxilooa,2026-05-16T21:45:11.250Z,Eines???,N/A,did:plc:linthrzhbchiablnsnmihopd
bafyreihyvlmz5f2ctivxo2rrtt27x7gx2joarwzdgr6yung7vex5tx7aaa,2026-05-16T21:45:11.419Z,Tasting History (@ tastinghistory.bsky.social) did a whole video on historical not-tomato based ketchups a while back. Maybe you can find a recipe you like that works for you 😊,N/A,did:plc:ulo5wjl3dead62nnnyywprnq
bafyreibz2xtfuxs7m3osc4ar5kgwwkfsgwfdgoaeedtmsp3als2d3mmkom,2026-05-16T21:45:10.117Z,today was realy a wonderful day have a good night everyone 🧡,N/A,did:plc:fgc52ftcxifhqw7ggvivwakt
bafyreic2l4iemhx56524isqipmgnshjrwjzy4pfa47hz7dgo2veijdi52u,2026-05-16T21:45:11.741Z,"Australia, Finland, Bulgaria #eurovision",N/A,did:plc:m3bfntq2kxax7thyepr6kgqr
bafyreiavriuzpv4tc3x62hhuea6o3zen7ovqgvqywwiptrl3x4fiynd5gq,2026-05-16T21:45:07.751Z,こちらの記事で自分の絵を紹介してもらってます！ www.pixivision.net/ja/a/11568,N/A,did:plc:2ngcoogi7xfmidnlxh72xigc
bafyreig6tku5cbb364lvgxl6dmahxez5dbmp5ymn4bhknlosb35useis3a,2026-05-16T21:45:11.351Z,😁👍,N/A,did:plc:d724riil7teuvhx5uekydddq
bafyreifjyjkua6wv7q3ztezvq63q2stbzjyucqxf3pbzpjb4bcxa4yv7oa,2026-05-16T21:45:11+00:00,"🚨 Severe Thunderstorm Warning issued May 16 at 4:37PM CDT until May 16 at 5:15PM CDT by NWS Omaha/Valley NE 🚨 Additional Details Here.",N/A,did:plc:mfekrrcqy2hj3u4d5vptqwyy
bafyreidcy3rkfsznpgwr2t6xi4ivnzckh4ywofr42hbhyi3y6es2ztdftu,2026-05-16T21:45:10.690Z,"yôga *fechado* bom se pratica, inclusive, sem roupa  yóga *aberto* é essa merda ocidentalizada meia-boca que produz caranguejo patola",N/A,did:plc:vhjk52ftyuqmzlcrehqr6nu7
bafyreidatang4hojey27kgvoimdc4tqgm6pt6t4b4kgqlie2s56zdkmbmy,2026-05-16T18:45:11-03:00,Hacker ligado a Vorcaro é preso em Dubai,N/A,did:plc:ki7uk3dvp3btbbke6dxp7gkf
bafyreife3cnjnkbg7rvncy2lnr2nt4pz7lespb4d7lppy5encsbqgv7k7e,2026-05-16T21:45:11.785Z,É padrão da internet já,N/A,did:plc:mtxdhxoy4ecpcc2msgx76fm3
bafyreihuiwoia54nkxkwk2djs27wtmsk67dfeal7hmkqmyoq65q6zducpm,2026-05-16T21:45:12.191Z,Today I have seen  222 333 444  Will it keep going?  #witchsky,N/A,did:plc:qezfcrm3z6t5tdyhyfhim32c
bafyreic6wds7hrl33rk547tpesnaaccsfzerum5nhnugqne5yr3636n3ue,2026-05-16T21:45:10+00:00,Formula E: Team-mates Müller and Wehrlein collide – De Vries wins in Monaco  https://www.europesays.com/ch/66628/  Formula E dives into the world of glamor. Who will be crowned the winner on the legendary city…,N/A,did:plc:uxcnomk7tff2n62ofupizera
bafyreig7c6paemzqyob5k5ufsbkzvtshsknyhirllmzu22zzl7zt7v6wbi,2026-05-16T21:45:11.794Z,:/ wow :/ would be a shame if they all ended up in my dms :/,N/A,did:plc:cq2o7nd3n3hvu2cgxvizm5nx
bafyreifgffusouilo7l66s3ctnaeph56cytbkjm3gmbzmbvumzr3fk4kfu,2026-05-16T21:45:10+00:00,"Ana Hickmann fala sobre detalhes de festa de casamento com Edu Guedes  https://www.europesays.com/pt/384192/  Ana Hickmann, 45, contou detalhes dos preparativos do casamento com Edu Guedes, 51. O que aconteceu Edu e…",N/A,did:plc:lxpmp26fxtdcr4fxvhycenoh
bafyreiapmezn6u7csutjgi63ymmzabduyn43uagxyozqwl4kyzdoqhxhpu,2026-05-16T21:45:12.346Z,Maybe it’s quickest to just show the ones who aren’t?  What? Oh. It’s really hard to tell.,N/A,did:plc:yc5cj47rr6vug6hwvxh4mj5s
bafyreibn43iqcdzaq5p3ckg4dvw4vcenb7grse6vmbr5pxt2fomarfqh2i,2026-05-16T21:44:19.447Z,sites.google.com/view/pulsefo...,N/A,did:plc:75r35ccsh3o3g3tk4hpnmoru
bafyreidme7h5vq6b66jblsekufze6kjz5luz4px2lh3q6kkzvfaflg3jci,2026-05-16T17:45:12-04:00,"05/16/2026 17:39  / RPD  Precinct 2  204  / HOTSPOT-CURVE , WITHOUT FLASHING BLUE LIGHTS  - 3400-BLK WALMSLEY BLVD  Arrived   #rva",N/A,did:plc:b5ervrdurskah37zukoypl77
bafyreie4qwdeysefc2upcc3rdczc7rlpf2c2cs6ny6yrllqmmegcwvxfgq,2026-05-16T17:45:12-04:00,"05/16/2026 17:39  / RPD  Precinct 2  204  / HOTSPOT-CURVE , WITHOUT FLASHING BLUE LIGHTS  - 3400-BLK WALMSLEY BLVD  Dispatched   #rva",N/A,did:plc:b5ervrdurskah37zukoypl77
bafyreibf4pp6rvcjlocozyp2sal6pj7sl5clxa5kyu57objoj4l2nmxq34,2026-05-16T21:45:12.003Z,Also lol I seem to be following a lot of people with some decorum because that's the first I've seen of it 😂,N/A,did:plc:aacgmytfh26xrpuys5rzzzaa
bafyreih2zbcgof527gtjsbdngtskmpapwkhlq57z3ce2lpr7ckrvqk2kne,2026-05-16T17:45:12-04:00,"05/16/2026 17:39  / RPD  Precinct 3  313B5  / WALKING ASSIGNMENT , OFFICER INITIATED  - S ROBINSON ST/GRAYLAND AVE RICH  Arrived   #rva",N/A,did:plc:b5ervrdurskah37zukoypl77
bafyreihp74mbc7j5chwhcczxl2b3iixroxelnd5pv3pzzkzjj634cnsgee,2026-05-16T21:45:12.300Z,"The physical threat from Russia was real, at the same time they're still Finland's biggest trading partner. I think most of the anticommunism was a top-down project of the governments that gained power after WWII and NATO",N/A,did:plc:qm3vtn7doqelbxnhxjk4xdoi
bafyreidjxx7dlxgbvt5nu6wjuzxxstzlywn3ra4a5aqjistgyencg47zxm,2026-05-16T21:45:11.057746Z,2652 West Maypole Avenue,N/A,did:plc:4py7c3vlgmrarqodc46nnuzf
bafyreibzqe2tcg5ecmbtbnhmrqvduvxiqlvbitcfasdu6lk7tnifrhhptq,2026-05-16T21:45:11.142Z,señalo todo esto porque me interesa articular por qué exactamente estas historias fallan me he centrado más en los hombres porque voy por el episodio 4 de Love Hina y me parece que lo mínimo que puedo hacer es verme la serie entera antes de comentar sobre lo mal que estén escritas las mujeres,N/A,did:plc:zgfmtse77wa4nro37mnlopad
bafyreibtanmxhdq5qvf7whpansuamqor5jzr2mtl6g2micjj7wmhztpdpu,2026-05-16T21:45:09+00:00,"Italijos mieste vairuotojui partrenkus pėsčiuosius, sužeisti septyni žmonės  https://www.europesays.com/lt/179739/  Liudininkai netrukus po incidento teigė, kad trisdešimties su viršum metų amžiaus vairuotojas, atrodo, „pasuko į šaligatvį, partrenkė dviratį,…",N/A,did:plc:vp3jzqqaa4nk3kurftsp7hlb
bafyreidp22d3d73mj6xct32msbmvfpnkdv26eudo4caj3leabhkdzu6yri,2026-05-16T21:45:01.93844600Z,Do you feel it? The void grows hungrier. #Nyarlathotep,N/A,did:plc:6ww2o6edcnwazgsy3delbpez
bafyreialc3m3pwwdxs7jgaq5t37g3x6tastrlg7oxt2svmbc2fbji34ji4,2026-05-16T21:45:12.153Z,Who does this guy think he is,N/A,did:plc:2v6qjrygidqgjucx4qczz75v
bafyreihi3re643jodjlgij465ierc6abv2gyus6zn6zpcbuoybneud27uy,2026-05-16T21:45:12.815Z,Or Riolu forgot how to kick.  Change your mindset /silly,N/A,did:plc:avltxicu5ydhe7k2iyucyke6
bafyreiajbjyy26n45d5tssiehbs2tynkjno3x7dnvay66hficzawiopoqu,2026-05-16T21:45:11.167Z,🐑  -- 🍠 #furryart #fursona,N/A,did:plc:jocmv6e7a6mmnifb6lxne3tn
bafyreidwgxljkysm2at4lpi2dz5scuvxpnojxedapqoyflewrqawyy3mqy,2026-05-16T21:45:10.414Z,Captain Obvious pearl of the day: I have various hobbies and I like them.,N/A,did:plc:qsvhnxiy44g4ktahsj7e5ton
bafyreifg3xp6jkelkiouv2jlsplekr24wsnvseo6xs2hz6tarb5756v3ay,2026-05-16T21:45:12.336Z,"If you're using AI to create your posts, you're supporting data centers which consume enormous amounts of water, energy, and land and produce huge heat islands. Not to mention the big increase in electric and water bills for consumers who live in these areas.",N/A,did:plc:wmrl6cjdz5nkunhju2jfjnzn
bafyreihbdczosrvuvkf5hek3fo34oyt62dyt55tccjtwxoxiae7agrhpum,2026-05-16T21:45:10+00:00,"Bavaria is beautiful  https://www.europesays.com/forums/150491/  I am loving it, really. Thanks — Expert-North-6374",N/A,did:plc:q4w35uxmlr5vkd2d6y3j5slq
bafyreidmhy35sppx2axdic2pxocunakj7skhsoavijlpowxwjjnu3iuagi,2026-05-16T21:45:07+00:00,「俺はトットやわ」賞レース優勝予想4連続的中！65歳ベテラン芸人の観察眼に「お見事」と反響 – スポニチ Sponichi Annex 芸能  https://www.magmoe.com/2974902/entertainment-news/2026-05-16/  ちゃらんぽらん冨好のインスタグラム（@tomiyosi1006）より 　結成16年目以上の芸人が対象の賞レース「THE　SECOND～漫才トーナメント～」グランプリファイナルが16日、東京・台場のフジテレビで行われ、結成 [...],N/A,did:plc:cazef5u2rbzqfpzhqve5wshg
bafyreicgb3mssutec3fkla4ozgxsnipwmctsmuqaqf42jhvwluikn4nl5a,2026-05-16T21:45:13.392Z,Cómo entender que en Andalucía mañana vayan a elegir tantos andaluces a políticos que van en contra de sus intereses? Cómo explican  a hijos y nietos que votan a partidos que fastidian a sus futuros? Sólo la educación y desarrollo del pensamiento crítico podrá  revertir a esa ignorancia colectiva...,N/A,did:plc:uhjeua5gokgcr56lgwkzoyeq
bafyreifbfcotyjjgksiey5hg4cnexpzxvmmb3jn7cnzyohbacsiahm2dv4,2026-05-16T21:45:11.081Z,"I didn't remember anything when I woke up, it wasn't until I saw Georgia in her post that I had these little flashes in my head 😂🤣 Hope it was nonsensical and i didn't forget some world changing solution 😂",N/A,did:plc:vfkxgdteo2lveaj3jyeturf6
bafyreie5n3l33fxy5j4o4y4gijx32oalstzxlfz6i6gffy7erzfzejroq4,2026-05-16T21:45:12.233Z,Doin my best to hydrate and rest,N/A,did:plc:bmz75wfrc7kyrk4bxjbwxfah
bafyreianm7r64vcz7duxe6h4bduaxik44dzxr46zbwubyaql7nxcli26fq,2026-05-16T21:45:10.880Z,www.vinbudin.is/english/home...,N/A,did:plc:fxl27llozeryg5tevagbsal2
bafyreidsugeix6xvdjk4hrdpnw3rkfzqax33veb2p57jjh53utywh57uea,2026-05-16T21:45:12.648Z,been watching a lot of skyrim lore videos lately while high… i think it’s time again,N/A,did:plc:hdbjir5tbibek2vqm7bobl36
bafyreihn475hi4j5jwwul5fmd4762drc23nycemhzt5on4ofsofxwueeb4,2026-05-16T21:45:12.251Z,"Wes Streeting launching his leadership campaign with a pledge to ""join Pepé le Pew""? The licentious skunk?? It's hard to see how THAT would appeal to the Red Wall!",N/A,did:plc:zagkscv4vjdn2o2oiyc7lwot
bafyreihozo23jdzs44ircdxk7z5abykh3ga46usz36eoi4ywaifjmoaefu,2026-05-16T21:45:11.774Z,Thank you darling!,N/A,did:plc:mqbqdxzjc423j3dtgre6ibab
bafyreiaqc6scwjl25kwjif4jlaux64n34v7bjxc3swmiidev2mlecsgopa,2026-05-16T21:45:12.296Z,🥳 EVERYMATRIX’İN EN BÜYÜK TOTO ETKİNLİĞİ AKTİF!  👏 EGEBET - PUSULABET ORTAKLIĞI İLE DÜNYA KUPASINA ÖZEL 4 ADET TOTO ETKİNLİĞİ TOPLAM 40.000.000 TL ÖDÜL HAVUZU!  ℹ️ Toto ödülünüzün eklenebilmesi için 12 Mayıs 2026 - 11 Haziran 2026 tarihleri arasında 1.000₺ ve üzeri  http://dub.sh/egeguncel,N/A,did:plc:zeybjf4gvkkbykysppgmgj6r
bafyreidvgqwfga6c6ekvvn43tvs4b2vok4mqtddwysbp3b2lh6vqvbik6e,2026-05-16T21:45:12.897Z,"Aww if you do go, I hope this one is more fun!! I will be watching the Sabres/Habs game later so I can see who will be our opponent for the conference finals haha",N/A,did:plc:ephv7nave5pks6jowkou4iw5
bafyreia2jvi7ikzc7pz3akkp2tcsmr4isduns6ieehqipqfkmunfvsruvu,2026-05-16T21:45:04.054Z,Day 136 of #photoaday   A Royal Doulton jug that was produced between 1910 and 1912 and took inspiration from ancient Egyptian wall drawings   #365days #365daychallenge #365photodaychallenge,N/A,did:plc:j5bo3vdl6sdfvcfq7bils2zd
bafyreidgudw5cwarcytm5ek7agczl36oc6e7kzyksuorbocc7mcllu264e,2026-05-16T21:45:06.573Z,A few roses around the yard are starting to bloom.,N/A,did:plc:vr7d5wazh2xqdemm7ststok7
bafyreidgwewad4dmxcvvdg7byawwkcphtrx2rnu53ibmylixr3ldhw6yui,2026-05-16T21:45:13.331Z,"It's nice seeing those Tr*mp ""I did that"" stickers at gas pumps. But if you really want to reach who needs to see them, put them in Micro Center.",N/A,did:plc:obbejbgw7f6rrequ35p2txma
bafyreia7oslq6zuqtchnbuabh37oquheafuyeersy3wj635ichm4vpmeb4,2026-05-16T21:45:13.070Z,"marble white. midnight navy. champagne gold. your vibe, your case. burga-store.vercel.app #PhoneCase #Aesthetic",N/A,did:plc:fgerjyojuxpasvm3o626a76n
bafyreigpbbdrltiqd3gyus4xmflr5lrtmdurbcad2ejxivg32iuhyhiqfu,2026-05-16T21:45:10+00:00,Tekniske problemer for Tsjekkia  https://www.europesays.com/no/239837/  Så er den store kvelden kommet for Jonas Lovv – finalen i Eurovision 2026. 31-åringen kom seg videre…,N/A,did:plc:7j7mitnqv6nrtjjqc7g4fnop
bafyreibspdv3n2nnoix2n3ifb62fg4eseopbtvigccrfmc766mytneyrty,2026-05-16T21:45:10+00:00,"Coupe du monde 2026 : les listes finales des 10 sélections africaines  https://www.europesays.com/afrique/104685/  À un mois du coup d’envoi de la Coupe du monde 2026, les dix sélections africaines qualifiées entrent…",N/A,did:plc:bborek56dnu5ggcxayyhomss
bafyreie3zx4nop4ejigt3vmyy77vumrcuqh5fk6rzi4le3cqjhi5blx5xm,2026-05-16T21:45:12.648Z,"Meint der die Geschichte, als von Papen aus dem christlich-konservative Zentrum austrat, weil die mit der SPD zusammenarbeiteten und er lieber mit den Deutsch-Nationalen wollte, nachdem er soziale Kürzungen durchsetzte, eine Landesregierung absetzte und am Ende den Steigbügel für Hitler polierte?",N/A,did:plc:ijispkmryk5fl73ucqrkde43
bafyreig4f4667gzy3e6mh2apvwhwzgf62uehfgd7urvl3eaxiqxdbwsdnm,2026-05-16T21:45:12.704Z,"Everyone has a hypothesis on this construction, so do I. #Stonehenge was built by lizard-aliens who used giant wheels of cheese to roll the stones into place. After these cold-blooded creatures took a nap on the warm stones, they'd compete in the cheese rolling through the stone gates down the hill.",N/A,did:plc:use6yslfo2xqjinax3ufku5x
bafyreieccdphfdyussbkbjywmqozm66t2pehs2ix7qj6jpr6feakadodnu,2026-05-16T21:45:12.134Z,It was a lobster with a MAGA hat.,N/A,did:plc:assvrnfkzlgrqr2ro7br2hmn
bafyreiggmcqrjybccvntousb3qidttztqciin2myx2qphhibdm4gj6la6u,2026-05-16T21:45:13.209Z,The Mexican and Grogu,N/A,did:plc:hj7gtunj4jqq5pwpzbairtnu
bafyreidltol2rd3baicfzqpxagdfupj42zvyylekqywbiedmjnnin2teia,2026-05-16T21:45:13.224Z,Cheaper AND better.,N/A,did:plc:ba5n3ajs7id7x2fckxhoxzna
bafyreialbdwftcplgmxyckbrnez2suj2p4fornmsp7dsktb6wjncayqsxa,2026-05-16T21:47:32.466Z,يارب اللهم آمين 🤲♥️🥰,N/A,did:plc:mzysxxcwk6cz7dhki2aj4d27
bafyreihrikewyczuurh6aqomlj63huolo5h3kxitgne3j5ikh63amexlc4,2026-05-16T21:45:13.004Z,That’s a wonderful thing to have. 💜,N/A,did:plc:sbacehcnfqvb7uoofyj7kc4r
bafyreidwfpf7fnbhb47sc25ta6mod2xvjgifbioov4mrce6nusixpoqmmm,2026-05-16T21:45:09.590Z,song-protest.palaestinasolidaritaet.at  No stage for genocide !,N/A,did:plc:ow2qjbkxcvykgsuujzipptj4
bafyreia7ssvmzgyme324wtmimt7quogmew3uqlgvt4uirh37w4u5v2xxvm,2026-05-16T21:45:12.130729Z,I've discovered the best way to sleep on a plane after a recent trip to Taiwan — and it all started with a foot hammock  tom-s-guide.visitlink.me/11SOcC,N/A,did:plc:vyyo3mhbgvthiuqjx275mg3h
bafyreidtn5o2p7q3bfdw37st3xmobltn7qpphlqmcnvig3zvlwwacnox5m,2026-05-16T21:45:13.300Z,"Dem voters don't boycott due to cultism, though ex-Dems may for reasons like Gaza genocide, Trans genocide, having armed troops sent after them, and basically seeing Dems do all the things Republicans do.   Is wanting to not be 1930s Germany ""Fringe""?",N/A,did:plc:6gxybaq6mgmxyqrzcur6tngw
bafyreieuwdx7ocn5iy3out7hbov23gqdv2asjf5q422xtec6gjic72iq4u,2026-05-16T21:45:12.735Z,Bitteschön ❤️‍🔥🔥😘,N/A,did:plc:mguxzozrpf4eo74fa24blzob
bafyreihqhdczp6qidcmxjtjxjxaolk4w6lj6yxsrn37nxngcmj5zh32q5i,2026-05-16T21:45:11.871Z,Thank you!,N/A,did:plc:4fquwd65z6zfov4u2lfwnbd5
bafyreibytyr6ze7m7whbr5bfrpzvoa5v2zp4osjplzz2nwemk5vvy6eaem,2012-01-01T00:00:00.000000Z,"Fiscalité et développement  ""Comment l’évasion fiscale handicape les pays du Sud – et ce que la Suisse peut changer""  https://www.publiceye.ch/fr/publications/detail/fiscalite-et-developpement",N/A,did:plc:lb7v3uq23wmm5spv2a27kehv
bafyreiea6ghh64t6hgcgiiew5kq5fs66fckjnn3kigz5htonpn237xptcu,2026-05-16T21:45:11+00:00,"China’s Digital Silk Road in Iraq and the Middle East: How AI, smart cities, and 5G reshaping the region  https://www.europesays.com/iran/117163/  By Halo Hassan Saeed* While most international discussions surrounding China’s Belt and Road Initiative (BRI) focus on railways,…",N/A,did:plc:wiuqiruv62xilr6p43bdyep5
bafyreiejuvykeq2zlhyop2wdomxflzbudqbidbxdvk2zghgweoz4rnid7a,2026-05-16T21:45:06.492Z,Hvorfor får jeg denne bullshiten i facebook-feeden min😭 Er det virkelig ikke viktigere ting å prakke på hvit mann (37) ..?? Reklame for høytrykkspylere og hårtransplantasjon og sånne ting.. er det så lite relevant for meg der ute at vi må hoppe rett til nazi-content?? Fyou zuckerberg nazijævel.,N/A,did:plc:nztnqjp7hexmk47n4j32wwbb
bafyreigxo3aw3aakveoqrwfis6ae4cszor4luazvtc54regijdkg63tt3i,2026-05-16T21:45:12.209Z,"Какое приятное сравнение, спасибо 😭",N/A,did:plc:y7e765ikjhmj5kx7hh5hfvfz
bafyreigrmhzaghguxmlni3ilcydwi5ouli4cuezjluwnfesxrjhmrfoy7a,2026-05-16T21:45:10+00:00,"Vai tā ir Džiliana Andersone? Aktrises jaunais imidžs kļūst par sarunu tematu Kannās  https://www.europesays.com/lv/203855/  Aktrise, kuru skatītāji gadiem pieraduši redzēt elegantā, atturīgā un klasiskā tēlā, šoreiz izskatās daudz rotaļīgāk un brīvāk. Īpašu…",N/A,did:plc:5ipdiut7pyi7dqltm5ccrmb3
bafyreigy5ao62thypnzqsbmrzup3qhnslvfkatuscwihx6olwk7irrm32u,2026-05-16T21:45:13.181Z,I adoooore knee pads in this shot,N/A,did:plc:cbvbzhrs3u45pd2g2bpzmt5k
bafyreigzdik7vek5fswqvtrvmy5xnvrs34yp6jmi6mts5q6w47xbzblmiu,2026-05-16T21:45:12.813Z,Reverse SAD is like 50% of the reason we’re leaving LA (the other 50 being cars),N/A,did:plc:5gezudlzrdkdhrg47szvilxs
bafyreieqf5yn3dygsrpdylmefd55opqmvgbwbvbnvpcrdp5jcl6jak22km,2026-05-16T21:45:12.059689443Z,"Join ACR Health for Hepatitis C Cure Day! Stop by 627 W Genesee St, Syracuse on May 27, 11am–2pm for rapid Hepatitis C testing, care linkage, harm reduction supplies, food, and games. Help us build a healthier community! #HepatitisAwareness #ACRHealth",N/A,did:plc:3whwop6moycffbpzquslhfj4
bafyreihiuxtknb3zefvxffztaccjnbciznj5ij54bh3hahi2n5vsueqj5a,2026-05-16T21:45:11.520Z,And what is the British government doing for know how?,N/A,did:plc:225g4y2e35b4fylvbsbe752f
bafyreifr54oufetjhxmu6efi6p7kuf2mwkjrpplgzeczejlffnjqoccqgy,2026-05-16T21:45:11.251Z,"Hoje em dia é mais raro, mas era bem comum isso",N/A,did:plc:3iypg3mwomwenfpm7hwxn6h4
bafyreiebsuf5o2cxwoqnux6iavwffa4ts34zu5dzh62aaznbalxlbllxzi,2026-05-16T21:45:11.919Z,Learn how embalming works with me and Hemlocke  >>   youtube.com/shorts/0AP2G...  #mortuaryassistant #funeraldirector #embalming #moviereview #shorts #vtuber #vstreamer #watchparty #funeralservices,N/A,did:plc:zktbjrst4bryag6qz2uqgw3n
bafyreihszan5m6av6kk5pc4jfxzqqvozgsq3f2qihs5dgtugqqcbbqphiu,2026-05-16T21:45:13.332Z,This'll put us on the map!,N/A,did:plc:otjqtwtgkoijkucppmxiq5fy
bafyreifi72yb34mssj3ij4wo5xint6tpve5j3cenhr5djmn3sg4f5dgtte,2026-05-16T21:45:13.326Z,This is the way 🫡,N/A,did:plc:6pistigjznfwue2bfyipzlbf
bafyreicczyvhrgjbjutrfdq7o4swgjouzoilwt36m3aan5qsjvq37jf274,2026-05-16T21:45:10.842Z,まぁ、 ・京都への還都 ・元号法を再改正して一世一元の廃止 ・公共事業として方広寺に大仏造立 これは最低限やるべき。,N/A,did:plc:pcwaln7gs6furokmiacjb36x
bafyreihoqdn5snow7m4efblja2bufkdjhfwraycdajoxagj4wit2zkyswq,2026-05-16T21:45:13.150Z,like boomers when exactly one political decision is made in someone else's interest,N/A,did:plc:uwa7zv4rmzjdyltzpm4mo555
bafyreicoxydh3kg2limfgm3xojemqfbsahek56627uzzxhggxh45voiqcq,2026-05-16T21:45:12.371Z,Did you read his Empire from the Ashes trilogy,N/A,did:plc:2c4hmyxdfk4aky3jeoulhog5
bafyreid55y2hps7sizwof5el6plmw4yvxkkwjhl4ehamk63bvdodnxtzja,2026-05-16T21:45:13.476Z,i hope they eat me taco style at least ,N/A,did:plc:tzbzw2ncfmeq7wlex5sxg5oz
bafyreibqzup2sqrkemi667dpx3nznrzmkn2eiehcko7lyrb24nih4lwuzq,2026-05-16T21:44:39.789Z,Upei o Windscoot no Arknights sem ver que ele é Liberator! 😭 Devia ter continuado com a Mousse.,N/A,did:plc:5b767lwykpziqgpqfznnrnxf
bafyreibu5ko67y77rg2ukjh3tx2xbqtszqmy7dnrmyicsmxfsnntcwmhim,2026-05-16T21:45:13.007Z,Human Rights Violations!,N/A,did:plc:sj4aacewgjxvuii4ncrghatr
bafyreiabmo2rkmbukg54lob2xpvjnn4qhfwpd7a3ypepsnrrgqnimikqne,2026-05-16T21:45:12.096Z,A janta hj vai ser fã de Korn 🥵 Passando mal já na fila,N/A,did:plc:nwgbuuwveonjvmkd2zxda77v
bafyreiajcbnfyatcbe7e5ky4ystnealaxefxdgufxjsp4oigp3bvd2bnpe,2026-05-16T21:45:13.610Z,Is it dead yet? 🤷,N/A,did:plc:hxlviqrbxk5tugipdfq2dkjf
bafyreiegg667qp6brluan7aya4qlxpsi3uwnpa7nq2dl6facdlfs2ppyaq,2026-05-16T21:45:00.488Z,Saturday cock xx,N/A,did:plc:fdfecabzwvlzew32gi5m6kll
bafyreihbjd7ru4trtvfjhgdbokp2mudo7jmvfyslgvrr6ypeki4bthpw3q,2026-05-16T21:45:10+00:00,"Gwynedd garage owner thanks locals who tracked fuel thieves down  https://www.europesays.com/britain/38793/  The Rhydymwyn Service Station in Mold, Flintshire was also targeted by fuel thieves about six weeks ago. Owner…",N/A,did:plc:47ukz5svch7g2jmqu674y7b5
bafyreiedjxdavg456dyyksmg57za6an3tga5zze54spjnu2ivh446zrnjm,2026-05-16T21:45:10+00:00,"Morocco, fourth unexpected supplier of olive oil to Spain in one year  https://www.europesays.com/africa/238445/  Morocco has traditionally been a secondary player in the global olive oil market, especially compared to the Spanish…",N/A,did:plc:v3lkb3m4lu6nzv6npkah6umc
bafyreibneanxy2lmdzibjlpougn55bztwcwmq77jrntnvw2jkw3qyfgyly,2026-05-16T21:45:12.874Z,Rewatching Terminator 2. Sarah Connor was 49 in this film? Damn I hope I look that good at that age and that I can do as many pull ups.,N/A,did:plc:y244am6l4cswtrgufdhosqml
bafyreidhsvdtld5yh7xsdocq5f5iztixovrz2f5mb7ez7z5f4gsgybth2e,2026-05-16T21:45:13.710Z,"I'm a scuba instructor.  I have been blessed to dive in a couple of the islands of Hawai'i and visited the USS Arizona.  While I was at the memorial, not once did it enter my mind to dive there.    The fact this is done for anyone is terrible, but this?  This is unspeakable.",N/A,did:plc:r6ygu4wwodnnohqmcpsqudeo
bafyreihwfy34mcyqyoplb46jdu7r7echfekvh5hbnb5534jugocd7pv7my,2026-05-16T21:45:10+00:00,"UK and France extend ‘one in, one out’ small boats pilot scheme until October | Immigration and asylum  https://www.europesays.com/france/15514/  The Home Office is extending a controversial scheme to stop asylum seekers crossing the Channel in small boats,…",N/A,did:plc:pwyrvoajqcy4ovljrticprdx
bafyreibjp7gisk64kiw3oejoxujpic74lqq4pioj653ibui32ceasok4f4,2026-05-16T21:45:13.759Z,i remember seeing it with my ex gf and when it was over i was silent for several minutes lol,N/A,did:plc:u7edx4aaopzb3itmv2qvpjnt
bafyreihbqp6nrs6ipchqgixcem72a7unikhblqd7b6onp6udordlkq6ebq,2026-05-16T21:45:12.194Z,www.youtube.com/shorts/Kkj11...,N/A,did:plc:axec4zclj7x36amgewgmjo4f
bafyreic7xseotc75bzrddbkpulli7rged5pxojg3ffpmsdu5vpq5gxuveq,2026-05-16T21:45:09.988Z,"THIS IS WHAT LEADERSHIP LOOKS LIKE  Imagine American politics focused on fixing potholes, helping workers, punishing corruption, and lowering violent crime — instead of war outrage and billionaire worship. Mamdani’s results matter.  #Politics #Leadership #Mamdani #Democrats #Progressive",N/A,did:plc:6ahl5ykmgvhcbhtirsku7udt
bafyreibfiddiwmakltpicklbjpuaj7swkqlrbeixqa4vsqpw2egnaxx3bq,2026-05-16T21:45:11.390Z,"Oh look a sentient car with a shit take.  The trees in question weren't growing in the wilderness, they were planted and maintained inside the gardens at the presidential palace. The message wasn't trees can live for a long time it was these trees maintained by us are older than the US",N/A,did:plc:luuiimb62nixbsy52476ztki
bafyreih56ojkvghfhap4aoe6k2ldpydjum76g4fs6xcvn5snm45rn6obuy,2026-05-16T21:45:13.129910266Z,Some songs stop being hits and start becoming official history. The national archive is starting to look a lot like the most important playlist ever made. http://ow.ly/soqx30sVMKv,N/A,did:plc:7afmfyeoabjle45y2m2cwdro
bafyreichruszcamodzu2imdoryxxi7j3z4u4f2vqdwepaaidzi2p67ukgu,2026-05-16T21:45:13.529Z,"Dan and the Wonder years, thank you for being one of the only bands out here being vocal about what you stand on. #sonictemple #thewonderyears #freepalestine #antiro  C.          O  O  O  O o on    my phone lol I  don't j it is not the 4k I was talking to the guy about 0war #transgenderrights4ever",N/A,did:plc:omsbgsb4kxuuzhy72onofnnu
bafyreiezbg2w2hrj25b5dfppeti4rnutazmcouwm7lm54wdpspvptzcvba,2026-05-16T21:45:13.587Z,"Aww, gorgeous kitty!",N/A,did:plc:k4a7d65fcyevbrnntjxh57go
bafyreibnkce4ch7q5xsaq2fjnjttlwxsopuhv62hcb5vhq7ycmaei6ftfe,2026-05-16T21:45:12.807Z,"You're welcome, RubberRoss!",N/A,did:plc:rlyaziijbmtuchd3jiqu4qop
bafyreid24ofuw2oywxcp6vdj2wswypvazclo7oybjzjteeb4dqyubxin4y,2026-05-16T21:45:00.508Z,"👤 Martin O'Neill & Jay 🗓 16/05/2026 🏆 Scottish Premiership 📍 Glasgow, Parkhead 🏟 Celtic Park 'Paradise' 👥️ 60 000 ✅️ Celtic FC 3-1 Heart of Midlothian ⚽️ Arne Engels 45'+4 (pen), Daizen Maeda 87', Callum Osmand 90'+8  #Celtic #CelticFC #COYBIG 🍀🇮🇪☘️",N/A,did:plc:45tjlhz4at7q4zgigtne5i4t
bafyreiav4qx7hcckqrd56apzodsryoehqx3um7srg5dhtq5v3ezgu3ri4i,2026-05-16T21:45:12.974Z,100  CC JIM CROW REDUX   BLUE TSUNAMIS LOOM   VOTE OR DIE.,N/A,did:plc:4xtbdet5keuguykxvcuil4z7
bafyreibskbpb2xu3rnnhhorytrt7xgmibtk56ep63k6aefugbbynrg5l2q,2026-05-16T21:45:13.861Z,声優とは,N/A,did:plc:mxroxwwqq6ujkdt3eww4h4rw
bafyreieyssvpsgcfx5gden7hkoh73q6szcobqayusgk6wjhvyjgmrruzpq,2026-05-16T21:45:13.035Z,クラップフェンを咥えた📖と🍎が曲がり角でぶつかるところから始まる少女漫画（ギャグ）時空の📖🍎がみたい,N/A,did:plc:wnbqkq7o5rlvfgde7v7k5gsx
bafyreifmesamsthzo6iy6un3w37dxw47m5lcwjor76u67xxqa22sgnugq4,2026-05-16T21:45:13.126621+00:00,Based on data collected through 25 Feb 2009.,N/A,did:plc:go4qh564gu5lhbwhj3lg76bx
bafyreiaintrz6uqzrj2ml2cpinguizcrehnixusqhnwxhyhtei62hvn5he,2026-05-16T21:45:15.320Z,"Keep going! This is looking really good so far! His head can be really frustrating to draw but if you keep playing around with it, it'll start putting itself together. For me, I just keep going back and forth between specific references from his ingame model. ❤️",N/A,did:plc:lqofpqcwb6dcrdj5zujncdrm
bafyreifpl6h6zcwlxmyjsupxwofgndclpujqdgykhpcbngdyaixt7bfre4,2026-05-16T21:45:12+00:00,"Defense products in Europe have become more than 50% more expensive in two years — Estonian Defense Minister  https://www.europesays.com/europe/44723/  European countries are facing rising costs of defense products — over the past two years, prices in some…",N/A,did:plc:dmpirdk6dcab4uobpav2ffz7
bafyreiajogidrwz4cb6zq4ngienznukvf4akhsd2g2wk53kessi6hbatea,2026-05-16T21:45:12Z,"You Can’t Go Home Again  A visit to a newly opened emergency department forces reflections on grief, regret, lost careers, unhealthy coping, and the painful realization that some versions of home can never truly be returned to.",N/A,did:plc:5uoaig7gxvok5wphh2stbgki
bafyreif7zfenwasqawsjruflscolgroyrnycy5benmycsyfe52wb5sgxby,2026-05-16T21:45:13.888Z,"""Grace"" by Jeff Buckley Album: ""Grace"" Time: 4:44 pm",N/A,did:plc:kgjv6morzzkj2ab6mibd7zjt
bafyreia27ldinkurcn5ui5ovx4r2hivbuu5cjypcj3jcew56iqaourueea,2026-05-16T21:45:13.016Z,"Not sure what they reported was really Marxist, more like just union stuff.",N/A,did:plc:mdnj6m2lpprbiwckuygznygq
bafyreiceibxxu23ubiukxzlc4qy3ocloidwolt3xir5jbgt3kh3imn5iwm,2026-05-16T21:45:10.293Z,"Ok, meine Prognose für die Top 10, ohne Platzierungen, in order of appearance   🇮🇱 🇬🇷 🇦🇺 🇨🇿  🇫🇷  🇫🇮  🇵🇱  🇸🇪 🇳🇴  🇦🇹   #ESC2026",N/A,did:plc:oxombqh4dshqxyichskwemrj
bafyreibilzo5otriyh6sicrw7x47ikrq7mooo6oyhyvmk7kbxb2xhbkm4e,2026-05-16T21:45:14.051Z,とま鯖のエンドラ討伐見守ってたはずが気付いたら寝落ちして朝でした,N/A,did:plc:7g6zmiump2uoxj22v2elrkbl
bafyreiehvuh4c4qqmvyx6b2lpfi6lcyl4qkkgxgkcqibgozec7yzdoq46e,2026-05-16T21:45:11.667Z,İspanya Devlet Kanalı'ndan Eurovision öncesi İsrail protestosu www.sozcu.com.tr/ispanya-devl...,N/A,did:plc:d5p2j2zrhu5j7vw5wpormayc
bafyreigpadfe5qo3ykpprggbtrn7rwmblpinfrpynbd3wm5q7ry4rizpzy,2026-05-16T21:45:12.471Z,LOVING Subnatica 2! Really giving enough vibes from the predecessor while feeling brand new. Below Zero just didn't have the same sauce imo. Anxious to get back later tonight!,N/A,did:plc:26455do766xt5szw6vefeyea
bafyreiblwiu6fncfvf2orr5or66ni6dnuixwspglii3el5utsuyxfy5deq,2026-05-16T21:45:11+00:00,"Every Song at Show 1  https://www.europesays.com/dk/84115/  Sequins and sheer ruffled silks, be gone! Harry Styles brought the heady, ambient world of 2026 LP Kiss…",N/A,did:plc:zcfs4a2fl2fgggydypqo56u4
bafyreieuxr4txxtmpnvnklqixxcicu54q4yp5nb5ls3qvokzinv2fu4wrq,2026-05-16T21:45:13.163Z,Oh are they trying to say those $725bn are THEIR money?   #BurnSiliconValleyDown,N/A,did:plc:efysnnwvqoywn2crsjfm5625
bafyreihutwnfsihibpcms4ipkbbx4sraucaxgiupzvsgjpl3kfz3gqjzsi,2026-05-16T21:45:13.489Z,🟥 Red Card 82' (Sampaio Corrêa RJ). Nova Iguaçu 2–0 Sampaio Corrêa RJ. Serie D  #novaiguacu #sampaiocorrearj,N/A,did:plc:vjtfrmm5mpvr57bnp5ez5cey
bafyreibzxqoqtcmahbrtdb3cnkcawwy54zcux6vdhnnosaa4ktal3bnq2y,2026-05-16T21:45:12+00:00,"Carlo Conti: “Boia dé, da oggi sono livornese”  https://www.europesays.com/it/493913/  Sabato 16 Maggio 2026 — 13:04 “Ora mio cugino non mi prenderà più in giro o, come dite…",N/A,did:plc:ht6nj7wvu3y7ysrlwyc2iy5m
bafyreibv72w5cgsn5iubu747wlt3kufaw5rxqnezdqzsy6jneilagihqwu,2026-05-16T21:45:11.417Z,youtu.be/CcRXKzog_lM?...,N/A,did:plc:ifu4ov4txiq2wi77nux5mjot
bafyreia3gknboyr6smfh4czpk6hmj7nj7bbnt67themajhqdpdmpy4cibm,2026-05-16T21:45:13.136Z,With this. I have no idea how my mom cleaned them.,N/A,did:plc:2gsurwpse3embhpprtli44jy
bafyreihdfsj7g3wchcrciczboimpqpnwd4zlggj5mj5hcdkunorz5pjbye,2026-05-16T21:45:14.249Z,♠️BNWO♠️,N/A,did:plc:xix46cn22w2ifkg67y35yczi
bafyreibe5wsymmot3gpxact3ewxfe2bcj6n2dhxfixmauqqyrixrygrcqq,2026-05-16T21:45:13+00:00,"🚨 Severe Thunderstorm Warning issued May 16 at 4:33PM CDT until May 16 at 5:00PM CDT by NWS Kansas City/Pleasant Hill MO 🚨 Additional Details Here.",N/A,did:plc:eja6m6wch4a5ss5xnlhz6x5b
bafyreifyk43qxhwrhmqt6zmf2y7jgosplze7mk55l5dhepi6747h3sgxfe,2026-05-16T21:45:13.073Z,Y la polla delante para q no se pierda.... De verdad el día q (y lo digo como hombre) dejemos el hueco a quien se lo merece...,N/A,did:plc:3yl4xdkvfmrreuel4rp4qrwn
bafyreicdrlakxbsdz5r76httdlse7ru7tyub62o6g464mremktigfqrlne,2026-05-16T21:45:13.828Z,Is there a risk that the dependent variable is partially a proxy for being an original member of the contest? Or am I taking it too seriously!,N/A,did:plc:wfnxp45y5zc7465zifgint3y
bafyreiczdnabjcscqbsqdqtykyvbnsm4geisxdwnkbb2ddldsuow7y7uae,2026-05-16T21:45:10.705Z,See you at Sonic Boost in San Diego this August 🏃‍♀️,N/A,did:plc:ju4o26cvgphlkhnw3ezfnv3l
bafyreiaunygzko3fiqdaonbq2np4r5jneztkcn2tozupl5ir32brsbggy4,2026-05-16T21:45:12.771Z,i am listening,N/A,did:plc:dbs5krzo62cecoaxjtesm3mg
bafyreibbstrfkywjcunmfhmwytfh6bxnt7won7fasxohotbgl6yjmwdzuq,2026-05-16T21:45:13.949Z,"It's kinda mid but mid pizza is still good. They also have an arcade, of course.",N/A,did:plc:jzj4ehqgybmwwd25omf6tbme
bafyreidmfl3pc5izddpbvpowffebibsbgzj3kbvawbd5knxzwqzkrbqgiu,2026-05-16T21:45:14.266Z,Hyvää yötä.Minä kans⭐,N/A,did:plc:fyrohbovnmc6jycqg6sqb5zr
bafyreifudt73cwdrzkdqwnbxlpq5rstrxdmsifrzek6mv7ppsjcorhtps4,2026-05-16T21:45:13.916Z,Locale feels like it should probably be an array?,N/A,did:plc:5w4eqcxzw5jv5qfnmzxcakfy
bafyreie4gjijhkeq4v5slxiayu7uicej4rckvcai7bpeh27fzgys4mkx44,2026-05-16T21:45:14.579Z,"Haha, oops! It's the bloody juries that mess the voting up anyway, they should get rid and just use public vote.",N/A,did:plc:divlkdqfocabedhtgengribr
bafyreihcvoplyvmgumxt3vynqgopf6aruu3ojigwmbfbzg7keya3lnykxe,2026-05-16T21:45:14.494Z,"I'm watching my public broadcasting station. They're showing a program called First People, First Stories  Beautiful.",N/A,did:plc:eydm34yt7qjxe62to7hkexow
bafyreif6vr3q3d6rhyfdasq332jwv7rwfyplacbunhylz3fljp27lw726q,2026-05-16T21:45:08.934Z,"PLEASE SIGN OUR Change.org PETITION👇TODAY & CALL Congress (202) 224-3121 to IMPEACH & CONVICT #DonaldJTrump, the racist #WhiteNationalist, Epstein pal, narcissist, Hitleresque fascist & demented ""Above the Law"" wannabe King  www.change.org/p/please-sig...  TYVM @joncooper-us.bsky.social  #BlueCrew",N/A,did:plc:qmmag2og5lciojyoa46co6ne
bafyreibdn6seqwao64b5tf7kaeoq5osvp7gr6jwqtn2l5qga5a5mnamk6i,2026-05-16T21:45:12.609Z,"- Хорватия. фолк, колдовские вайбы, прекрасные девушки. однозначно, мое почтение.   - Литва. необычно, нишево, даже крипово. что-то в этом есть.   - Италия. не, ну а что? душевный итальянский дяденька. чисто ради вайба плюс.   >>>",N/A,did:plc:tk4ugqw2n5qnb4admx4aoyeu
bafyreicdnky7h6aj4l6uz2pzmxyvusib2cxkvwqdk3pkcrc2ajjrodht3a,2026-05-16T21:45:14.514Z,"And we also need to let them know that when things finally change, if they do, we'll be back!",N/A,did:plc:wrycvn5ybfzwmvmmjo42ja47
bafyreibkfwnlkqitnksnt3bl5avkyllhwraemrflhu2cz3u6qol7h35b5a,2026-05-16T21:45:13.396Z,#TellTheBees they can do It,N/A,did:plc:5jwuphzeror23yoqoyta3bud
bafyreifvuthsnmbzw3hkvfgyd3g6nau2d7aish2j6zuxfwksc7uqjxnma4,2026-05-16T21:45:12.101Z,She's such a sweet heart!🖤🤍,N/A,did:plc:6gdtczkgxjkrdnyqcld3hsgy
bafyreibszm5mzxpjvutdev2txkio5egicnmh2riil5zobx5bzbuvbpolye,2026-05-16T21:45:14.659Z,bsky.app/profile/prou...,N/A,did:plc:q3losvpyj5ezmxn7bzgt2atk
bafyreiastdgb2sln424jg2ov2fr62yxkyhipv6r32ydcunjhwe7vuzy6sq,2026-05-16T21:45:12.386Z,Absolutely!,N/A,did:plc:ljnrocuyeluisrjkf2erjvjm
bafyreictejljo7ivt6fnui4awirjwuiagajuteodz36baq67tjesqfonvq,2026-05-16T21:45:14.714Z,"alors, corrélation n'est pas causalité  mais oooooooooooooooooooooooooooof...",N/A,did:plc:w7bkzch6d43omhp327ljedgg
bafyreihhxdeh7c5gx5t2sj6rvgjzme3bhxxmieopxsto4pbhkkekm45cpy,2026-05-16T21:45:14.715Z,"breaking news, une espèce dominante cause sa propre extinction en trouvant un moyen low cost de s'occuper autrement qu'en faisant des gosses, plus d'infos dans notre flash de 11h",N/A,did:plc:w7bkzch6d43omhp327ljedgg
bafyreibhaqdmfwi7fywtym4ykoqoyjuyz6dxcfqkaojakjn5kz5lpkpdne,2026-05-16T21:45:14.425Z,Preferably yeah but few of those to choose from. Nagelsmann realistically the only one and he won them with Bayern…,N/A,did:plc:jlvzvgqglgncjgixczsvodmr
bafyreibpl4udvk2edxah4qixlhlty673i2vwd4kqpm47g3wsxj5vowithe,2026-05-16T21:45:15.006Z,ろっくんろぉるオリンピック!?!そんないかしたおりんぴっくがあったのか…81年!?!それは知らない訳だ…でもそんなむかしにいたっけぴぃず…と思って調べていたら なるほど81から開催されててこれは89か91なんだな,N/A,did:plc:cquukpwdmeymhaynjqvazkig
bafyreibl7cifgp25wnkjq3cgxjlsr62m74cpbpm2v4vncrivbajyi3czjq,2026-05-16T21:45:13.930920+00:00,【JR神戸線】04:56頃、琵琶湖線内での車両点検の影響で、一部列車に遅れや運休が出とってぴえん🥺,N/A,did:plc:rxb7huowwuhksnooxg7ovd42
bafyreigfzdxmernedmrfusoyqxl6glxg7ieofvd3x4whuo7c2qdulqh5be,2026-05-16T21:45:14.441Z,G5 Halftime underway,N/A,did:plc:tl4cmq2w4xc6aizoytld6mqf
bafyreieaiassh7mef2s2rjottsts57taswgusf442zrlsszz6szddaal6i,2026-05-16T21:45:14.010Z,OH LMAO YEAH THAT'S THE ONE,N/A,did:plc:uj22hjre3iuwllntmkqbieio
bafyreihzt3gatw26gauxyzmm2pcd6lkvn4jm7gjipzfxht6glrpebifmdy,2026-05-16T21:45:14.507Z,Where was this hiding in their catalog?,N/A,did:plc:tmmmtlg5uosjay5dmdg4plmt
bafyreia67bnkvow6bekzkiqizur5gr6q7akxles4tyzflijz5jltbydtdi,2026-05-16T21:45:14.725Z,That’s about as loose as it’ll get. ,N/A,did:plc:ddnl5sevy7asjprxhqmpdalc
bafyreiadog7sy47utq7ja5h5uels225mfsuhfz7epda6lwibrstrueedni,2026-05-16T21:45:14.155Z,That's a fabulous review. Thank you so much!!,N/A,did:plc:obkehdh6l6qubwrvfnuwxehg
bafyreid5wkig7qqvzkujlsd6n74ra6ghb3msqhrqfpazzwkjoibwcqbt2a,2026-05-16T21:45:13.832Z,I also hate people who make up things I said 🤙🏽,N/A,did:plc:5fito3yrjipss6tm3bjdpg5p
bafyreido5z2cqnbunbolea7xie6zwzpp6ah4m6rjkjv7pbpdyl52bdr5hu,2026-05-16T21:44:12.000Z,Defesa Civil alerta: SP terá queda nas temperaturas e temporais até segunda-feira (18) https://olhardigital.com.br/2026/05/16/ciencia-e-espaco/defesa-civil-alerta-sp-tera-queda-nas-temperaturas-e-temporais-ate-segunda-feira-18/?utm_source=flipboard&utm_medium=activitypub   Posted into Tecnologia […],N/A,did:plc:zwxl6dnun52q3ywiao2ad3if
bafyreiauhtrkhfg7tada2miasw5mradqihvkvt6veq36bskmvzilz4q2fu,2026-05-16T21:45:14.864Z,InshAllah my brother! 🫶🏽,N/A,did:plc:ivi23zcn3xw6kthcafykdlsf
bafyreiheqwj6xe6x5anf2jnj7kdoebg5zadpaxdrldp5zkhnh3krckbhpe,2026-05-16T21:44:59.000Z,23h45  Touche ton nez !,N/A,did:plc:4rkhci6i7l253coyrpiprthh
bafyreifihyo6z3phipkrvpckw4khbdmgz4yr4nsemzvwehjgf7rapdymsq,2026-05-16T21:45:14.699760+00:00,"Beach view from Seascape Towers Unit 323, New Smryna Beach, FL   Sat, 16 May 2026, 05:45 PM EDT N/A°F N/A% rh 1017.3 mbar ",N/A,did:plc:3wql6ti3iuy2ypsacm5u5nt6
bafyreig4wkelkwzyfe2mbqk3oppijl6i2rdpiag7w4zxzfpeepgekrbswy,2026-05-16T21:45:15.630Z,"Are these books anywhere in your library's system or is it too few copies? Are the books you want self published? If they are not available from a distributor that might be an issue. You can talk directly to the librarian book buyer, that's their job to get the books patrons want to read.",N/A,did:plc:ux73rhfai2g5ttoer4lvciux
bafyreiacv4nsjyrmndafefkvmjgp5cqob4s2rbobpiaais5cln47hpdf4q,2026-05-16T21:45:12.756Z,하나만 골라봐.,N/A,did:plc:febhilhvrzuhbfbreihdlhg2
bafyreibv3fymmxolzdqnumbqzmha3lxs4qych6adnk5lrqufyi62zxjqh4,2026-05-16T21:45:15.003Z,"LEER, smartwool, whole foods, and so many other companies are not real businesses anymore. they were bought out by private equity or other giant vultures who use the reputable brand to trick people into buying what is now much a worse product. this is why everything sucks now",N/A,did:plc:6petome3zss6wqqrsw2oss3s
bafyreieju5v5kao2jzjei4eeyffwndsl4uyyt4koybdzkkyvtedlx4st7m,2026-05-16T21:45:17.044Z,10 votes moldova let's go!!!!,N/A,did:plc:qlwc3s3sp53bg5trup3w3gof
bafyreiak5a3dhoniiup2myvd5m5slbjo5zpthsgb4va5ovy7tqoxcb6qii,2026-05-16T21:44:54.882Z,おはようございます  休日勤務頑張ってきます,N/A,did:plc:a6mpatiaek56kzx56lmtozeq
bafyreigrbwwjyvsflpczkr2bnv3ricdthrefv62cor4y3ornlnhutjtfbq,2026-05-16T21:45:14.974Z,"…oh, that's not a pansexual flag, it's the Bulgarian flag under weird lighting.  #Eurovision",N/A,did:plc:45tcubtva6zdsfzsp5fqyaqb
bafyreibnhyaqab52ofbalznxepmu2qnqfxl6iidj6tdbay2kykadq7bzgq,2026-05-16T21:45:06.643Z,Grille of ‘39 Ford Coupe #kfrontdesigns #photography #ford #coupe #headlights,N/A,did:plc:hq5x4zyhfozq7sa3ul66bfzx
bafyreigop6ausdgwmogbfgj6hrr7o6c3m664gg2d3fml7tqq7ozluunw3i,2026-05-16T21:44:36.967Z,Surprised so many of you are watching #Eurovision,N/A,did:plc:rl7k7w7woxol6gfqr7zbwiwz
bafyreib3o2kcdoslte64bnuq2xev2opj3a5b7ynghu7hblk6vyq7d7hufm,2026-05-16T21:45:14.798Z,🎯 😍 🤤 💘 More LIVE Ladyboy Action: 👉 ladyboys.net 🌟 😈 👀 🖤 #Transgirl #grooby #femme #TransNSFW #Sissy #tgirl #bussy #cumshot #lewd #hardcock 💕 REPOSTS MAKE MY DAY 💕,N/A,did:plc:bo4lwhuxorhy5wlydyqlimvy
bafyreiflr24sv4yajdzbzsvvjkqjqu32itpwhth75dau62i462f5knqov4,2026-05-16T21:45:08.000Z,"Some Democrats have tried to do good things isn't a strong endorsement.  Democrats as a whole have given us every single good achievement in my lifetime. Republicans have fucked us over and robbed us blind at every turn. The only good thing a Republican ever did was PrepFar, and Trump killed it.",N/A,did:plc:z6um7yxmdp5zgworqnkl7hvs
bafyreibpo4rkzdoolzmhqsbee6wwwovsojgk46zwua6x3xz7jxbtsvamw4,2026-05-16T21:45:13.542Z,a sorte que foi esse impedimento vsffffkskkkk que gol podre,N/A,did:plc:hpkb5hcnpcrpzri4wjelr7qb
bafyreibbdwg3quxrfijodiwt3xaxw3ybkgs5nkpzjrkdqv7clphjnkapie,2026-05-16T21:45:15.103Z,D74 Service Alert: Expect eastbound delays on Route D74 at Brookland Station due to a bus with a mechanical problem. Track your bus in real time by visiting metropulse.wmata.com/bus,N/A,did:plc:m6vckarmhy47mejc4rkkt77s
bafyreicyagbhyp75rlbf5nsczhmtwamnindmo63xirlcjue2mgnomoa364,2026-05-16T21:45:04.000Z,Having used Creo Parametric and SolidWorks professionally in the past has ruined me for parametric CAD software.,N/A,did:plc:y5hul3zqikblvnz7lhjfm4kg
bafyreie6yc7pm53tf6nqnzmbw5jriwm7fwj6ssq2ixqdf6pyz2fvqttfve,2026-05-16T21:45:13+00:00,"Ex-Benfica trama Al Nassr e Cristiano Ronaldo falha novo título  https://www.europesays.com/pt/384190/  Foi um sábado para esquecer para o Al Nassr. Se, por um lado, o conjunto de Riade viu…",N/A,did:plc:lxpmp26fxtdcr4fxvhycenoh
bafyreighruq2c5xq2rk34fhjtkmaiwqfjshs62b7owiqtrkj4ktcdjpe7i,2026-05-16T21:44:59.771Z,www.youtube.com/@MatterhornB...,N/A,did:plc:cjkbqxoixpbifgbctmbw36b4
bafyreibsbnyzzquf6kbcq7h7q3pxsjfis3xlvfecf5iunwc2f6ro7b34xu,2026-05-16T21:44:03.000Z,Bug no Android 16 faz aplicativos contornarem VPN e endereços IPs são expostos https://olhardigital.com.br/2026/05/16/seguranca/bug-no-android-16-faz-aplicativos-contornarem-vpn-e-enderecos-ips-sao-expostos/?utm_source=flipboard&utm_medium=activitypub   Posted into Tecnologia @tecnologia-FlipboardBR,N/A,did:plc:zwxl6dnun52q3ywiao2ad3if
bafyreia76tted5flfcsyykolwj33frkzeup42ct26zceuujqk2l35wadlu,2026-05-16T21:45:13+00:00,The Cancer Planners Forum Successfully Concluded in Geneva – UICC  https://www.europesays.com/ch/66627/  Union for International Cancer Control (UICC) shared a post on LinkedIn: “The Cancer Planners Forum successfully concluded in…,N/A,did:plc:uxcnomk7tff2n62ofupizera
bafyreic6hipqzrbx4kyvd32b36wb6njlsgc7mybuok5zaflczixmtfn5re,2026-05-16T21:45:16.768Z,100%!!,N/A,did:plc:kb3tsm7in2ndn62ab3tfzadv
bafyreid5ztjphuzgwc2tu6ildnbvcypeprrvrm2vuqjndktua7yijozuie,2026-05-16T21:45:15.135Z,"Happy #screenshotsaturday!  Here's our non-canon fan made game we're developing based on the world of The Amazing Digital Circus! 🎪  It's called ""TADC: Mind Games""  bsky.app/profile/pitc...",N/A,did:plc:vutwx7zog7iidvrknbs4s36s
bafyreifwvihaiwkc545xtuqsf7f6edwb7x2iu5r2leyftl4y2lllareqqu,2026-05-16T21:45:15.358490+00:00,We've made the world too complicated https://user8.bearblog.dev/the-world-is-too-complicated/  https://news.ycombinator.com/item?id=48158065,N/A,did:plc:hqqjt33dtdcl6kz5bqwi7cws
bafyreibprecide7olku7467sh6vxhdyww4dltrkvsyxx3gn4rwdw5a5t3u,2026-05-16T21:45:13.773Z,Sorry but I don't trust you one bit if you genuinely think MY5TCrimson X is better than 2011x I know opinions exist but that's like saying a blank slate is better than an actual character,N/A,did:plc:mlqhhhvmhts36okcdgupbsy7
bafyreifvju5bqmmwltqvvoe54p77qgozitepzcohucojndo6wmsemb7eqy,2026-05-16T21:45:15.478Z,"Science is, by definition, is tested knowledge.   There may be new tests in the future as technology, or societal needs, improve/change. Analysis of these tests will prove or disprove what was hypothesized.  Science makes life better. Science keeps us safe.   Trust science…not your f*ckin’ phone.",N/A,did:plc:veydhka4pkvn4izlu4ybfae4
bafyreigr4ujsln66jswnr5ju2ewzt7ujgqx4ayvpleazfscpsr4rqtz6my,2026-05-16T21:45:13.084Z,LRP special seventh gender pathetic little meow meow beni gabor 💖,N/A,did:plc:phct5ccnwzss2wrarq7h5u4i
bafyreibsoozczxdmykcoxrjes2gq6j4xorypn35dt4hpe72ylkzldj77ba,2026-05-16T21:45:15.091Z,The SAFER TRAVELER BLUE BOOK maps can now be found at: bluebook.lgbt  This domain is registered for three years. Set a bookmark!,N/A,did:plc:uc2g4pi33xpn6h4ccvmuauls
bafyreib6rmzr2ypd3y4wjbaro6kgna6kfpv3pvkw3uqmve3bt6tcz4pcni,2026-05-16T21:45:15.614Z,Heute ja. 😁 Die Prater-Show im 1. Halbfinale (nach den Songs zur Überbrückung bis zur Auswertung) fand ich fast noch ein kleines bisschen besser.,N/A,did:plc:utllglq7hegnjc4i52lnlbsw
bafyreidlvfemkssihwzqhtbmsictzv7yyvacgwhr5k66xlwzgir7a5cjci,2026-05-16T21:45:12.881Z,Mmmm 💋,N/A,did:plc:366qkjtgtore3m7p3vznkb2e
bafyreif44sbiqf4gjip4ie2ginjdp5bks6imq3sw3rdcja2zvgsi5yjt5i,2026-05-16T21:45:11.663Z,【動画更新のお知らせ】  🐸 いちごちゃん お迎え1年11ヶ月記念ショート動画をアップしました🍓  3月末に突然発症した風船病の治療を今も毎日続けながら…記録をしていました✅  温浴の様子、病院での処置、体重のグラフも含めて今のいちごちゃんをお届けしています😌  治療継続中ですが、動き回れるくらい元気になってきました❗️  いちごちゃんの頑張りをぜひ見守っていただけると嬉しいです🤗  ▼動画はこちらから youtube.com/shorts/S03yt...  チャンネル登録、高評価、コメント是非‼️  #いちごちゃん #クランウェルツノガエル #風船病 #ちとせの飼育日記 #BearsFrog,N/A,did:plc:qmcr7ar5dpr7t3v6a3ragori
bafyreignqqhs7xs4zvxgqy5zjfypdckgg47enonj5ue6s4bdfkurusg5u4,2026-05-16T21:45:18.085Z,"you made it, it would be odd if you didn't",N/A,did:plc:n4fdazadeurnuzwtx3xsield
bafyreiafhzikopczrqltjt3z4cjlzon7tzrkdzboblmmjc4vcuto75omli,2026-05-16T21:45:18.413Z,"That's OK.  The purpose of the trip was for the oligarchs to make deals in China, and for The Rump and family to benefit.  Who cares about the former USA!",N/A,did:plc:czg4oefn37ezuu7i73aqewgo
bafyreig25jtv45kybztx2hh6b3od6i7doyqcku3mornthj4jan4kgvxo3q,2026-05-16T21:45:15.093Z,"No for real this is a thing, especially if you have like adhd.  Whenever I try idle games again I get wicked headaches",N/A,did:plc:ht3yunjsobxjvy7jzuj4qrne
bafyreifdnp5bmb6loetcsna4a27oz4jfxbqufjcbjwak2p2l36hazs24uu,2026-05-16T21:45:14.753Z,ranch 🫣,N/A,did:plc:ivyvx6faakevikpv37s2csxn
bafyreibgydggc74mcbkbylcfuu4ueob23momf4hinycjvqu4rrh7s2kvk4,2026-05-16T21:45:13+00:00,"Suomija – ne garantuota: viena šalis padarė neįtikėtiną šuolį  https://www.europesays.com/lt/179737/  Šių metų „Eurovizijoje“ Australiją atstovauja tenykštė superžvaigždė Delta Goodrem. Jos konkursinė daina – „Eclipse“, o ketvirtadienio pusfinalyje buvo…",N/A,did:plc:vp3jzqqaa4nk3kurftsp7hlb
bafyreihh35rilahjxwuchvxd7elhxk4gmn2cax4vmffrnw6yx72p6uwjly,2026-05-16T21:45:14+00:00,Britain’s Got Talent’s KSI bursts into tears live on air after ‘magical’ performance  https://www.europesays.com/britain/38791/  Britain’s Got Talent judge KSI was left in floods of tears during Saturday night’s live semi-final after he…,N/A,did:plc:47ukz5svch7g2jmqu674y7b5
bafyreiehygu6hmckphf6v6m53kg3ybpcssoguq7slznwicapx4sersktcq,2026-05-16T21:45:14.526Z,‏كأني طاف بي ركب الليالي .. يحدث عنك في الدنيا وعني على أني أغالط فيك سمعي .. وتبصر فيك غير الشك عيني وما أنا بالمصدق فيك قولا .. ولكني شقيت بحسن ظني,N/A,did:plc:l4ulcoxctjmm7hhnsm7busk3
bafyreibd5uv6uza6tbf52rhb7h4vekhdwjpexfzynrl7qzuriybym5pnxq,2026-05-16T21:45:15.356Z,once you hit 1b the counter should reset.,N/A,did:plc:46o6pwz7j6st4i7ekyydi4tj
bafyreib4acibmu3badtojlufpocswarfajpvbly3cquhqzcixxgifvtl5m,2026-05-16T21:45:02+00:00,"Elon Musk explains why he cannot be fired from SpaceX  https://www.europesays.com/2995462/  Air Force One, the official call sign for a U.S. Air Force aircraft carrying the President, now runs…",N/A,did:plc:msian4dqa2rqalf3biilnf3m
bafyreibcrtdvkhm2m5auwn7liyt3upta5ifyqiiidscilkpxyow3jsp3bq,2026-05-16T21:45:13.826Z,www.congresonacionalindigena.org/2026/05/16/c...,N/A,did:plc:vhmeq46y6eai5q37kjvupwzr
bafyreid6udrbsbamx2tpp5d7cobdwier32bqpa43ulgqy7adgopi2ybttm,2026-05-16T21:45:14.103Z,おおー!とっぺん、可愛いくて良い子ですね。,N/A,did:plc:zgak3m5xmfv7aur7g4hlrn3n
bafyreiewto7r4uaohmdm2bgahpjjbh46ghaj4hcsm2nstrygconafavpnq,2026-05-16T21:45:14.080Z,"Overall, I thought that was rubbish, and I don’t give a tinker’s who wins. Goodnight, Vienna!",N/A,did:plc:ncq4nf2sarqzki64xwbihyr6
bafyreihlaoevgco2t2p7cdp5slm2zeknxhxzpplaaquys4hpbcngmw5hma,2026-05-16T21:45:15.263Z,"Dems could have codified it.  Talk to Shrug Schumer, the losing-est loser that ever lost.  Why in the F*** is he still in “power”??",N/A,did:plc:5q6ck4otnnwuwwxswrzrqnp5
bafyreia67zyule4ttxlgq7mqrvbdh3s5sqhujyeaneex6bflmdyyu4vra4,2026-05-16T21:45:15.308Z,Having a hanging fossil present is wild,N/A,did:plc:fpvcg4gosesvkcxtupb4ij52
bafyreifweaau3kc4zdmvcmz3f35x2yllhmerfj3wgfj6mmubziccgpwkgy,2026-05-16T21:45:15.070Z,Don't post articles with preview pictures that have needles in them. Trypanophobia is really fucking common.,N/A,did:plc:5dokrqnikwh5egun7yfivvi2
bafyreifbbcwefkrpjkjn67kwjmarcxujqpdkk6iokrjvlpnghmbyitedle,2026-05-16T21:45:15.174Z,GORGEOUS.  That pothos looks happy too 🥰,N/A,did:plc:c5642jtscfulmdvm4f5js5td
bafyreichtom2tocpkk6znq33ev2iaig4ggonxqrwyrcm5nm2vglvgm6plm,2026-05-16T21:45:15.792Z,"I don’t need to bear witness to blood feuds originating from 1970, at these academic meetings",N/A,did:plc:hv6dwpg7ms7zwkkqwpf6mmq7
bafyreicg5aj6oq6qfbztkw24gyjetlbxkmtlc5epy42ujrjye664kramzq,2026-05-16T21:45:15.871Z,Great hands and mouth here. Dm me,N/A,did:plc:xg6pufeixtjsd3qc6vmxmyih
bafyreidnker2npzz2rtjqofqtfygmmytx67bjdkjdn4tiqnj4mvkk5gk4u,2026-05-16T21:45:13+00:00,韓国芸能事務所ONE HUNDRED代表に300億ウォン台詐欺疑惑…警察が事情聴取　写真枚　国際ニュース：AFPBB News  https://www.magmoe.com/2974901/entertainment-news/2026-05-16/  ワンハンドレッドのチャ・ガウォン代表(c)news1 【05月16日 KOREA WAVE】韓国の芸能事務所「ワンハンドレッド（ONE HUNDRED）」のチャ・ガウォン代表が、約300億ウォン（約33億円）規模の詐欺容 [...],N/A,did:plc:cazef5u2rbzqfpzhqve5wshg
bafyreif7u5fwf2jimb6x4b7ln4tohkhjvddeuxu4oh6v4woybk6jdgsfpe,2026-05-16T21:45:14+00:00,"🚨 Severe Thunderstorm Warning issued May 16 at 4:38PM CDT until May 16 at 5:30PM CDT by NWS Kansas City/Pleasant Hill MO 🚨 Additional Details Here.",N/A,did:plc:eja6m6wch4a5ss5xnlhz6x5b
bafyreihhvdue3qadc3khnk7hjjjkvqzohq7wlg7k23j46c7mqdxoyv7xei,2026-05-16T21:45:14+00:00,Egypt warns of declining air quality as dust storms expected across several regions  https://www.europesays.com/africa/238443/  Egypt’s Ministry of Local Development and Environment has warned of deteriorating air quality as dust-laden winds are forecast…,N/A,did:plc:v3lkb3m4lu6nzv6npkah6umc
bafyreig4z3yt4uuryl7wgux3up463omfoppin5hzsvsojhpq7y2g665l2a,2026-05-16T21:45:15.688Z,bsky.app/profile/ldog...,N/A,did:plc:qv2lroehtrghxx2t6cafhswl
bafyreieciuncogwl55lfk2pwwzjuutbxh7g74b422argswhu2kadu6os6a,2026-05-16T21:45:15.58541634Z,"We will take on the Fidelity SecureDrive Lions in the URC quarter-finals on Saturday, 30 May at Aviva Stadium (KO: 8pm) 🔥 ",N/A,did:plc:bgeqymeltxrtny34aikxe4vy
bafyreib4tiwfpqs2gwpt32fu3eez3i26gciz7lkjar6si2icgyh57zirum,2026-05-16T21:45:15.186380Z,BirdNET: I heard a bird at 2026-05-16 14:44:47 PDT!  I'm 69% sure it was a Lesser Goldfinch.,N/A,did:plc:ctgmt7vyh57ylh6lunlbe3q5
bafyreie7juhupu3gxh5jqxhagerqzsripbdool26h7aux66mj3y4xborsa,2026-05-16T21:45:15.518Z,Preguiça de começar a me arrumar,N/A,did:plc:bxrpmk2fvyadxkh6yuqlha42
bafyreieieh3y3g6cryoaptcohpv6xsrckjw2yybpe4kb3d6a77pg4dyati,2026-05-16T21:45:15.819Z,"Obrigada, deusaaa 🖤",N/A,did:plc:jq5z2fcpennymnek4eguaw7f
bafyreihxvst33iwhvb2lehha6xyxkybyea57z4kvgiytel54xrqqovlnti,2026-05-16T21:45:15.127Z,"Dick Pond Rd @ Socastee Bridge 🕒 5:43 PM - 5:44 PM ET (4x speed) 🌡️ 77°F | Clear  📍: 33.686619,-79.003958",N/A,did:plc:fsdkggwwdftwmfwlktz7jp2s
bafyreidix4ckn47vj4l6pqlmbqnjqnhj7wy6y6om7djvzu2gj5eqecxon4,2026-05-16T21:45:17.744Z,"Ja, die meneer.. Ik vind hem prettig om naar te kijken.. 😅",N/A,did:plc:dlofcb3ycul2h3t4n7eoo66y
bafyreicazxc6n54iry3lgx7srk6dmvp3gh4r4ovkn5rwfbjx63rbztvzaq,2026-05-16T21:45:15Z,😈 Jealous ex realtor locks YOU in the empty house for ultimate bedroom possession revenge! [F4M] ASMR seduction 🔥 #audioerotica #nsfw #goonsky #sexpodcast #jealousex #possessive,N/A,did:plc:e76pjj23drgsoctm2hv3nqap
bafyreieva5ioaaksoerwya2eyyvy5c3gmb4pq7inrrfznfddkdbnzh5otq,2026-05-16T21:45:16.207268+00:00,"ISS pass: magnitude -3.6, 23:10:27–23:15:06 from W to SE, maximum altitude 54° at 23:13:45 in SSW. Weather: broken clouds.",N/A,did:plc:uyj2rtvgmyy5nlvqrmgcmzfe
bafyreidqz6c6tmvpb2g4uwick4qwrox5wujjmwmeqczwxepkssuao4yhde,2026-05-16T21:45:15.739Z,Can’t upset the star. Even if that star is hitting .199  Pitiful.,N/A,did:plc:oo2ca3upcjhh7y6zjoslvmb2
bafyreiggeaevkve6kgbgyur6n3xg5wmdg7xxotw35ar6o5be7aiv5ne2om,2026-05-16T21:45:14+00:00,"Israel launches new strikes on southern Lebanon following extension of ceasefire  https://www.europesays.com/iran/117161/  Israel continued its attacks on southern Lebanon on Saturday, despite an agreement between the parties to extend the…",N/A,did:plc:wiuqiruv62xilr6p43bdyep5
bafyreih74mu4tghfrtk7x6f6sldvq37q5esddjxhxozk7tv2ngrvygn23y,2026-05-16T21:45:15.291Z,Go to the gas station!,N/A,did:plc:dlchd2dk46af5mbmb3tdm7rp
bafyreigvabryw6virbnlmgpatj4hjtiaxcqmiohlfklc4u5enym4z5jnfm,2026-05-16T21:45:13.551Z,STARTING XI NOTES:  -Wingate back in the squad for the first time since November 2024 -One change from last week  READ MORE: www.nccourage.com/news/startin...,N/A,did:plc:g5cglltkhbrvjm6gq2wyspsb
bafyreiefdnf62yctvkpwqjhl3ifhuumuxoplpuvct3qas7jdhrgzgmoabe,2026-05-16T21:45:14.213Z,"Я тоже люблю гудоменсов с книги, мы делали косплей на книжные версии, и поддерживаю целиком и полностью. Хоть первый сезон люблю в целом, но от фд держусь подальше",N/A,did:plc:igmh4go6joxqqmvmex7bj4af
bafyreigat6i2g6vpw2agooau2hpo7qexdrryd7f5qyzbrk6xbquizqfqdy,2026-05-16T21:45:14+00:00,"Nato, Russland | Krigsspill mot Russland. Forsker feller brutal Nato-dom  https://www.europesays.com/no/239835/  Hva skjer hvis Russland angriper de baltiske landene? Det spørsmålet stilte forskere og offiserer ved et tysk forsvars-universitet…",N/A,did:plc:7j7mitnqv6nrtjjqc7g4fnop
bafyreib5iwtmwqq23ciebigtzcg42dnap7yvvetunzh67y6kqfyyna5ciq,2012-03-01T00:00:00.000000Z,"European Patent Office at Crossroads  ""Patents on Plants and Animals Granted in 2011""  https://www.publiceye.ch/fr/publications/detail/european-patent-office-at-crossroads",N/A,did:plc:lb7v3uq23wmm5spv2a27kehv
bafyreigcxvta27zjv4u4qowzvqol5tlssfiukzfmbnrt4ftffn4lnwdqom,2026-05-16T21:45:16.785351+00:00,"Transform your baby's sleep routine with the SwaddleDesigns Transitional Swaddle Sack! 🌙 This cozy sack features arms-up sleeves and mitten cuffs, making it perfect for gentle transitions. Say goodbye to sleepless nights and hello to sweet https://www.amazon.com/dp/B084Y8684Z?tag=innovirtuos0a-20",N/A,did:plc:zvb7ig6jnbbbga7ew7qe6bjm
bafyreihdpdrd7ibnyh52r7jdqdv6bagzu6ulehfji2m6wv635sx3guz23a,2026-05-16T21:45:15.695Z,GOAL! 85' — Ronald Camarao scores for Maringá. Ypiranga-RS 1–4 Maringá. Serie C  #ypirangars #maringa,N/A,did:plc:bhk5jjfaw3ssczbl7o3b7pho
bafyreicsakfnd4f4gjq43ukfkhml652gp5c3pukldr2og5iz3wvoxf6554,2026-05-16T21:45:15.912Z,finlândia winner do eurovision e acabou,N/A,did:plc:xuswfmkqobzwf6bat7j7uwf7
bafyreift7gwkuqldav2m2k5r5bmxa6zpzqcn3l4arwqie4d26pe6s4akmu,2026-05-16T21:45:16.154Z,The rest of us,N/A,did:plc:jrdiaeynessro2avuft3tufw
bafyreihyv63rvcvez645ecew3gssdx6pi2wt5634hv5pbs5iemgij3murq,2026-05-16T21:45:12.833Z,"A conciencia non se vende: Honra está vez para España, miseria cómplices, por silencio,  de xenocidio elpais.com/television/2...",N/A,did:plc:le2qvr5tdmkc3g7hjrrftmq4
bafyreihiqi5kaao3e7qwfgu6sgfzkq2xlebbdwyhclium6zqz5cr3y63by,2026-05-16T21:45:15.971Z,I think probably Finland but Australia has a great shot. If things fall really weird Bulgaria has a puncher’s chance.   If things go really sideways….Israel could pip it.,N/A,did:plc:bwc57aeuk3gjnvus5blleyhe
bafyreiecznscpo3uee46zjclaavofymi2jzyjbgiorf43lmsajtgjz2gy4,2026-05-16T21:45:15.678Z,かのかり ハワイアンセンター編終わったけど めんどくさいな　こいつ,N/A,did:plc:lgsttmchteafwhwzvowssfag
bafyreiddzs3rnnbjs7n2jhug5mkes2m4bpgevpnvnxij6knspappcb47by,2026-05-16T21:45:15.750Z,x.com/MarioNawfal/... stupid liberals funding fraud and abuse,N/A,did:plc:uwk4x5rpreaxwh6mhqrhpzli
bafyreibrzg2fsgfxb5iaw4j4kf5aivnkhhnjusyyn4hw5az7r2vazjyvsa,2026-05-16T21:45:16.782Z,Those ol' computer blues,N/A,did:plc:eofkqh7raiupu5caveld5fqf
bafyreifescyt7tji4svl7flfuirdegwb5tho32o5gzbnu3wljgug2etbwi,2026-05-16T21:45:16.318Z,🥰🥰🥰,N/A,did:plc:34tr67fzij4jpm6kdzdhjxdz
bafyreigtfe535vvajqrpuggajd7y4yws5fhtqntv5nyvqohwqdyyzw6xva,2026-05-16T21:45:15.297Z,One step at a time.,N/A,did:plc:7bgttf5dscwdbpn5r67ig7zb
bafyreihfwkhxs3y7aqwsskkjsa6lmtes4nbgpq76mo2ydurawsiijra4yq,2026-05-16T21:45:14+00:00,"Côte d’Ivoire : AFG Bank CI distingue 56 agents pour leur loyauté et leur engagement  https://www.europesays.com/afrique/104683/  L’AFG Bank Côte d’Ivoire a célébré, ce samedi 16 mai 2026 à Abidjan-Cocody, 56 de ses collaborateurs à l’occasion…",N/A,did:plc:bborek56dnu5ggcxayyhomss
bafyreif3h3seh7bkng7swl4qmgtvk6cfomn2ykg4tqw2v66m5ltxzpazuu,2026-05-16T21:45:14+00:00,"Beidzot Eiropā sāk saprast to, par ko mēs runājām jau vairāk nekā 20 gadus  https://www.europesays.com/lv/203853/  Deputāte norāda, ka Krievija un Baltkrievija migrāciju izmanto kā hibrīdkara instrumentu pret Eiropas Savienību. “Baltkrievijas režīms mērķtiecīgi organizēja…",N/A,did:plc:5ipdiut7pyi7dqltm5ccrmb3
bafyreih3w54ylhhn25jloys2qwn42hkigbqp3p6m6c3x6qtrh3dunvxc5u,2026-05-16T21:45:15.148Z,In my defense it started before he became a bald,N/A,did:plc:45w3zkhe655wjyfx4skxym7a
bafyreihhryl4tnlo66unysbne2tq6x4d3vbtahz2h3dgo5dnte74o3wu5u,2026-05-16T21:45:16.856Z,La necesidad dolorosa por dopamina me lleva bajar la guardia y ver videos por desconocidos y es siempre un error.,N/A,did:plc:jdfhzv7l2ofembx4jb6htdjh
bafyreie3qopbicubsmnj3zgkns5uupqivbxzycgsrzacdnimd3wkm2a7p4,2026-05-16T21:45:16.283Z,"I grew up in the south. I will be 70 this yr, I've traveled a bit, I've seen a few things & if you think racism is only in the south you are very wrong. Being blonde with my accent, people say racist shit to me all the time. I always shut it down. The south is worse because of religion & ignorance.",N/A,did:plc:bhrguz3daxhc6nlpqo4ncleb
bafyreic6ntxj2zhxvhof2dv3g37p3sit5734ghwjxrb6gehp2nha7mg56u,2026-05-16T21:45:13+00:00,‘Half of British Muslims are under 25’: Report shows shifting demographics  https://www.europesays.com/forums/150489/  ‘Half of British Muslims are under 25’: Report shows shifting demographics — pppppppppppppppppd,N/A,did:plc:q4w35uxmlr5vkd2d6y3j5slq
bafyreidav7wejk64hlokaduotekkb4tdvp4nd5qkwatiad35yk4p5qv2da,2026-05-16T21:45:15Z,"Fracasso total - documentário sobre Bolsonaro estreia com salas vazias: O documentário “A Colisão dos Destinos”, sobre a trajetória política de Jair Bolsonaro, estreou nesta quinta (14) em cinemas de diferentes regiões do país. Dirigido por Doriel Francisco e produzido pelo… #Bolsonaro #Documentário",N/A,did:plc:ewpovnytrltwd2u7khqzhuwy
bafyreic2gt7hspyt52kblsrvmj5znxgfriuqjcwxlu6t2njvjj5gcsgiu4,2026-05-16T21:45:16.178Z,"Today's Eurowang/voting results will be ""sponsored"" by some Bowmore 15 I bought from an airport many years ago #eurovision",N/A,did:plc:g7bcnnvtvgmc6ebk7gfbbiai
bafyreiaomjptzsgiueq3xydqx3puhfm2bvtdkwm3xqyskefefv3txbbg4a,2026-05-16T21:45:12+00:00,Hulpdiensten zijn met spoed uitgerukt naar Kerdijkhof in Amsterdam. Geen eerdere meldingen bekend.,N/A,did:plc:w23i6wxhyheqrwevgb4ukncb
bafyreiegoode3ce7wfyy362sbsau3qc3mnw2grlqezlnhbomycua5uniqm,2026-05-16T21:45:14.295Z,www.huffpost.com/entry/latest...,N/A,did:plc:hjgog7j4wizou5g55knjvgwj
bafyreia773bdg2nqixsdr6holnyl5uwsnoeu6npm37t4nrwwq3mydnokee,2026-05-16T21:45:15.897Z,"Oh we don’t care now someone said they don’t care   Me:   You’re mimicking people who have literally LEFT EARTH, and God isn’t stopping you. Get on that frequency go on. Rest in peace.",N/A,did:plc:xxh3znjenglrcia3unbbccox
bafyreif3uk3pawjfylmf7uxcv7oopwff4bqgwk3hwg5etpfdc4zpkj2fxa,2026-05-16T21:45:18.439Z,Far right meant to divide uk,N/A,did:plc:rmmtlkhupklk5krbq267svke
bafyreicjmqhk3p3migfdvibeosf2abkmrazpu7rd7b7czh6qqos36evmku,2026-05-16T21:45:16.114Z,Lol or am I thinking about Cherry 7Up?,N/A,did:plc:vrsmksnbnrxplcnzk5s4dqou
bafyreia3owefre2zylarkqwmltdoswduquqmrdfqtyud2z6n37dkibo2te,2026-05-16T21:45:13+00:00,"Northern Lights Update: These 8 States Could See Aurora Borealis Tonight  https://www.newsbeep.com/nz/431091/  Topline Mild northern lights activity this week is slated to continue Saturday night, according to the National Oceanic…",N/A,did:plc:cvhzp4oqk57twhhjji5o2b3t
bafyreidi42qx4ya5hjuifsj6p5rk37ommgbqthqqa7ewwtvevbza36z4ua,2026-05-16T21:45:16.370Z,Stampfschein?,N/A,did:plc:5wvfd4mrjgmhbbhbtw7rsje5
bafyreic6bzc35k7vqogvpwalsg4vzlvb3ntt3nawoic5udwtkene3jfkle,2026-05-16T21:45:16.444Z,Oh yeah the beasts definitely deserves to do this to shmilk after everything he’s done 😈 since this is technically happening in shmilk’s head I can only imagine what he looks like on the outside 😖,N/A,did:plc:j7zzyag2nsvxfommjxoq2gj5
bafyreifury37k45hjnul6rip4as5v3ypgaf5pbnx757kj372umpmstwp3i,2026-05-16T21:45:16Z,2022 Bowman Sterling Prospect Autographs Colson Montgomery #PACM Refractor /150 Autograph Parallel/Variety Rookie PSA 10: $260.36 👉 Sell to us collectingall.app 👈 #ColsonMontgomery #BowmanSterling #BaseballCards #ProspectAutographs #PSA10,N/A,did:plc:5tyosqktoztcdzuvgiishtxi
bafyreienez46up3y2wwhuuwtguwidirt3ghhxvuuadiejpwl5y2n6ao6rq,2026-05-16T21:45:15.176Z,“I’m washing me and my clothes”  #TombRaider,N/A,did:plc:n6uzjqeltsrhra7xossh3qrp
bafyreidesm5ygprwyqgcy4oblz34nha2i7ubswog7ac6pbl3j5shc3ar4i,2026-05-16T21:45:08.129Z,Hier meine Votes – was meint ihr? 😛 #ESC #Eurovision #ESC2026,N/A,did:plc:6scr6oqwvnbznzabwqborzit
bafyreiccqzmgkjw2ms6f4d54dejbxmbct4nn5agfilcnybln2h7ml6wdsu,2026-05-16T21:44:52.338Z,"Gorgeous pic, Gorgeous you 💜",N/A,did:plc:5k4tjizaltjxsbpao4a4x4xf
bafyreiad2gbr5dgdsmb3qwmutu57z7ikvoxfn3ad4wpurolkhist5dfx6e,2026-05-16T21:45:15.116Z,youtu.be/FTQhrVyAelk?...,N/A,did:plc:v5jpmly3ufp4juwy3makcg6a
bafyreiabtokmo3xhmwx4joctud75snmsd6syz3uauslbprg3gtt3c4ruse,2026-05-16T21:45:16.826Z,"i just saw the greatest thing on god’s green internet. a woman played the whole giant steps solo on a RECORDER. yes, of course she was trans 💅",N/A,did:plc:zsbarvweyc6mzyhfxzlpc3hz
bafyreiasehokakrpxe2vmniffletfgkffi2pfraypygenay7gmo6gtbx2u,2026-05-16T21:45:15+00:00,"Come può giocare il Chelsea con Xabi Alonso  https://www.europesays.com/it/493911/  Accordo verbale totale tra i Blues e l’allenatore spagnolo, che a meno di colpi di scena sarà il…",N/A,did:plc:ht6nj7wvu3y7ysrlwyc2iy5m
bafyreienoizjtxez23skzmfu2azcxzocdaylrrsmmhxhfzhy53zuwfw7xu,2026-05-16T21:45:16.421Z,"China has a president who is not a pedophile, as far as we know. So that’s one thing.",N/A,did:plc:z2gwoi36a3ryzitxtyo7yug6
bafyreigckyq3tiijdv33qfd7jfzep4mpk46qgcbjx6lqrzlzt5cbrpzvn4,2026-05-16T21:45:16.065Z,Thank you! I paid close attention to the size and shape😆,N/A,did:plc:edfs6cd4utobjfqeelglvrcb
bafyreih6mdcgrn5uuby2nbys53excwhemuhfjhnfoncxu4o53722hcxsku,2026-05-16T21:45:16.060Z,I also enjoyed Tom internally saying FFS every time Ryder popped up when he was talking to Mary,N/A,did:plc:mbxatksiqzdnkuxhowml73oi
bafyreiayebsq6u6c43sc5rckgz2443t27rx32iwcal3md33yphg6awec7a,2026-05-16T21:45:15+00:00,The Latest: The grand final in this year’s Eurovision Song Contest gets underway in Vienna  https://www.europesays.com/europe/44721/  The final of the Eurovision Song Contest got underway Saturday with tight security and rainy weather failing to…,N/A,did:plc:dmpirdk6dcab4uobpav2ffz7
bafyreifbsgefszytapaadcgo6sgmrdmikixfo63zgxa7hzfyj4sblgrg7a,2026-05-16T21:45:15.713Z,🤪,N/A,did:plc:enrn43srbriepyvnj3pk73bn
bafyreihzft6ob3dxdf7vii25l3thc6r2jxtsxydgmfunyl5e63xuvb7zfa,2026-05-16T21:45:16.108Z,こちら宵、依存サイコパス不死男,N/A,did:plc:ouvryt5vmijbmnb66e3necwk
bafyreigcydo6o4e52gvhfwl4z4kn7b6a75mkpkqlbkwdo4lavmvyclyh3y,2026-05-16T21:45:15.541Z,ごめん  ごめん｜NIKKI  m-k-r-d-t-s-b.blogspot.com/2026/05/blog...,N/A,did:plc:lxbmspozbbc4w37lprqcfdxy
bafyreiczme4iuka5z4zytfn4feyxawmv52sys7spkbttgvbcmxquyo7hmy,2026-05-16T21:45:14.823Z,"If we matched energy, we’d either be unstoppable or a public safety concern 😭🔥 #ChaoticEnergy #FlirtyMood #DangerouslyCute #GamingLife #Vibes",N/A,did:plc:felbhzfhathnajpasoqj72iv
bafyreig5zgjbw53w45vqcm2xkopsrbfgshqnnmh7qe3fcj4mjzdmxalsoi,2026-05-16T21:45:17.900Z,It's amazing how quickly Trump tries to spin a new narrative.,N/A,did:plc:6joetygpd6im7722o4ii6e7i
bafyreihvtwxhpza3gadny543a4rhkmuurkxvuefeskoezjzairgat3d2wy,2026-05-16T21:45:16.887Z,"🥹 this gave me a smile. Also, what kind of pizza 🍕 👀",N/A,did:plc:mtgyhurec7ymu432nqclicuw
bafyreibxdisbq6kcyzzlci63govakwzwy23v2akjksloxsbotcpxb572ty,2026-05-16T21:45:16.994Z,we are excited to brew more! but thankfully we do not drink heavily any more so that should keep it under control,N/A,did:plc:jopbwg76bwle56sjy44izuoa
bafyreiah67haifmopxwjp34gt6mwdxsxr7bh6yl6phj5xrjmfidubbtpca,2026-05-16T21:45:15.703Z,www.youtube.com/watch?v=KSs6...,N/A,did:plc:tzx3qvi6vgodvmbbqeginc2e
bafyreidgzo5kxhczzfw6d7jer7fgpsgcqcknehoofipdj6eh5fadwvh6ee,2026-05-16T21:46:07.198Z,nem é canonico,N/A,did:plc:vouroa7vgoztv7324jc44mbs
bafyreicdbjtgq3bdxpho4vj2j3734lue53knfboxydodvhapttxfxamg5m,2026-05-16T21:47:38.830Z,Stella's a bit dear for me. lol,N/A,did:plc:wwkkw6wqizk76hbk2n5chywx
bafyreid24dll2stmmoldgizgkeosxpxmmarae3uzimenfgkwcrhlcr3gwq,2026-05-16T21:45:16.550Z,he is cute i can’t lie  also honestly one of the most fun entries this year,N/A,did:plc:vupy2xbwaaikqtnn26fuaylq
bafyreiazsablcohh4vfxjv5pau7qhhol6ku6vvqyk4m6xqiqdhwbterc2y,2026-05-16T21:45:17.047Z,Norway also backstops their social safety net with oil wealth and exploitation of the global south like every other western nation.,N/A,did:plc:r2iacb5soeawjbz5h3lfecf7
bafyreigath3xh52lfd747rb6esjv2xfshgp4pdq4qy74q55ucuhdojonua,2026-05-16T21:45:16.249Z,"It's nightish here, but still",N/A,did:plc:oiwvfr6fhcoxfewsjiqjhoem
bafyreihafuki6tfbuoif3mjy6nkbo6d5slkcjqljgzk6dhowtfgdsjbgbm,2026-05-16T21:45:17.162Z,(red bull for the road),N/A,did:plc:6v7scwj2jehis26ictihloej
bafyreighd63owggffftpxs2qxzreito3m2askfcc5nkynkvaxmczk6i7vm,2026-05-16T21:45:17.002Z,Stranger things is more interested in invoking what we remember the 80s to be based on nostalgic memories of movies and tv and not actually the 80s,N/A,did:plc:mvgmzyx22fwqs5a4r5wk426u
bafyreid3sdk4i6lrwdd4o634gcao7mf2netscbnetgfzl3omcfba7i573e,2026-05-16T21:45:14.663Z,are you hungry?,N/A,did:plc:m7tkcsl4ra6mlvth7e4jz7dr
bafyreigcblcunb4j6v7nir3r3mdftlb7rvxhzkui2y25uym4svdwjhqcyu,2026-05-16T21:45:18.948Z,"Wanna do that ""Vanilla to Modbeast"" twitter trend on here with Bataar and Pinkie",N/A,did:plc:dyhkdrx5mwgmuln74nn25u2n
bafyreigqua5psftusp2rgdstapaue76xgumzbeddakjokferoernxlheqi,2026-05-16T21:45:17.462Z,😇,N/A,did:plc:qfbk6ou3ruhobqvwuzpveqrs
bafyreifcpscdyb2wtonsbiopfagfnmi57apphjmidtlpdq3wdld2t23ibm,2026-05-16T21:45:09.811Z,Junk journal because I have so many repeated cards,N/A,did:plc:dv5omyk4jtnk7dfqyrta73l2
bafyreih2ochthfujqulwsecfkzlustlehfnazdvmavdiwc7lvfkomq7yri,2026-05-16T21:45:17.320Z,"the Biden administration and those associated with their pandemic response openly said that my life and the lives of disabled and immunocompromised ppl like me don’t matter. i’ve lost multiple friends to that apathy, and voting blue didn’t do a single thing to stop it",N/A,did:plc:ow37qmuwsv3qlrkh6xdglqxl
bafyreiau27xdtpsdru7uo3vrfddfcs7ukcvyrodqufpkjc4uo5apbg7aey,2026-05-16T21:45:16.734Z,she looks slightly conservative,N/A,did:plc:ejm6sz5si3xr7eqvcsfsrirf
bafyreiddrxe2dc6xgl2bmvfvc77jfvhevcadkqfj4vjxuu2ojun64zm35q,2026-05-16T21:45:16Z,"Chuck Morgan is a Colorado‑based crime and thriller author known for creating fast‑paced, character‑driven stories rooted in procedural accuracy and high‑stakes suspense. His work blends mystery, police procedural detail, and action‑thriller pacing, appealing to fans of gritty crime fiction,…",N/A,did:plc:xhtpoii7arhytf3ughqla5ef
bafyreiflcgmpdekj6n5zl2ec5kugednw2zmgosjgootyq4u4f7a5q75na4,2026-05-16T21:45:17.153Z,"Honey, please sit on my face & I'll slide my tongue deep in your pussy, while you shoot squirt & hot piss down my throat!! Gulp, gulp, gulp, gulp, gulp, gulp, gulp, gulp, gulp, gulp, gulp, gulp, gulp, gulp, gulp, gulp, gulp, gulp, gulp, gulp, gulp, gulp, gulp, gulp...ggguuuuulllpp!!!🔥🤯🤪👅😵😵‍💫🤤😋🥵🪣🥛🫗😂🥹😍💋",N/A,did:plc:aoyt6qmf4dkz3ejeonad5le5
bafyreie7ouoen36aco7hckhvb6bpvnim5zda7ha7rmt2qmbqz2lxkg2mzq,2026-05-16T21:45:15.723Z,Bütün hayatımı etkiliycek tek bir sınava 34 gün kalmış olması can sıkıcı kafayı yememe çok az kaldı yapabildiğim tek şey beyaz dinleyip kendimi avutmak tavsiye lazım @emircanigrekk.bsky.social,N/A,did:plc:ukq7vpaifdt752vadq4qgvcm
bafyreiakvlrxdr3wq6ytb734rjfq7mzodmmxo4donqwayrkhuuw72vklzm,2026-05-16T21:45:17.345Z,yeah okay,N/A,did:plc:epm7ygttg5jqisqkome6fbio
bafyreidsxytmvlnpc2fx7r4uvftv7lxpei6vb4q6chu24uryw5vvbo3rji,2026-05-16T21:45:16.491Z,Why did I just imagine Moonracer having a microphone while asking this?,N/A,did:plc:g2ix52usrlo3gccqnse66k3w
bafyreidd4jgbgs6djzj3v7oeu5ofjlmwisz5qnhoqnzfoitpn2is7ibg6q,2026-05-16T21:45:16.458Z,"Yikes. Take this to Twitter, buddy.",N/A,did:plc:ovvxxktnggqglkkwfxdpscf2
bafyreifyehmq774hkyl5tc2rritugrgyvhclvkkzorw53qdzh5vocs4p6u,2026-05-16T21:45:12.577Z,Bande son nocturne... www.youtube.com/live/Bd05OCK...,N/A,did:plc:ldow4i5cq3l2acew3lc7jkfm
bafyreieijhj26zpjmnevqvmvsww5vbz4kemr7kngjzy747dscyaf3nqroe,2026-05-16T21:45:17.281Z,"Obrigado por ter sido um filme galhofa por nós, Mortal Kombat 2",N/A,did:plc:zf7jeta6paynwdqxkfkny62j
bafyreicsptbs4fm3olyvuuuqdflxoghgz7ual7hhhw3a5pmv57557fprh4,2026-05-16T21:45:16.768Z,"Nah we’re good, I just have a bit of a sociopathic family. I like to believe I broke the cycle of abuse with my daughter. We’re like mates now - very close. And I look after my bro because he’s a bit soft.   When I was a kid I used to get jealous about ppl who had loving families but I made my own.",N/A,did:plc:hddg5iu6puuqqkpwmasey36s
bafyreigam3zwcw2kl5zxpbhd3poho3g37vrazsomt6gjpcy2nrkr3ytpie,2026-05-16T21:45:16.927Z,🔥😍🤩💙🤍❤️,N/A,did:plc:acx2bohdsa6yvdcsi2bf552b
bafyreif6rvez46kxudgp2utoyt6viq65gx6hjhzkz7mwar52d4frbz2ftq,2026-05-16T21:45:17.441Z,Wow 😲,N/A,did:plc:75b6ookijmeuasudtocekv2z
bafyreiheooss7njudtkpg5ejkt2w6rp6yausd2vgirzg7kmh3ggrojdlsa,2026-05-16T21:45:17.090Z,これをつけなければいけないのですか……？ドクター、それは確かなのですね？舞台でこのような装飾が必要であった記憶はありませんが……はぁ、いいでしょう。 ダンスも用意しないといけない、ですか？それは……待ってください、そこのステップは正しくはこう踏むべきで……こちらへどうぞ、私がお教えします。,N/A,did:plc:fb366oyjlhhixcoayig3lndm
bafyreihvjj3fdls6fpfckw5rzwljabvpexnvpg2nnm6fiass33sdoaacl4,2026-05-16T21:45:16.140Z,Wie kann eine musikalisch verständige Nation da immer wieder so ein Desaster abliefern. Ich verstehe das nicht.,N/A,did:plc:otym2pjxy6qzg4hcbbxo4nmr
bafyreigvcxnnb73xtjvgzfm33skldyap7bfirx7dysvdek2qf5tqrlxlim,2026-05-16T21:45:16.239Z,<333 thank u!! that means so much,N/A,did:plc:e4gdd574ctzck6zbn3xosgho
bafyreidk7f44rgk4v2vrqsc5e2u6vffgicdzz6skhg6szqk5bwti22nlm4,2026-05-16T21:45:17.615Z,"Dude, it is so crazy that Starfox Assault and Starfox Adventures went up in price ever since the Mario movie. Those games were quite common for me to see for far cheaper. It's kinda like a double-edged sword in a way when something old gets exposure after a while.",N/A,did:plc:uyatgl2ir53cmgowqzer5rqm
bafyreiby5f6twdszooruishxi6ksupz4oxilx33q6psxjihqe7qghpruja,2026-05-16T21:45:17.616Z,"In some sense, it's kinda nice for some things to remain niche so prices don't jump up so high so quickly. I already have the games but that's the challenge with retro games is that because they are not being made anymore, they become more like collectibles becoming harder to get",N/A,did:plc:uyatgl2ir53cmgowqzer5rqm
bafyreifaqw5jtzopnvs4p33zlyur2jvwgj3iaqpdadqjclelyhjq4znuze,2026-05-16T21:45:17.722Z,Exactly,N/A,did:plc:rz3zscb2uemqeqfw5qqcxqnd
bafyreibyibxevl56u6a5aldx6wcqqlt577hkthbycpzpei57wyn2ckcfca,2026-05-16T21:45:17.712Z,Or possibly tic-tacky-toe,N/A,did:plc:wt7q4zuo5cnrf7k5insg6qi2
bafyreiduml733aqntra53m3vv4z4o5rcfekj3wgjyxr23lwnjyhmhostoe,2026-05-16T21:45:16.635Z,Just seen the newest Wrangler jeans - thank the jeans gods of women everywhere - they actually fit men's bums and give us girls back the glory days of Nick Kamen's launderette... I have never been able to understand what's happened to jeans since then.,N/A,did:plc:wmo53uparinsomhcz7gni5dp
bafyreicr7dmzb2um5tpraomvz3byum4r3zbvlemaoziuckcxntfrwscfdq,2026-05-16T21:45:16.826Z,Você é inocente?  1. fumei✅ 2. matei aula✅  3. fugi de casa✅ 4. fiquei de recuperação✅ 5. tomei advertência❌ 6. bebi✅️ 7. namorei✅ 8. beijei✅ 9. fiquei bêbada✅ 10. fui na balada✅ 11. identidade falsa✅ 12. fui expulso da aula❌ 13. colei❌ (Eu só passo cola ☝️),N/A,did:plc:xvfkue7xkez2gjjobqwypq3k
bafyreibvglg5sijlvgzirbznfduq5wsdt4iu3af6d3aolhznkc5dtqsmuq,2012-03-01T00:00:00.000000Z,"Deadly Denim  ""Sandblasting in the Bangladesh Garment Industry""  https://www.publiceye.ch/fr/publications/detail/deadly-denim",N/A,did:plc:lb7v3uq23wmm5spv2a27kehv
bafyreidhoao44lyjn5mcn6asbqt5odivj453tiomcg32enpm5zoxhmi7fu,2026-05-16T21:45:17.880Z,"Aqui em casa fechamos com Grécia, Itália, UK , Lituânia e Suécia #eurovision",N/A,did:plc:jguoejffrovclt7crrl7nvjd
bafyreib4ubt45vkgbta7nyzkbczgfvggtibvpdu57po5tnvekfobqopwcm,2026-05-16T21:45:14.998Z,Entflammtes Waldstadion ❤️‍🔥,N/A,did:plc:jv2tkjbd5gtui3px2me3zav5
bafyreiarh4el2oa4kewrbtmdusufoydzfw2ccbfyyw555odsn3y65pv6be,2026-05-16T21:45:15.503Z,quantos anos eu n ouvia falar disso,N/A,did:plc:vjzzoi6bxld3gyj7clwhcamo
bafyreibm57vatkfg6ctmcw5zb6cjs65gjcl4lx6s5mqgxwdfhixasetepi,2026-05-16T21:45:12.49513600Z,The dead are rarely positive about things.,N/A,did:plc:j7poh4z5kuksfrsfqpcjaofv
bafyreidnqt2vasd47yw6ugiekqhidgusev5sboz3irzdzvcnqsffesqlga,2026-05-16T21:45:17.008Z,Por eso lo decía xd,N/A,did:plc:wm3hk3yhrcy4rbgklrzslk5l
bafyreifvwv2j3tigusgvecybvlqv6toxaauba5edhllgn352uzkerzcqim,2026-05-16T21:45:16+00:00,"🚨 Severe Thunderstorm Warning issued May 16 at 3:41PM MDT until May 16 at 4:00PM MDT by NWS Denver CO 🚨 Additional Details Here.",N/A,did:plc:add3ggla63zyq45isnalwozx
bafyreide5fzvifwluqbieso5mjtsdr4uxgm3wlefdz4ar5mklqyxtoxolm,2026-05-16T21:45:17.379026+00:00,"FILEAREA.ANS, 1994-04-02 from The WaREZ HouZE BBS: wbiz 0670 - 0679 (other)",N/A,did:plc:t5narda655nd5uiada6vt7k7
bafyreibxfb247ecthoscwrpr45rw4hj2j3xiarwoesterz4vdof4d7ttbu,2026-05-16T21:45:17.478Z,GOAL! 68' — Tacna Heroica. Santos 2–1 Tacna Heroica. Segunda División  #santos #tacnaheroica,N/A,did:plc:acglo4ret2f2wc5duqtispsa
bafyreigxaxfs3tlenydgdgzoikj4rvgp4zfrwl4zmrxpjg3e3j66re22gq,2026-05-16T21:45:18.241Z,Democrats just want the (D).,N/A,did:plc:ih26i5cgh7y3u6qblbz22qyk
bafyreifv3wkdhlreorvflc2okpvtxtgvfix3f35ncrooliuwfcjnqowmbe,2026-05-16T21:45:15.832Z,💯,N/A,did:plc:kwy54oe333oadtgmrrg7bmsb
bafyreigf7aetbeoaenq6rf63nbj6gqdawq7wx5kb463vxacm6qak7snitu,2026-05-16T21:45:17.981Z,When Harry Met Tenebrea,N/A,did:plc:5gzii5oajs7vikzpkkluxeec
bafyreiclgxmxydermtwu6gm4dkzhtvapjjmuvcncoxgsmqtym4y2jzap3i,2026-05-16T21:45:04.488Z,hoy si 🫰🏻,N/A,did:plc:duodkvlnyfzplfurbbsxmvde
bafyreihzomi65drc7jpz5ggpnzw53sswyeaz7dzevgm26ow24jsvdeonri,2026-05-16T21:45:17.396Z,Це Ніна Хаґен із кліпу-каверу Зіманн,N/A,did:plc:escawzxnxctwopt7skwywskk
bafyreihkio6vezuh2hx3cpy3nwaaldqtmskf65ubsfmxqlkpmmil6gam2q,2026-05-16T21:45:07.95455600Z,mudanças,N/A,did:plc:yxxqnd2nkcvaqjpc7fdnkcjt
bafyreihhbm6vc7y7kcnwsu5v2ey3u24ytrvomjc7lp4lsbysyorv42mfrm,2026-05-16T21:45:18.112Z,"Opernlastig funktionierte letztes Jahr, also denken viele, dass es dieses Jahr auch funktioniert...",N/A,did:plc:bykl5i37briw25v55ipzdi22
bafyreidaxxm273o7s2vahnm77a6vasrni3fsyueu3m4vry4aopi5mg7vnm,2026-05-16T21:45:43.795Z,beautiful,N/A,did:web:jheya.anaproto.xyz
bafyreifhgltnky4nwtv2v25heajmanli4cftkvbveqbi5easu7z7lbtdgq,2026-05-16T21:45:17.474Z,Open eyes,N/A,did:plc:sa65ar756v4yhnco5che7mzy
bafyreidaggfz5rfamdjzehviw2ulihlv5oqr5qd67tfzcem4v2hfiwv3ly,2026-05-16T21:45:18.456Z,The opposite of lancer is subjective.,N/A,did:plc:j626i6qantj2c4ffojfppfi3
bafyreiddavbh5oskvocutcbkn6s5tj5g7njdal3dpxzswnkscl34auq67q,2026-05-16T21:45:15.456612Z,Exodus 26:31 - Holy design declares the wisdom of God #bigfootministries #kingjames #kjv #bible #cryptidboyz,N/A,did:plc:r4quxdsn44mwjosbto24ctqb
bafyreibcng2h3mragolruzjhovskv5rua3elc6oseyd4qmrjbbcynk5ojy,2026-05-16T21:45:17.438Z,Romania. Right?  Knew she looked familiar.,N/A,did:plc:6y34gmd2rkh3hainorfrmexx
bafyreid2pahllxgeocuzm2usejwxm7dotcwm4jqb5txhakfqtym75s6ggu,2026-05-16T21:45:16+00:00,"Três feridos graves em colisão entre carro e mota no IC1 em Alcácer do Sal – Portugal  https://www.europesays.com/pt/384188/   O Correio da Manhã oferece nos seus artigos um espaço de comentário, que considera essencial para reflexão,…",N/A,did:plc:lxpmp26fxtdcr4fxvhycenoh
bafyreida7yqhbcyrxlsahns3zjwzn23m3eolwh5kygihk7eumc4vnxs6c4,2026-05-16T21:45:17.955Z,"""Thou art not my normal type but, S.""",N/A,did:plc:fd65qipzyd4wrad3j3ig4ftn
bafyreibkchgshp33wr3wij74q4szdliqn633iqs56j45uk6u4hhxrszvma,2026-05-16T21:45:18.151Z,"Der alte Professor nannte das ""peinsam"". Er meinte die Moderation von 2026 Song Contest. #ESC #ESC2026 #Eurovision",N/A,did:plc:dx25eryz76cwhwleqoouhec7
bafyreibxnacugjutmz23xjc2lfbgphybts3ojafbvlcdrpbk6uhas7mzyi,2026-05-16T21:45:18.818Z,TYYY I do love my shiny little goober too much,N/A,did:plc:bbjg47rcrzgvdzml3jquyqde
bafyreibjtw6xkpe3ucddqyhxlrcimjqorheyozdkzearphvonyyzvvs2me,2026-05-16T21:45:18.356Z,#Madley,N/A,did:plc:ylwhq3xb77n55f45ukqc6the
bafyreifjnk4wut2si7ad7dv3vp3dtqlsb4j3px3bjcchfk7i3jnrdo6wzu,2026-05-16T21:45:17.114Z,The voices won I'm sorry,N/A,did:plc:brlhj6an37d7wnmx2j5x57df
bafyreidolu3xnl5gudbly7473yyzsqxsagpjamuzk3zzsgoyvnbbdnq7uy,2026-05-16T21:45:17.314Z,We're not happy till you're not happy.,N/A,did:plc:iyfq4oby6umu3477quayytoa
bafyreihqkg6vzjfaaruk5v52kvdkec7nztcqa4xqvrs3uj6uczoa4mpkl4,2026-05-16T21:45:18.330Z,All the joy 🙌,N/A,did:plc:vzohingqeocxsry4ikswwdb6
bafyreigjv5z5jf4bureoyktd5vwd4jotxhttbccgc5s5ry5k5g44p3xfie,2026-05-16T21:45:13.716Z,pode n é contra rp,N/A,did:plc:ysmhb2pxqpm53gjtkowcaq73
bafyreia6hfst2qau6ovopgzggt4amypn6osont3l4erzvlsocbaoph75tq,2026-05-16T21:45:18.360621+00:00,"#MFR issues Area Forecast Discussion (AFD) at May 16, 2:45 PM PDT Link",N/A,did:plc:gsdlk2kgkxbysq7oy6eq7rmw
bafyreidsqmtoip5gok2e3sztfgveled5ilifxnlanssmtte66jy2o7heju,2026-05-16T21:45:16+00:00,Avarija A6 kelyje – skubėjo visos tarnybos  https://www.europesays.com/lt/179735/  Kelyje A6 automobilio nesuvaldęs vairuotojas nuvažiavo nuo kelio. Dėl sužalojimų vyras išgabentas į gydymo įstaigą. „A6 Kaunas –…,N/A,did:plc:vp3jzqqaa4nk3kurftsp7hlb
bafyreicwcmn3wpjhhwy6njsi4k7wmqm3a7pqclzubwdsi4xlmxdj4f7yzu,2026-05-16T23:45:16+02:00,"[ #MOGPF7229 ] #nsfw #gay #porn #gayporn #gaysex #hot #horny #naked #nude #man #sex #cock #bigcock #dick #bigdick #ass #cum #pornaddict 🥵 Like, repost and follow for more 🔍 If you know who he is, please reply You prefer live gay porn? 👉 https://gaypr0n.link/mogpf-cba",N/A,did:plc:i7pvx2wxny5mtuahvx5gdkzj
bafyreiffebqodlpxfjr6wmkk2scjkcnncrayyrcxfn4f6d2x2nx3zhl5jm,2026-05-16T21:45:18.320Z,Tb achei q fica abrindo…,N/A,did:plc:nf672yfh6idbvq4ei6xdx3qe
bafyreigprf7qpnqbbq5i377g7fdqwe5hlrdi4uqfbmpemrodytb4p4voji,2026-05-16T21:45:17.951Z,"You’re saying that working with Republicans to help DHS & ICE arrest even more Dem voters, or friends, neighbors, and families of their voters, is their only responsibility? Yeah, I see that and it’s disgusting",N/A,did:plc:ilsfvckez3ojr7iykkiwsm2e
bafyreicjszt5kxsd2zxqq4eudb7gv76bjpa4fil5l4e73vxewfauxlckr4,2026-05-16T21:44:11.422Z,If I collected records at all I’d be all over this,N/A,did:plc:6xo4fvxhlov52bmjgit7wkgv
bafyreibq6fcljfzfqwt2e6jwxnwyygthyx4fdfbjixgecgf3quv34hvyk4,2026-05-16T21:45:17+00:00,"📍 Marybank, Isle of Lewis, Outer Hebrides, Scotland  🌡️ Temperature: 5.1°C 💧 Humidity: 95% 💨 Wind: 0 km/h ESE  #weather  🌐 https://mm0zif.radio",N/A,did:plc:4wym4pqb45akm72ch4tx5ckb
bafyreifajlcz2euieklb2ymyvpmdmddhdidraoccortjhzfivfztsjy3zy,2026-05-16T21:45:16.895Z,WE LIVE! TAP IN!  http://twitch.tv/jason_society,N/A,did:plc:odysu5pkyfyza3j2ghfjwibk
bafyreiem2xtv6mtjqujirmqdijnjrsyosvijb7julek53xcisel7v33a5q,2026-05-16T21:45:18.871Z,I 100% believe that.,N/A,did:plc:f73wmiz7wj6knpyiqqaubd4d
bafyreicxq7obf7cxv6zxjyirso6mwu7pb4din6om3wzpkcovpiw7qz37bu,2026-05-16T21:45:18.364841+00:00,"#SEW issues Area Forecast Discussion (AFD) at May 16, 2:45 PM PDT Link",N/A,did:plc:iievcbjdtayvn67km3uhetyg
bafyreibn2j2besrigrskrremj4muhbhwgsbclkd4nfnvdby4j653lfgxaa,2026-05-16T21:45:18.415Z,Beautiful body and cock!,N/A,did:plc:msuju3ocgq3ythz746kvmwus
bafyreidzmzglsur3rqce6ahkvahv4kqqv4v35bmwxpxccfmeq65t76hfbe,2026-05-16T21:45:15.217Z,"Yes, and for SCOTUS.",N/A,did:plc:oxritdeqyg3suo3nj4u5rb6o
bafyreiaxgvmp6r2omeihvj4hvlxzir2zepfmwwh2uubhpceniizdp5wa7u,2026-05-16T21:45:08.31216200Z,Here we are! Azys Lla! You need only face the horrors that lurk within before my very eyes to milk sheep.,N/A,did:plc:umutak5plvgvsuseyuotf75o
bafyreig3dzmapo2pemqdp6hskpfymtuyyx55f4hatgkj2b7u7nnka6giim,2026-05-16T21:45:17+00:00,Protests across the South demand action on sewage pollution  https://www.europesays.com/britain/38789/  Water companies across the region said they welcomed the rights of the protesters to express their views. They…,N/A,did:plc:47ukz5svch7g2jmqu674y7b5
bafyreifzhr2yqrtzfktrtllcmndauii5hae5uj6wcolszleoh3lwxinzi4,2026-05-16T21:45:18.451Z,Please,N/A,did:plc:p6y5uwmqeirleai4vc5f4joy
bafyreiakbpeoxsupf5ds3uk6uirenrxjvlbpktwjf426xu5hbbsv6z4a24,2026-05-16T21:45:18.736Z,"It's not incorrect, what I've told you is 100% true.  No religion to practiced today has unrevised practices that are in play older than about 200BCE.  Certain texts are older.  The Rig Veda has portions that might contain aspects of traditions which could date to á early as 1500 BCE, but they",N/A,did:plc:gn4cgxzfn52v3axk2o6hbvz4
bafyreih4gvtepg32c24sfc7trdhcxagio5oe34qjulxto5maji73e5l7n4,2026-05-16T21:45:12.161Z,代々木ぷ〜に〜ず 5/17 クイズ 革と皮の違いは、加工したか、加工前か、ですが、その加工とは？ ①染皮 ② 鞣し ③ 剥皮 ☎️ 07015990789 🖥️ poonys.tokyo #代々木 #ぽっちゃり#革製品,N/A,did:plc:nmm2svjf7kukta6zrbvcvd7u
bafyreid2yznlrk574ivg76sjlsnv3g2ppgclopefn3t6hzk4elbenpo6qm,2026-05-16T21:45:18.837Z,They are.  >,N/A,did:plc:rxxdg3wxqjsf6y4mjutwo76z
bafyreifbg2itddmoq2gojlv66a44akpwkzkvffcax7hejw5jijdgpnxpeq,2026-05-16T21:45:14.92105700Z,💋 Moi je joue à joue contre joue! ,N/A,did:plc:7vy42ldzvgfejraso3i22a65
bafyreia42hvjzbxsdxvl7cyqiccxbeatp6lbsptbtpsc43drnk5ximi3g4,2026-05-16T21:45:16+00:00,– Fryktløse og heavy metal  https://www.europesays.com/no/239833/  Mohamed Salahs uvanlige melding tolkes som et tydelig signal om problemer i Liverpools garderobe. Foto: PETER POWELL /…,N/A,did:plc:7j7mitnqv6nrtjjqc7g4fnop
bafyreihyqpzw2c46eaf4mmqdjefdvtkohmcbpypql4c6rvoraoub22lyyu,2026-05-16T21:45:18.961Z,i fear i popped off with my ROQ campaign dilf ... might be my favorite design since sylvain. ooooh soren,N/A,did:plc:ji36rxdv5654dqtv7a32bl6b
bafyreia4q4jsevs7v64vveskdu7iurhht5tllw4yw76hfeccydxtpr3loy,2026-05-16T21:45:04.498Z,Huh huh...,N/A,did:plc:nu3yduvoxjiuuaergt4iebnm
bafyreifvnlfkc54jnqh3dik4idj6l5n6g32hz56v7egrrausarsc5fnyle,2026-05-16T21:45:15.607Z,"Being a simp isn’t embarrassing if you’re good at it. 💸   Loyalty, attention, consistency? Rare qualities these days.  #simp #finsub #degrade #humiliation #findom #walletdrain #humanatm",N/A,did:plc:z3z2shmhlwtime7p4w56buav
bafyreierptag7es3xqn6z6vva56xxbabqquq6sdcjvshxueqe5vxedzizy,2026-05-16T21:45:19.089Z,めちゃ好き😭😭😭,N/A,did:plc:e3e2aevpctroxmxi6glo6yzu
bafyreido2syws6bmr772q65o67wpeft6znwea7zchyrpwpdrpwvcf5q4lm,2026-05-16T21:45:17.853Z,"Bonny walked in with another man, ordered a drink and then left.   Man's a mess indeed.",N/A,did:plc:ou65jnb72j7eh3eqizfl3biw
bafyreifullqpb32piyruhyehxfqaw4tgarbiq5ltu3pq4drxzqhlysmj44,2026-05-16T21:45:18.926Z,we must go pee,N/A,did:plc:722yypr6qqubajb5s5mbols5
bafyreifegttkqki57l4cde5b5ypi43ofcz74getdlpxykh4xwoxmgr76pe,2026-05-16T21:45:18.513Z,Новые игрушки немножко помогают,N/A,did:plc:bbz4u67r7k4pyeockya5wbv4
bafyreicb4gsii2yihef5gfsakt4rvnaxphpdnv3766mojxa435vqry7464,2026-05-16T21:45:19.068Z,do u want to add music only rule is i guess no metallica cuz they seem dmca happy,N/A,did:plc:3rwz3xfw2crswgifqgc3g7zh
bafyreidefth5z5bdibvftlqtlkss4khenrasvsam7yduuqsmjay3ylgyla,2026-05-16T21:45:17+00:00,"CONASADH calls on African Commission to investigate Moroccan war crimes and release Sahrawi political prisoners  https://www.europesays.com/africa/238441/  Banjul (The Gambia), May 16, 2026 (SPS) – The Sahrawi National Commission for Human Rights (CONASADH) has participated…",N/A,did:plc:v3lkb3m4lu6nzv6npkah6umc
bafyreigwsgb2fzi56laoqnjlxx236cuc3hxexhfj77cayiafkffpdhygbi,2026-05-16T21:45:18Z,http://dlvr.it/TSZTgc,N/A,did:plc:xhtpoii7arhytf3ughqla5ef
bafyreic4upc6dx6s2jsbawd5echacq7b2mmml7ki3ucoot4mjlbzh4sd74,2026-05-16T21:45:18.878Z,Tror hon köpte det tbh,N/A,did:plc:vtjx5gud26swnwdidocriamc
bafyreief3czy5khox5ahd3hktlq7fpw235me374keyvbqxa72rznrae6aa,2026-05-16T21:45:16.891Z,"I'd have to be a fool to turn down an offer like that. And, well...",N/A,did:plc:4os6sifjm3gvy56bjwfwbffx
bafyreiccyuo5qc2asqlx7q3qb5njamietfm6mmnupcjtfkdlz45djbbrrq,2026-05-16T21:45:19.892Z,"Doing better than earlier this week, but even on my antidepressants I'm just really brittle and it's really inordinately easy to spiral down and just get upset about a lot of things and just get invaded by this sense of underperforming and not being ready to do, like, anything.",N/A,did:plc:6of3ff45ulayivgpdbdpk64r
bafyreigndg3k5i6wgqdgvgwutonp72iaptninohzlggvl6xhzcjwqib27e,2026-05-16T21:45:52.719Z,"Domenico Fetti, Jacob’s Dream, c. 1619. oil on wood, 60.5 x 44.5 cm. (Kunsthistorisches Museum, Vienna)",N/A,did:plc:xkjqfvtcfakukddedpzrefm2
bafyreihtmzotmap4p7rekjim5eyghats36emptrkirhlbn67neybigut34,2026-05-16T21:45:19.364749+00:00,🔥 話題のグッズ！  遊☆戯☆王デュエルモンスターズ 城之内克也 フィギュア  アニメ『遊☆戯☆王デュエルモンスターズ』より、城之内克也を加々美高浩氏描き下ろしイラストをもとにフィギュア化！数多くの「…  📌 GoodsFlash 固定ポストをチェック！  #フィギュア #アニメグッズ #新発売,N/A,did:plc:slxpjqnizj4m2k6egvigodct
bafyreid3sl6r5zneiwcmq62yhgmyjeiiws2ci3zjg2ejfytnuubq7ncu3i,2026-05-16T21:45:17+00:00,FIFA says held positive talks with Iran ahead of World Cup  https://www.europesays.com/iran/117159/  FIFA Secretary-General Mattias Grafstrom held a constructive and positive meeting with Iran‘s FA (FFIRI) President Mehdi Taj on…,N/A,did:plc:wiuqiruv62xilr6p43bdyep5
bafyreif7hdwwcpcvicqngeotsg4nytrzngxx3z2pbeskyhi64x72vy446a,2026-05-16T21:45:18.642Z,volto a dizer: ainda bem que a Mônica tem os gays inteligentes do lado dela 🙏,N/A,did:plc:53qbhig4s3bhli7crm4jybxj
bafyreib7vzhwvxb77ekc5oofqlwfjjzy2a7exetiwcgphqsh3np4j3l5m4,2026-05-16T21:45:18.434Z,191 açılmayan mesaj yuh,N/A,did:plc:eshccvp2mc35d5xo2427ajvu
bafyreic2ag2ku2eh7nyyi5wq5ntlu7fbmr4jjdocxxjkv67xawvatankly,2026-05-16T21:45:19.967Z,They confirmed they cannot be trusted any longer!,N/A,did:plc:lcmldjnm7uzanha77vxpmwui
bafyreiblp32map5jrkly7bnq7464nlf55eosadl64ht5irb2444bsswaz4,2026-05-16T21:45:17.857Z,😂😂😂🤣🤣🤣,N/A,did:plc:2fddkdb33eqn36yielfl24q4
bafyreiafxcw3thaobolwc2x2suwqpcoh2mey7sfvqtfh767cprsousl2yu,2026-05-16T21:45:17+00:00,"Pirmā PČ sensācija – slovēņi pagarinājumā pārspēj Čehiju – Hokejs – Sportacentrs.com  https://www.europesays.com/lv/203851/  Slovēņi veiksmīgi aizsāka spēli – izturēja mazākumu, tika pie vairākuma un atklāja rezultātu. Somijas specīgākās līgas kluba “Ilves”…",N/A,did:plc:5ipdiut7pyi7dqltm5ccrmb3
bafyreibn2saxo5yzgblv6po3c6qhvrr7jeh5gnlbehvwxbky6a5kslpuvi,2026-05-16T21:45:18.929Z,the cutest girl out tonight,N/A,did:plc:bgqz77hjxzm3bxnqn3six4o3
bafyreifl7anvikkvqtfw6fsqr4f26zn4biuv7llji3vrls34qgkpwipop4,2026-05-16T21:45:22.115Z,"No, I don't see a difference between having no access to healthcare and no access to healthcare based on bigotry. Good talk.",N/A,did:plc:vy3i7app5xdokj67bobtzqfu
bafyreidijlsy3mc4vfdqmq6t72hunqdrm5j3vono3s6uqxqmjtknj546qa,2026-05-16T21:45:19.562Z,Je suis lassée..je me demande 1 peu à quoi ça sert..pourquoi ..et comment faire avec ça au fond qui vrille mes tripes ..vous faites comment quand ça va mal vous?,N/A,did:plc:52z5evbel7fypvrp52kpmao5
bafyreie3emjnoonwwm7xtugralhyaipfrffligl45obotvu7go442ddxfu,2026-05-16T21:45:19.212Z,Follow the Yellow Brick Road to the Wizard of Oz Slawit Scarecrow Fest #LocalToOssett #westyorkshire,N/A,did:plc:vufy6epjnyxavxrzltkhspoe
bafyreibwmop25coakdbeeap627n2mimvff2ep2horonxyao5h6gomkk7ri,2012-06-01T00:00:00.000000Z,"Vêtements professionnels: quelles pratiques d’approvisionnement?  """"  https://www.publiceye.ch/fr/publications/detail/vetements-professionnels-quelles-pratiques-dapprovisionnement",N/A,did:plc:lb7v3uq23wmm5spv2a27kehv
bafyreia7pdybu4663els4o33ajuvudxxj6n4ghacufpedok3gpcjoajv4a,2026-05-16T21:45:18+00:00,"com’è sopravvissuto Darth Maul dopo essere stato tagliato in due?  https://www.europesays.com/it/493909/  Pensavamo fosse morto quando Obi-Wan Kenobi l’ha tagliato a metà, e invece Darth Maul è tornato, diventando uno…",N/A,did:plc:ht6nj7wvu3y7ysrlwyc2iy5m
bafyreid3fr6hag2jydptjqn7c5x4u7avfmy5rahbvqwpeh5w2rwzaabsnm,2026-05-16T21:45:19.228Z,"Metagame means game outside the game! It does not mean ""tier list"" or ""optimal strategy"" it means making decisions based on knowledge of what your competitors are doing in order to get a competitive edge!",N/A,did:plc:orhdxs5f5o73rqkzthiaxflo
bafyreicky4i5ncigdnlqg6ghk77i6noauzzyycogo7eeznydbrwy6v45je,2026-05-16T21:45:19.229Z,"No decision that I make in STS can effect my another person's run, and vice versa. I can learn more about the game and change my strategy to perform better, but those strategic decisions take place *within* the game. Not outside!!",N/A,did:plc:orhdxs5f5o73rqkzthiaxflo
bafyreid5w57fuv7wg6kqzheaftm7mhifdv462kdzlvsbpkv3pbdf6tkyjq,2026-05-16T21:45:19.665Z,Fire in this guy?,N/A,did:plc:jn7u4tgke5wq5f73i57t6p4v
bafyreihlcdjwkx6fu3oxy2lsebio2uvya3ddsmaeysnquywllxue6e6kt4,2026-05-16T21:45:19.412Z,Let’s get roasted with mama,N/A,did:plc:rugggc2y2j2moavivna6sfwc
bafyreige35ak4t7t56am7o75hcddnpt7x4wijfjt5h5fyuyihr3kqaectm,2026-05-16T21:45:19.026Z,"Please say, ""Thanks, Donald""",N/A,did:plc:jaof6edi75hgohhrr65lmob7
bafyreigxwbowiovsmeaegssout3ot723pgwatfxgkikkzejao32vohjdbu,2026-05-16T21:45:19.045Z,It’s touching.   It’s also how my pooches greet me after a 20 minute trip to the corner store.,N/A,did:plc:p6klvhzozmnzolr76hx6ul7o
bafyreihsu6j5kyoe2yiovkbnxcyrrkibj6aqvpugcrvflhazrbrffnbonu,2026-05-16T21:45:19.507Z,тепер полячка з греком,N/A,did:plc:tynkjew6eqn433twvlehegm7
bafyreiefehhymlsumwdkv35aiua3fhmtxs5cstwaraecudh6ahqjwclhvq,2026-05-16T21:45:19Z,The club haven’t held back and an investigation is underway 😳,N/A,did:plc:y444mbop4z6mycdapwowcnvo
bafyreibevolrsumy6x5ug3ysj7ra3req7ycq5hepuybv6hn3vkkmpd77sa,2026-05-16T21:45:19.606Z,"Slås och förundras varje gång jag är på Emporia att det är så pass många människor som hellre är där, än i skogen och njuter av alla insekter, blommor och sjungande fåglar. Kommer aldrig förstå det.",N/A,did:plc:qxm7leurji5zmuw6wmo6lefw
bafyreica54h6olmzegbfvjku22nuannrvz52i2g7ulqdowes4gku2vggfe,2026-05-16T21:45:19.585Z,el primero me flipó pero este me está estrujando por dentro 😭,N/A,did:plc:zltatwaebvvgowzufvrcuube
bafyreicuabezv2casif5ecxyyo3dldeqghsdwrmyue4lhekh6z6wg4i7ua,2026-05-16T21:45:19.409Z,"I will gladly take on your load, Jake",N/A,did:plc:p73okkangvypvxfn43fpkxez
bafyreieucmadmhv6zgew65y636lpy2t5kte2es4a2aknd4duw46skghsse,2026-05-16T21:45:17.751Z,起きなきゃ😵‍💫,N/A,did:plc:pxe7c67kc66xmmfm3khge53j
bafyreidjyqgratcmd2xrxupe5nq44fvozouqujnftpjjyplpbbw5vz66va,2026-05-16T21:45:21.117Z,"Ok, but also, lmao Miz.",N/A,did:plc:tzchbn6ovfchqiycacyjny7h
bafyreibr53ii3cmh44l2mjquyhax7teu3jeaq6c3wmeb2o2k5bmbpnch7u,2026-05-16T21:45:19.011Z,"This is what happens when Integrity is for sale. #PutinsPuppet only ""success"" is in destroying America for Putin.  Look at our economy after ONE year of Trump's greed.👉 93000 jobs LOST in April alone by trump.👈",N/A,did:plc:njzaonlnq25udy3jikrqexfx
bafyreiawqfzeprvcninwft7diuavuzy42n7gfs26ptgqk6jxdnj6xr3xjy,2026-05-16T21:45:17+00:00,"CAN U17 – Afrique du Sud vs Algérie : heure, chaîne et où regarder le match  https://www.europesays.com/afrique/104681/  L’Afrique du Sud affronte l’Algérie ce dimanche 17 mai 2026 à 16 h 00 GMT, pour le compte…",N/A,did:plc:bborek56dnu5ggcxayyhomss
bafyreia5gzoojmlawuhxolgc5cmioukp7dasqfcnflje7bpl2gnjhurwdu,2026-05-16T21:45:20.394Z,ごきげんようなのじゃ@ cﾒ*˶º ᴗº˵ﾘ♬.*ﾟ,N/A,did:plc:wlnevv3z7p3pyjqjhnbvaa4l
bafyreig7cmlj2d7celb5vweoq5oaobloge3xzwssdc6ewybzddmwrx7km4,2026-05-16T21:45:19.879Z,"I think it might be Montreal's year, my daughters the Ottawa ""need to get pucks to the net"" Charge look kinda fatigued",N/A,did:plc:2si3soj5w3vadgb4w7giu4oi
bafyreify2bx5im53pe5mqcvq76z57bwmhfq6rekhmmbiiyf2orvput7z2u,2026-05-16T21:45:19.879Z,ทุกอย่างมันเร็วไปหมด,N/A,did:plc:4clwbba2tpvrjpwjchjoodmi
bafyreibczznjsvld4h2ikvdknz33scr6mb3zxh2y6v5task23id3ymzjay,2026-05-16T21:45:18+00:00,Graham Norton ‘absolutely destroys’ Eurovision host with savage jab  https://www.europesays.com/europe/44719/  BBC commentator Graham Norton took aim at Eurovision 2026 hosts Victoria Swarovski and Michael OstrowskiAaliyah Rugg Under 35s…,N/A,did:plc:dmpirdk6dcab4uobpav2ffz7
bafyreihi2gdut44pfdy3yptwdjxakh7k3qel2pdpgd5bukkuaait3vw6eu,2026-05-16T21:45:21.211Z,Poor quality control.  Musk insists on ignoring lessons the industry has accumulated over decades.,N/A,did:plc:efd7yehey5mlgrvae7isaopd
bafyreigfyx42nzx2tk4qbug32625c5gbswtdhuqcgnpsvq25ht3oeygyu4,2026-05-16T21:45:19.859Z,50 points to you 🤣 both for reading it and a great answer.,N/A,did:plc:u44lqbsnldrxxztfyoqvlnlz
bafyreidm5tvzie3vuwzmdnwpwalijs5ca7ubgshkg7ewi56w6sklqlpahq,2026-05-16T21:45:20.142Z,Bruh,N/A,did:plc:lii52mng4i7ssazek22vqq7f
bafyreidddwir7bsxxujpaw7ixolvokpwz4nurb5i7lhl62wv6p65uyyjeq,2026-05-16T21:45:20.583Z,Same with software,N/A,did:plc:fy2kgjg2tbwubrrlq3omuckm
bafyreic5cxhs55zw4yo73we5ss4skovf24q74s4moq2ioysce3ade4vvg4,2026-05-16T21:45:20.430Z,My top 5 #eurovision picks #Denmark #Greece #Bulgaria #Moldova #Finland (well done UK too),N/A,did:plc:cnxgbu5rib3o5252lv5flkdd
bafyreibo33p3tm26bn4p5aoffimdhuvdcphspga6bc7oliife4zfxqeg6u,2026-05-16T21:45:19.820Z,"Gibt es in Wien nur Frauen mit Schlauchbootlippen? Die sehen alle aus! 😳 Ich dachte, wir hätten dieses Körperideal inzwischen inzwischen hinter uns.",N/A,did:plc:3eskqinbmmi2n5i5azhuod2t
bafyreibd55ialmzwvnencizqj4wkn6qpdjmmwt2zypt34b6wlcu4uvxso4,2026-05-16T21:45:20.360Z,Minha frustração aleatória do sábado é não saber cantar coreano nas músicas do blackpink,N/A,did:plc:nwtoxc7747lw352tkegc2rm4
bafyreidzcbnydd63kuta5r2imw7btw3ejvifne7hauoajlam63eitmapg4,2026-05-16T21:45:20.279Z,“Reining in Israel” you can’t even say “genocide”.   Absolute trash person.,N/A,did:plc:zkoedz4it454knnjbdpuh4xd
bafyreiek7cjwk2y4xtzhlg2sasp46o7iuinprhoey6jxobjspn2szvnw2e,2026-05-16T21:45:20.279Z,Ooh that’s so fun! I love that idea.,N/A,did:plc:jcqitparcrmw6aepnpkrbzxm
bafyreifjmaisaprt3omb6yzul4bytvtjilzkrje54xijayuvsxwg4hx5va,2026-05-16T21:45:20.218Z,You don’t say?!,N/A,did:plc:x7sjpwlj26cax4xfgl7zhjcq
bafyreihbnfympiqr64ifc33pwjui6w7dm6nfnxgkrboyp6t5jtedjkrhsy,2026-05-16T21:45:19.826Z,An anthology…,N/A,did:plc:36ggknkjyniuidfsfru3hqls
bafyreifnkad7ij4odaoqcgbpevynxfwravdi5qv3pu6ihdmt5tu3qitn34,2026-05-16T21:45:22.232Z,Check out @milo.bookhive.social's reading profile on BookHive! bookhive.buzz/profile/milo...,N/A,did:plc:jfersscjmut66kwgcgtqmeor
bafyreibmmxjuh6yekcpweyprk7mmhc3q5j5opogwrkkmtakz6nag7nlb64,2026-05-16T21:45:17.871Z,As locked down as the Chinese press you absolutely xi is fully behind all this.,N/A,did:plc:tl5vjkjihsz57cslkbvmirod
bafyreiekoxpf2ewwd5qt7jqopo3kxoxax5pby7f2vqmvytsnhj3pshji3u,2026-05-16T21:45:19.998Z,das hab ich genau so auch gesagt haha vor allem der maltese,N/A,did:plc:2si3nippriaaq56dycttvan3
bafyreihhnceusbbzvjhxb46al7ktfpapjgqmykctfokrbcvjzhteyttew4,2026-05-16T21:45:18.086Z,Un povero futuro😠,N/A,did:plc:ebm2nuzmcrm42uoco2iypcxv
bafyreidf2klvg6cjhlrhd2kmalpp23bgl5qn64ucm7h33cutmpncoxhn7i,2026-05-16T21:45:20.589Z,"Good Omens God Bless You, Mr. Rosewater The Grapes of Wrath",N/A,did:plc:yiqi2dtsopw3zc2oj5rvql6x
bafyreie444rgboofq76gey5zfhwoadfs7d4t4r43lyqk6x3cjuhn6wsrgy,2026-05-16T21:45:21.012Z,村のおうちで、なんかこういうちょっと不揃いな椅子に騎士さんと陛下が座ってニコニコしてたらいいなぁと思いました☺✨️,N/A,did:plc:5jfbaeydwo6olqhz3x42vtn2
bafyreihxowoliqux7qrjnrxy2kticzscvt6asybwf34iyrqbfjl2flgmpy,2026-05-16T21:45:15.012Z,our son!,N/A,did:plc:fwxyapspjmdgzgsvokjrt6nz
bafyreiczfwrm3px52ww63zkzgstlxgd2qfdawdkccdqwl5dr7xtstyqbou,2026-05-16T21:45:20.624Z,時報 2026/5/17 6:45:20,N/A,did:plc:k43hwsveegzf2z4lv5fkalil
bafyreigujdjycqjnfoxshxbvrylek6ubhtjlhr3finsmmzahqwlrcnfkvm,2026-05-16T21:45:19.148Z,Finished playing heavy rain and I love this guy,N/A,did:plc:5guljcglmv767vzvs5gg543r
bafyreic2yzdg5w4wybjjgvevuja5pdipatgd7bxe3qehk53ysk2blpuica,2026-05-16T21:45:20Z,http://dlvr.it/TSZTff,N/A,did:plc:xhtpoii7arhytf3ughqla5ef
bafyreiffdzilojckeidnfmobjboozwggkoecmjsydt3rwlbd6io7ratrie,2026-05-16T21:45:16.780Z,Boooo.,N/A,did:plc:her7oxalzsjfobsnswhvuvah
bafyreihdj6lxmala7kqbhil36645dd7pnwiqzyrulfosyu4g4es2ymwtry,2026-05-16T21:45:18.939Z,youtube.com/shorts/o0WNm...,N/A,did:plc:6ilgjj3fwvnw3dmoi3um2pwo
bafyreidymsvgmfbxctxi67e4v5xbfmubbdd6uj2pa6n5lt5j4ulgotnm4i,2026-05-16T21:45:22.714Z,hmph......,N/A,did:plc:3qp4o5msht6kfs45qauop2or
bafyreigsku4yv7x766alln5qn5az6ayh2y7np2g45mkri5wnjhauejh6xm,2026-05-16T21:45:17.900Z,sério quem é que diz que esse desgraçado tem 40 anos e essa foto é de HOJE,N/A,did:plc:2veqjd2so2aixr7ssdt44zix
bafyreiaeyutp2y2kykqtvgyigtoyctdzw2x4bsfmnqp3om2gwm6qof7zxy,2026-05-16T21:45:18.450Z,Any other producer furries  pick up this free classical guitar Vst lol,N/A,did:plc:qsvqmig3eq7onvbvn6jeoqej
bafyreifusxflvxbfiyufakl2i4fth3tknwvgakhfxhwtvsdf6tp3wpsihu,2026-05-16T21:45:21.618Z,"""i hope that is the end, but i fear it may not be"" is something i am ALWAYS saying when im getting transformed",N/A,did:plc:5ylwqkx7tb6u3mslwi5qmspr
bafyreigxf76xhinkuxsovra3jwjtkhcmejmlgb6u4oolwfol2u4cracqdq,2026-05-16T21:45:20.933129+00:00,#horrorwriter #amwriting #writingcommunity #indieauthor #indieauthors inventingrealityediting.com/2...,N/A,did:plc:qboml6pqgrceeoykk57n52jp
bafyreifkhwqlbf7yzr5fing64g2vr6mx7dt74ruzi4welfnok3q5wj6alu,2026-05-16T21:45:20.522Z,One more reason not to step foot in the US For any reason.,N/A,did:plc:5amgldjhwzn3ns7bvtxobdhk
bafyreibhakzoyxdouh6beiyvygzkxbltkbbj6mrakx4yldqvb6ujjwxese,2026-05-16T21:45:15.228Z,Good morning.  World Hypertension Day.,N/A,did:plc:x3kf4fttiy34njla5dsbtcdk
bafyreifmh3rwerm7qpplzeqwsjaf6mvlh2ynqbhzoyinjnhztqpo43353q,2026-05-16T21:45:20.913Z,You don't become a billionaire by caring or having any empathy. You become a billionaire through extreme narcissism and sadism.  Literally 100% of billionaires.,N/A,did:plc:by7bdbi3fk4w7lw7ibhmyhsa
bafyreifuqx5jat5lu6vb3kxj43mcdcx2fn2wdmfocbscgqe2u27m6vvjqu,2026-05-16T21:45:20.857Z,Good luck with the rest of the shift! I’ve had shifts with no breaks before and they’re awful.,N/A,did:plc:jhswzrnu6w4vpal6miezuqby
bafyreig7heoprxug74emdyol7vtwxsbt7nuwujpfbhjoicd5svva33wauu,2026-05-16T21:45:20.025Z,Aww.. I'm so glad you found her 🩷,N/A,did:plc:uhby6bhy42jicghgb7hcysol
bafyreiegchfr5qe65n2mrhowfrsuhafhlgu35wbbhvp5nxexwveuxybr5a,2026-05-16T21:45:21.312Z,the image of bancholeomon resting his hand on metalgarurumons head like.. this is my best friend my partner. and the visual balance of biped and quadruped. i feelsick,N/A,did:plc:gw6sfxxxqkiym3l7csf63tkl
bafyreicdusoimmagn4dybgvon3yni7exiclzznvs32nb5a6ftz6ylt4fya,2026-05-16T21:45:20.167Z,Thank you Tricia. Appreciate all you do. 🫶🌸🙏🦋🤗🔥🌺🫶,N/A,did:plc:csx7ak6ykohv7bkmtzkbgxm6
bafyreigqsur73or2nylkbuxn3p37olg3pp3iwg7u6mvsb3mdu5o3tzi7sq,2026-05-16T21:45:20.435Z,we should go get eggs together,N/A,did:plc:34z7teenjp727apl5mdzzbjf
bafyreihyghhqjnjszcyr57lgpiyizkm6olrzlzl5jli6sio2tvqpovctxm,2026-05-16T21:45:19+00:00,"🚨 Tornado Watch issued May 16 at 4:40PM CDT until May 16 at 11:00PM CDT by NWS Kansas City/Pleasant Hill MO 🚨 Additional Details Here.",N/A,did:plc:eja6m6wch4a5ss5xnlhz6x5b
bafyreihjrv2zbqaqcsy3jtr4b7azqzwnkjmi4prlpfwl4kzzri3pqgdmt4,2026-05-16T21:45:19.960Z,"I watched it again this morning & it's still amazing. Everyone in it is perfect. I jokingly called it ""boy flavored INGRID GOES WEST"" but more sinister, creepy & invasive. I love how it explores parasocial relationships through social media, game, clout & the appearance of success.",N/A,did:plc:or3p2fcixdjghshom5lc7n4p
bafyreihdlovhplntc4voux52vyqemb7jg345popvujn2rlkhvshi3uhwnu,2026-05-16T21:45:20.720Z,😆,N/A,did:plc:uratzvvbuj52iq74h2iplivm
bafyreidhrjkuvp363yxq5s7dymkl6k4xy42b7kzrhio34o7ufp2vftlkwu,2026-05-16T21:45:20.658Z,Ich mochte ihn sehr gerne,N/A,did:plc:tw7mkld5r2hs44ewoha2xb5u
bafyreigkkfvtbji3c5473aqqodmkpbw3d2xvtjndveuzd6ekqjiyghor6i,2026-05-16T21:45:19Z,The White Lotus - S03E08 - Amor Fati  #TheWhiteLotus,N/A,did:plc:xolg2scdtdzkj4tqdxpw5mdi
bafyreidctvqzlbnkjyarptfncfhw4acjfplt4gd2upozgyigxq5mgofo6m,2026-05-16T21:45:17.260Z,"Mænd mister tilsyneladende deres Y-kromosom, når de bliver ældre. videnskab.dk/krop-sundhed... #46XY #Kromosomer #Y-Kromosom #MandeForskning #Konsekvens",N/A,did:plc:ffcoifm5iuehlqqgmdv4yd6r
bafyreib5nplwama2icieu2udj7nzywjoa67p37egedvurpopayajdj63qy,2026-05-16T21:45:20.697Z,"It’s Underwear Night at the local bar, which is funny because it’s also Underwear Night our place.    🤔",N/A,did:plc:vjjzwhnsllnppfxpzg457i2t
bafyreihpfmomjnzqkxzxtfhvpkx7e7cvdmzwz7fbad2mbxewfgnh434hjm,2026-05-16T21:45:20.749Z,起きてやるか…原稿……,N/A,did:plc:fikv6ynzjuh3n6dnfewvkmfw
bafyreiedo4xiodouioh34bu4xhtded56236tmgrg5lniiqdmayaldyilzi,2026-05-16T21:45:20.498Z,#NZMusicMonth #NZMM 31 days of jazz history. In the 1980s there were national jazz orchestras in 1985 the youth band was led by Matt Catingub (bassist and Mavis Rivers' son): paperspast.natlib.govt.nz/newspapers/C...,N/A,did:plc:m7nssrmmgwg2rp3aoerzr4gf
bafyreicviiuivbaystbaq4t35oxy4mj6rves4wnziqqiwkcs7w6fce5use,2026-05-16T21:45:21.237Z,Julian Nagelsmann: Zero Information.,N/A,did:plc:g2xw6nom2aas6fboghojxml5
bafyreig6rqpy2otyjpqg5mcubgojgvmwdy4qucxyodkdbh3xma7bty2xse,2026-05-16T21:45:22.306Z,Tortilla con mayonesa en cualquier pan  *Lanza bomba de humo*,N/A,did:plc:l6zd6w6cp3galvs5wpysf3km
bafyreiaqpqw5ymjb62xtgewc2itqp2xwxs2v3ywcpvc2w7zz2hp3k5h5ru,2026-05-16T21:45:20Z,2024 Panini Prizm Stephon Castle Red White Blue PSA 10: $230 👉 Sell to us collectingall.app 👈 #PaniniPrizm #StephonCastle #PSA10 #BasketballCards #SportsCollectibles,N/A,did:plc:5tyosqktoztcdzuvgiishtxi
bafyreifsav3eodwuo5iomlndp3law2wv35gpnuczxlibw267xcwinvfyoi,2026-05-16T21:45:20.794Z,🙏👍,N/A,did:plc:eb2qrqfn4rskpg32c6uzgfb4
bafyreibyo7mx3vp2zfryj2qpygq32u2wko32sksqyttp5hu55k34ut3k6q,2026-05-16T21:42:59.556Z,"When he moved to Michigan, I thought it was to run for office there. for Senate or the House   Rudy G. showed us how long being a mayor pays off. South Bend can't possibly grant NYC gravitas   Cabinet Secretary ain't winning an election  Right now Rick Perry is more qualified (and still stupider)",N/A,did:plc:zphjhrycuw76rbc7n77h5erq
bafyreidixq2r7bzezieqf6o576uyoxrkykzsnhqvzfixukodsd3mwgbhzu,2026-05-16T21:45:18.323Z,"I swear I saw this thing constantly in stores from like 1999-2003(ish) I think, but I never knew anyone that actually owned it.   I did have the PC version of Sonic & Knuckles by itself, though.  And Sonic CD, Sonic's Schoolhouse & Sonic R.  Fun times.",N/A,did:plc:rqzuqmzybdcke7zfl5nd32i7
bafyreieaucyyker6ajloxbp2s4devjxqiwzu4thn2dnngpsykbpdkgmjte,2026-05-16T21:45:22.103Z,United Fruit to Chiquita unfortunately.,N/A,did:plc:muszorqdtqpoxyuqmqc4dz7d
bafyreibktfdzbszzyjzun2lauref4ybpq2473qwiymikdamlmblcbcosem,2026-05-16T21:45:17.075Z,Birding today included reporting yet more Bird scooters obstructing Halifax sidewalks & observing a lifer who flew into my yard while I happened to be sitting outside enjoying the weather.,N/A,did:plc:fjksmqzmfhxqxazbehktiqom
bafyreigfyhaodh2qjnf5sow6fdfxyl2g5zeqgxjc3eni6lkpqb6z5ecp24,2026-05-16T21:45:21.346Z,Would.,N/A,did:plc:66ha7i7qipeic326q7tcfjd5
bafyreic7clkdgvsfajwvfswwe5snwnv76he7zqz5iw2ysz7wloimu26ogm,2026-05-16T21:45:21.611Z,Atenção  [Cracks knuckles]  Responder as mentions antes de ir no mercado,N/A,did:plc:dxbz3hv52nwyfz46c5esoo2l
bafyreifx6yeicaor2ndpqhgcrocih4u6ti2uw3y7uwuylzv4qbi6e5njd4,2026-05-16T21:45:21.190Z,I also woke up and felt gross in the middle of the night last night and that kept me up for several hours. Maybe I should also try a nap.,N/A,did:plc:syib7b5csyibfsyw6j654jfq
bafyreiafezlaabjhiwikjay7s3iwkhwzrokxsbsi33xmicxx5no4bqehsm,2026-05-16T21:45:20.946Z,I do graphic work outside porn since that's what i got a diploma in   always wanted to share that kind of stuff. Whenever im not doing something for this account i'm working on that im just reluctant on starting an account for something so niche n whatnot,N/A,did:plc:mri6apy2uiph7f7w53yu2opj
bafyreibahm7stmw3v6uic2p4orjqgp3gbsmf7f7xzq6lftj62uwrhjuz2q,2026-05-16T21:45:21.397Z,"All these years, I'd been laboring under the apparent illusion that Ireland was a part of Britain.   Or is the subtext here that ""British"" = ""English?""  If that's the case, then I'm tracking. Thanks.",N/A,did:plc:pqqfwymhkbsceblm5rjk24fx
bafyreiceuxvjvditeuenpsbmmhvzrxth2cmbxx6wd7qbs3l6tgqyirn45e,2026-05-16T21:45:21+00:00,"Fire Warning issued May 16 at 3:31PM MDT by NWS Albuquerque NM Additional Details Here.",N/A,did:plc:vxf52tcthbfthzfxxi4obo26
bafyreiaco3owycjo5t2ws4d2w6ouuiihoxvwcpf2ovy6cfcssci5nd4i4m,2026-05-16T21:45:05.210Z,lodge weekend run ✅,N/A,did:plc:2z7hgsxew2r5cxsx4vj3ojwp
bafyreiap6olqm3xdfcwrmqqavvybnxgdaq2mbaq6yhsfrh5psmif4wfduu,2026-05-16T21:45:17+00:00,『学マス』“The 2nd Period H.I.F選抜試験（セレクション）”リポート。『メクルメ』に感じる広の神秘性、『Wonder Scale』を歌う千奈を応援したくなる気持ちなど──作中の描写に“説得力”を持たせる3DCGライブに  https://www.magmoe.com/2974899/entertainment-news/2026-05-16/  　2026年5月16日、5月17日に千葉県・幕張メッセイベントホールにて、『学園アイドルマスター』（以下、『学マス』）のライブイベント“学園アイドルマスター The 2nd Period H.I.F選抜試験（セレクション …,N/A,did:plc:cazef5u2rbzqfpzhqve5wshg
bafyreicwskwudujigyv5kv6eyzkjcuncuqd3gz2nqg6kgwkxosbjyh3hjy,2026-05-16T21:45:21.369Z,Same needs to happen to Pollis in CO too.,N/A,did:plc:f4rjexjtnxubk6zkzslbrzxa
bafyreicliq2g6ufqepdnbtr66xxjqwfkslw3dlwfwgeixbuazxxu3hw6k4,2026-05-16T21:45:21.388Z,If there is an option for me to sub noodles for rice.... I will always do so,N/A,did:plc:hdgcfurserw5mcmdcwv7lx6o
bafyreia67tk64t6y254xn5frmxuv3eu6qhwtnvz2rbr2chbryj432xglxi,2013-01-01T00:00:00.000000Z,"Le trou noir  ""Les droits humains dans l’accord de libre-échange entre la Suisse et la Chine""  https://www.publiceye.ch/fr/publications/detail/le-trou-noir",N/A,did:plc:lb7v3uq23wmm5spv2a27kehv
bafyreihwfmx6lqi4sekqdqnfiqc5vrfzhx4tnrpcxgup6zvaubkwucebze,2026-05-16T21:45:21.796Z,"the vaporwave people are shit and the ones that do vocals over their music sound like someone vomiting into a bag filled with shit , like why not just listen to real music if you’re a real person",N/A,did:plc:jf6hsfrvgupo2ckwoesjrw5g
bafyreietmawzyqq2qa6c6hlzfthcet525vj3kahjvifr6y7gftstfu4ay4,2026-05-16T21:45:22.220Z,*my eyes glow red* don't make me use my technique!!!!,N/A,did:plc:ehq7gjprnh5iplgzc3zflflq
bafyreibfbwimcnthz6po2zglec44fp4ruxz6ktfscbcnndmkkoffbvzrw4,2026-05-16T21:45:21.307Z,my blankets are so tangled together from the laundry im just holding them against me because i gave up trying to get them out of each other for now . free heating pad,N/A,did:plc:neq2o4mrwy4jsmo5r53iszy2
bafyreicjpgt5inbmgnak44rfa2wbim4lpwuky76kor33hyrgsghibjef4m,2026-05-16T21:45:21.492Z,Like zero chance he pays $200. Jail is for poor people,N/A,did:plc:ddm343e34hdf24vlcamhrb7g
bafyreieypwl522sv33jz7arjvzmll4335q4wu3n6gsiqmwkdltyksxztja,2026-05-16T21:45:23.195Z,NEW PLAN,N/A,did:plc:zhxfdnr2hsz3kkoeigfspilm
bafyreiccaohaimitij4c27bxjoxkgvncrq2o7vfcnyfng5vmnht3i4pspi,2026-05-16T21:45:17.700Z,Good Afternoon 😉,N/A,did:plc:gw5tztwnwgdvgtgh5uwscyya
bafyreihbubpwa5pftdqdr6qeyholsoolxrpekarwomsajbdph7epgepeci,2026-05-16T21:45:20+00:00,"UK and France extend ‘one in, one out’ small boats pilot scheme until October | Immigration and asylum  https://www.europesays.com/britain/38787/  The Home Office is extending a controversial scheme to stop asylum seekers crossing the Channel in small boats,…",N/A,did:plc:47ukz5svch7g2jmqu674y7b5
bafyreid3x36kkcukkcwtyvgp37moobfq4h3exkmjatttbmjsmco6gcuzqm,2026-05-16T21:45:21.891Z,Already am anytime you’re here,N/A,did:plc:s2yszeew7hxyzm4i7rw6cvm5
bafyreigb4sfk7jxglkhdnkeqmvacojprt7hmj2o5g4j5dxm3g6acitjh3y,2026-05-16T21:45:19+00:00,Famílias procuram UBSs de Sorocaba durante ação de vacinação contra gripe e febre amarela  https://www.europesays.com/pt/384186/  O dia foi de muito movimento nas Unidades Básicas de Saúde (UBSs) de Sorocaba durante a ação de…,N/A,did:plc:lxpmp26fxtdcr4fxvhycenoh
bafyreied7aexa43s2r2d5kjsj7rkhyknjibetbl7js5pxzycjyolaws2ru,2026-05-16T21:45:19+00:00,"į pėsčiuosius įsirėžęs vairuotojas pasirodė su peiliu rankoje  https://www.europesays.com/lt/179733/  Remiantis liudininkų pasakojimais, į ketvirtą dešimtį įkopęs vairuotojas, regis, „taikėsi į šaligatvį, trenkėsi į dviratį, tada partrenkė moterį,…",N/A,did:plc:vp3jzqqaa4nk3kurftsp7hlb
bafyreieadcd5nf7c45ihgqk5k4qqjtpmc4pmhj4qcwzzzbdrorlxlj6j5e,2026-05-16T21:45:26.277Z,Doesn't take that much to make you huffy.,N/A,did:plc:2tmq5g73kybom7qdbyaiwn6h
bafyreic7l2p42ntnjimp4pcuwbw3edto7hdzhjm5taytn7dnabz75pephu,2026-05-16T21:45:21.548Z,Quaver main,N/A,did:plc:emyrbt2vmkxiikerznqkulay
bafyreifoc2hqlgesbbwhap7y3bgdknq2iu2gifcoam5wvh26qlggouhwxu,2026-05-16T21:45:06.086Z,Photo a Day 2026 - Day 136: Female Cardinal visiting my feeders in the rain. #photoaday #birds #nature #photgraphy,N/A,did:plc:okh5fz4hod7d6te2lv6wsq5y
bafyreiedeci2x5ebw7lt44p2l3yjruzl6mrvorlleualqytaf23rqiro2u,2026-05-16T21:45:21.548205Z,test post (multiplat e2e) 2026-05-16T21:45:21.162978Z,N/A,did:plc:j6blxprddzkvtbbgdk3aaw5v
bafyreiagvcpsxjs3ff6r65arpg3b6oteiot5bi3g5vofns5xdaqn2epuo4,2026-05-16T21:45:22.313Z,And they covered my Honda in sand.  Dicks.,N/A,did:plc:ctr46rma35xo6mitwrdt76f5
bafyreigo2bwbyxh5vmszc2ypzaqn5y3l6fetq6marz7xwojap7eucxry7m,2026-05-16T21:45:22.306Z,"Are you a guest because you are a pastor or in some clergy related role with the person inviting you or are you solely a friend to this person? OTOH do what's most festive, appropriate and feels right. After all, Matthew 22:11-13. But do avoid the gnashing of teeth part.",N/A,did:plc:eaxgzdvtvnsl4ambjx3j5kv6
bafyreiex4wcr5wwgr3pbdfuvzphjmu3ox7keto25ygmiwhr5smlhkxx77e,2026-05-16T21:47:25.205Z,Gorgeous Humongous Perfect Natural Hooters‼️😋🔥,N/A,did:plc:2vkhnnvcmczmln57lzaoggf7
bafyreigqezczvdlscw5bsgu6hmzpbafemyuc5jrhvp6ov67rxkcdbwnbie,2026-05-16T21:45:22.112Z,💙,N/A,did:plc:rwhlaoyladttxnuhfupiznjz
bafyreic74e6ndyyy5fbvpfg56xayvog3n6zolgwnb2sk74bg4sendzfowy,2026-05-16T21:45:20.532Z,keeps on licking and nuzzling between her legs and holds and rubs her butt,N/A,did:plc:y4bfcm472wh6qwye4clu5efz
bafyreiclrtcmyl7lpmianeziceqzpbb7ifwlqdvuv5rutanmeforegz24y,2026-05-16T21:45:21.412Z,Hunter went on Drag Race want out-stunned literally everyone there. She's the closest you can get to a literal goddess.,N/A,did:plc:v2fprt3cwjmrbyvvjm3opyvz
bafyreieremavsnkfy57f24odyov7e45gec5uyu4bwo3im7pwgrs4f3bxyi,2026-05-16T21:45:22.160Z,あかね噺いいねえーわくわくしてきた,N/A,did:plc:kgctn7h5pxwjzc5ln6w5pa5o
bafyreievhxxbvriwlm7qqy3ku2wcnr3nceoakyk5czpxgzilirwmp5sgze,2026-05-16T21:45:21.714Z,Girl you lookin fine.,N/A,did:plc:ghusxgqosyi732ncgxpf7m5y
bafyreibummso3bftbdf2wi5uremv4unggztzfbm2f3fuyh4l3wjdzib4sy,2026-05-16T21:45:22.821Z,"As ever, I'm unconvinced that the general public are budget hawks keenly watching the efficiency with which trains from Castleford to Pontefract are crewed before they'll hear of Cross Gates getting quad tracked",N/A,did:plc:ifvcuwzdftxu5y3hg7jyppnn
bafyreicwifkioqpfslc7tegzpuj4b6wxfuewmoavlb2s7ntb2tccmzelj4,2026-05-16T21:45:21.688Z,"Provavelmente ninguém vai ver isso então vou desabafar. É MUITO chato e exaustivo ter uma mãe que simplesmente não aceita que eu não quero e nunca quis ter filhos, aí fica falando que ninguém gosta de mim e que não tenho amigos, vou morrer sozinha e infeliz 🫩",N/A,did:plc:53tv2hnmljnqyrrqllon2udj
bafyreielwied6ygh2g4kox4kee2i7ucirhhum263ptypzpkt2wgwqgq6lq,2026-05-16T21:45:22.213187Z,"Ist das diese unsägliche Swarowski als Moderatorin?? Meine Güte, gut dass ich nicht da war ",N/A,did:plc:zlufb5zvx7pqkprwiv6cwtzo
bafyreia5sf54voknoy3yqmz24kema5n4uvpispzuexe4i3snlxwa5ans5a,2026-05-16T21:45:22.044Z,He is good at turning around successful businesses,N/A,did:plc:tzxsbqof7ja75nmwz6yee5kj
bafyreibzmi44tr64lpe73whpuua5jog7kqecfaz4tp7fg65sb36gvaryme,2026-05-16T21:45:22.329Z,"#CatchThePhrase #MusicChallenge | 290  ""That's what I like, little things hitting each other."" — Napoleon (""Time Bandits"", 1981)  DEVO: ""Puppet Boy"" (1984)  youtu.be/jKt0l6x399E?...",N/A,did:plc:qx5yabmckghra2lurdwlctft
bafyreigtdrygft6v7ktesk4tsv3exlb4ys5j4irogshtstson6kfjq3zc4,2026-05-16T21:45:20+00:00,NRK: MC-presi­denter pågrepet i stor politi­aksjon i Oslo  https://www.europesays.com/no/239831/  Ifølge politiet er både en nåværende og en tidligere omtalt president i MC-klubben Comanches blant mennene som ble…,N/A,did:plc:7j7mitnqv6nrtjjqc7g4fnop
bafyreib2rd6zozq3nc5oiiyzdk4ht3ib47bha5v4rzpl3qmkyuchimxgbu,2026-05-16T21:45:22.941Z,My love of Bart Simpson outweighed my dislike of peanut butter.,N/A,did:plc:hvho7ci2qkyojtvrnmd2hl2k
bafyreiaavxct6ybg5iw4vy6slxdjk2qnmfwuh4qbqshre4y6azjwhvtc24,2026-05-16T21:45:22.367Z,Why thank ya :D,N/A,did:plc:x3masjpejrlra646uootdvsk
bafyreia5mbjl7vml654rubxjg4ovhlco6gvsxhg7kzb5qoale5skahwywe,2026-05-16T21:45:16+00:00,"Trump Claims Reflecting Pool Makeover Is ‘Ahead Of Schedule’—After Report Suggests It Won’t Be Done In Time  https://www.europesays.com/2995460/  Topline Renovations on the Lincoln Memorial Reflecting Pool in Washington are ahead of schedule, President Donald Trump said…",N/A,did:plc:msian4dqa2rqalf3biilnf3m
bafyreicfgzxbucz5cbh44rlhapyw6b7ibwyd2ofqcc22oqkd2xs4agxnoe,2026-05-16T21:45:22.291Z,LOL,N/A,did:plc:e2ixehjcjwp7gw6ejib7lrcj
bafyreib4u4sze4pgpyrne6dlqtinhottydk43hmzjwuyuvvsnnky52d4eu,2026-05-16T21:45:20+00:00,"Arabic translation of book on Martyr Leader’s father, upbringing unveiled  https://www.europesays.com/iran/117157/  TEHRAN – The Arabic translation of the book “Agha’s Narrative,” which explores the upbringing and formation of the…",N/A,did:plc:wiuqiruv62xilr6p43bdyep5
bafyreid5vbwu7wm2iqcvrciuatcmw57tzjz3rnsfrpywalyycjyc5uy3la,2026-05-16T21:45:20+00:00,"CAN U17 – Afrique du Sud vs Algérie : heure, chaîne et où regarder le match  https://www.europesays.com/africa/238439/  L’Afrique du Sud affronte l’Algérie ce dimanche 17 mai 2026 à 16 h 00 GMT, pour le compte…",N/A,did:plc:v3lkb3m4lu6nzv6npkah6umc
bafyreifgtetocgqwjctldesvpwxcstxjs7akrygchsevrbenazwtsrg3oe,2026-05-16T21:45:21.173Z,Aww love for Eric #snluk,N/A,did:plc:ch6jrjfsfrxvktjay5nxtpdl
bafyreihzgvwit47avceryrnzuu4zy4nusgkpvhfq7h2nvysoc3qzuj4yji,2026-05-16T21:45:24.152Z,Thank you!! 💙💙💙,N/A,did:plc:gwcjvqzuzsrjlmwl27id3pv6
bafyreighhq5htv5gvogyh7obqyufeaoznakfgl2xwowxnpng4guqslt35y,2026-05-16T21:45:22.311Z,"Das Gefühl, wenn du nach einem langen Tag die Kompressionsstrümpfe ausziehst",N/A,did:plc:7hn3i57expt2p3obgsi5zi2f
bafyreiehag54prk4qigo6ou5chkawkddtn3sh5mobehxqwtoiqn66sktnq,2026-05-16T21:45:20.289Z,Viva el circo 🎪🎪  El número bobo de Boca. 🙈🤣🤣😂😂😅😅🙈,N/A,did:plc:577dlwgrhycxgclpthwyt2v4
bafyreigisn7jofr6bfjdn3dsxllpydmj636elbwjqhyptnpzl2z6blxtxy,2026-05-16T21:45:23.044Z,#maboost #helpsky #fundsky #helpfolkslive #helpfolkslive2026 #mav #💸💕 #mutualaid #directaid #mavoid #rentaid #housingaid #foodaid #petaid #disabilityma #urgentneed,N/A,did:plc:jwsylb6dmzjkikmnjncrjc4f
bafyreie3vpqxaij4pbqrxs7ub4od7snfkiftcy4mpsgp3vsjkffi27miyu,2026-05-16T21:45:21.874Z,"Medicine, especially diagnostics, administration, etc.",N/A,did:plc:lqp3ctg5ufwofht23rxgbmln
bafyreibhnepoa2w3ln4632xfxjyf5agadgrk2nlsfln7t4d5b3gzufoasm,2026-05-16T21:45:23.542Z,"The news is so unbelievable these days that we might as well just make it up.    — Paul Krassner (The Realist), ca 1970",N/A,did:plc:awkwhvolwrmulrsve5t3sugo
bafyreib6iwyaraxj7bv4ck7cg7zuaomqnvnhwf6bp35x6jop6bo5bpu3da,2026-05-16T21:45:22.492Z,Nothing like a Saturday afternoon power nap.,N/A,did:plc:642ampzjmyly5yh6sw4lajf5
bafyreickvguduw4rmxp2hbeanawgeirnenk4q2itmtycxo7mmhbriq7rsm,2026-05-16T21:45:22.254Z,"Gute Nacht, lieber Zebrakater ✨🌙 Mir wäre traumlos am liebsten. Das würde bedeuten, dass der Schlaf tief und vielleicht auch erholsam war. Aber ich träume leider fast immer. 💚",N/A,did:plc:icnk3s24kt5ghk6ljbgwauw2
bafyreidlmfwzrbp3rgshvdppr4rm3tgifekfzq4uzljocyqehdwmlr4hee,2026-05-16T21:45:22.790Z,😎,N/A,did:plc:qwmys3mpthgfffjsrnzu5b26
bafyreibfl5jfn4jvyfmtbiazqzq3rodcj57upiyurbhd5nvfnort3gvi2q,2026-05-16T21:45:22.129Z,baby groga,N/A,did:plc:gea3537g42xfb2b6lfyamvi3
bafyreifxe3kfdw6eixf2qbwdjexti3nk5g6zkcvw64oqx77ga4icsebkzm,2026-05-16T21:45:22.307Z,i frickin love sprite,N/A,did:plc:lwaulyoun7masqfoo4rxyeog
bafyreih72mrcqxbbatnii45tvodbp3wwbi5a3jusnpjloxsc5e6iovbbeq,2026-05-16T21:45:22.548Z,あともう流石にスキャンダルネタ引っ張りすぎなので、ﾔｵﾄﾒは救ってやって欲しい。 なんで公式で矢印作り出しといて今曖昧にしてんだ。,N/A,did:plc:m55kcfivvdham2inbnylq56z
bafyreic6miwj24j3ov55nlufk475y2rudl46nsuy62h5c6l6g2nzvi3upi,2026-05-16T21:45:21.545Z,"lol It's a good thing to have, it can work on adults too",N/A,did:plc:bim6tl7ftkdg2tsq46m5nd7g
bafyreie56g2fakgxymn3xe2mknnuns722sgujjm22gn6w3kl2qzcq5cbj4,2026-05-16T21:45:21+00:00,"Tommaso Paradiso: ""Mi piacerebbe scrivere una canzone per Jovanotti"" – Radio Italia  https://www.europesays.com/it/493907/  Tommaso Paradiso: “Mi piacerebbe scrivere una canzone per Jovanotti”  Radio Italia Tommaso Paradiso sul microfono lanciato a terra: «È…",N/A,did:plc:ht6nj7wvu3y7ysrlwyc2iy5m
bafyreigednh4q6nsmcqcgy77oycp57sbaqze3htiumeegmfvropoj35tgu,2026-05-16T21:45:19.558Z,sen bir revize istedin ya orda bitmiş olsun (noluuur yeter gari yeter bir bitmedi),N/A,did:plc:fu6zo477acmjelukzfvtvssc
bafyreibp5kvnmlfql762xbuzlugszwpelh2jprjfpbqboddptud2jkzyzu,2026-05-16T21:45:22.303Z,"➖71 yaşındayım, ➖6.400 lira yaşlılık maaşı alıyorum, geçinemiyorum. ➖Merdiven silmeye gidiyorum.  💡Türkiye Yüzyılı!",N/A,did:plc:7kwbw3ym5clzptkvcfedmpxr
bafyreicaqdglukjzqoyf3cnvp45v3ue4fwcl3yzmqfljnjk6gjg2ywp7oe,2026-05-16T21:45:17+00:00,"‘Flesh and Fuel’ Review: A Sweet and Soulful Gay Trucker Romance  https://www.newsbeep.com/nz/431089/  In an odd coincidence that shows how much this kind of story was burning to be told, two…",N/A,did:plc:cvhzp4oqk57twhhjji5o2b3t
bafyreicilx35whslxophcrck2f32nsmlcjqu3xuuq7x5ckcnu4v4jvwkui,2026-05-16T21:45:22.545Z,So what would be the justice that they should have embraced ?,N/A,did:plc:3o3r74zkbgelqxdthsdrdra2
bafyreihrxmvpr5n3avthr3jyogdsqnnmigj532qy73f55v2ynm3ezycbqy,2026-05-16T21:45:22.149Z,"""It was just one of those things Just one of those crazy flings One of those bells that now and then rings Just one of those things$",N/A,did:plc:32v24ltsvkw6ihumfqvktfyr
bafyreig5ccp26kutfoppxcnj5idy3e6nkvrhepxgwdhq7lanlq4keifm6y,2026-05-16T21:45:22.812Z,"Tシャツ キッズ コットン 長袖 楽天 ロンT tシャツ ロングtシャツ ロングTシャツ 長袖...  価格: 1,039円",N/A,did:plc:ilbnegpaytrh247k73o6ptdn
bafyreiht5jljyn2yj3ocaubqt7wjjs3ot6c35bsnujccxu4p43agnynhji,2026-05-16T21:45:22.641Z,the dumb little dolphin (positive) left me in anguish. the tiny dino with a tie filled me with hope. none of this has any business being so well written i am awestruck,N/A,did:plc:prnuhbuimehxruwprybibsoc
bafyreifisgpmi6qdzk6l4ug6r5mbmhj7i35hwpn4rfkhp3rgztwewsjeo4,2026-05-16T21:45:21.235Z,Polperro..  or is it Saxton location of The Lost Crown A Ghost-Hunting Adventure...  enjoy!,N/A,did:plc:w6k5onq6kygeucdhg2mlqkdi
bafyreih6jbdprg6i2ceaaurju2e7aqp47che7xtaemvauk26cyatr6tuam,2026-05-16T21:45:24.011Z,I can't wait for Bulgaria to win #Eurovision  BANGARANGA IS THE NEW WATERLOO,N/A,did:plc:gtya4yyyvm73ce4fco7ljb6r
bafyreifwyyfa4nhzlgjtlqaxcbohr5ebhgffkt4vxkmnmvuxyqfrgp53tu,2026-05-16T21:45:22.673Z,"since i got some supplements i’ve been doing better energy wise. There’s still some concerning things.. but i work on wednesday. One way or another. I’ll be fine, i lived with apparent constant pain for so long i didn’t know i was in pain lol 😂 ill survive",N/A,did:plc:zesnre6rll5bcyswdf7aruvp
bafyreigcgfver6oi57jmkvarcqbn37yj3joi6rwciuxb2t4wfj3u3ml5j4,2026-05-16T21:45:22.730Z,definitely should also become a girl... maybe way shorter to contrast with the bird girl :3 all i got for ideas but hopefully you could combine it with somebody else's!,N/A,did:plc:in24qvipdw2a6tjlsp6q2k6f
bafyreibw7zpwfxu6smtxi2m2e3jcs3aifvqcxolin77mam3pbnapim4qvi,2026-05-16T21:45:21.003Z,"Yes, but it likely wouldn't get on the ballot until this fall's election, and he's term-limited right now anyway, so he can't run again. He's out at the end of the year.",N/A,did:plc:oho6o7lnjq7st2fp6o4rlx2x
bafyreigirjbd35xdkzyctsvdotvmftyi5wpfwvrd4mm5gipwori4klhlau,2026-05-16T21:45:22.051Z,like what the fuck,N/A,did:plc:mboeeztgw74kje2dyg5vjtf2
bafyreice4mvf6n4xdmcnea7fnmkd3woipmf5c2twmhaqs5pfviup5bvaim,2026-05-16T21:45:21.871Z,In case you want to feel old  www.reddit.com/r/90s/commen...,N/A,did:plc:ixmlorgimydjhrd5mdp24ozq
bafyreic6tuzlgu7u2qymba52mfcxuy2jw2e45syfx7lumtf3v5ok7ga2ju,2026-05-16T21:45:23.060Z,ofendeu os gatos.,N/A,did:plc:x2xgwgnuq4vmdgdhav4j24tz
bafyreicgxs2pc7mfyyvqzn2ykfmnqsgljolxwatove3qdi6xrdk7pufyx4,2026-05-16T21:45:23.327Z,"gonna enjoy my last night of smoking weed because I want to slow down till I get my ounce, and I don’t plan on getting it around July because I want to enjoy my Summer. that doesn’t mean I won’t smoke with someone if I get the chance and I prefer to smoke with my date (if I get one) 🤷🏾‍♂️",N/A,did:plc:gslbtepptsu6t72p4hjrdfld
bafyreigxbwomgrumtgshcnhn7dzw2436uifamtpz6ynmcjx5forvazmnpu,2026-05-16T21:45:20.159Z,SYDNEY SWEENEY LMAO I FUCKING CANT. THIS IS NOT A REAL COUNTRY,N/A,did:plc:ycrhv5lv7anfe6sucpjpeh2a
bafyreig4vrmlkdg3qwzkoie7ng2vdaofc3pztmry3qt6fzaslkj5qs2ylu,2026-05-16T21:45:20.311Z,朝ごはんの支度をしながら、ああ、確かに夢をみたなという感触が蘇ってくる。 どんな夢だったかは全く思い出せなくて、でもその不確かな感触だけは確実だというのが不思議で、なんだか面白い。,N/A,did:plc:mfotode2kl2odims77xihsu4
bafyreiebdd7frdae5n7hfbo5nlczo6dnx4oqiewp6yjlqwycekxwcowudq,2026-05-16T21:45:23.305Z,New periphery!!!!!,N/A,did:plc:almysdpdom53dehrsmk4vblq
bafyreihscszbkoqyqzfzqi3tyqtxp6w6cmduuhh6rm45kh7nyofttmraai,2026-05-16T21:45:22.946Z,Where the hell is the China rose plant going to go-in a crack?!?,N/A,did:plc:cqurh5caqix4la2yhvrer6u7
bafyreicchmmdbsfucwkh4rvjapwvs55svp3upy3ekmla3avjvag4mwoxbu,2026-05-16T21:45:18.05462100Z,jerry negative,N/A,did:plc:3yzik72vcubuadekqzyejybt
bafyreibup77gngq55udulf2xtgldchbbb4xw7wjlu77dzawo6pripr4wmy,2026-05-16T21:45:22.958Z,It’s hard to imagine this behavior occurring pre Trump.,N/A,did:plc:2g35zyzyl5x4zxxzqrdhhzdo
bafyreiey4albnczw237rztxdcbyk7qds75noyfmenwk6ubfpfxszqho5da,2026-05-16T21:45:21.927Z,お狐テトさんはおふざけとかイタズラが大好きだし結構ノリが良かったりするよ🦊,N/A,did:plc:vomzz4qdjbuink3xed7oiva2
bafyreiee364wpgv5m42f3yhm56s53zguvprompxokhklqsirxyyyemszam,2026-05-16T21:45:23.174Z,I tired to go to the little dinner on the corner but they post no hours and close whenever they want so I just kept walking. That’s a crucial part of the vibe,N/A,did:plc:xvh3qkn3jxswomzl6o75pmbr
bafyreiaomjptzsgiueq3xydqx3puhfm2bvtdkwm3xqyskefefv3txbbg4a,2026-05-16T21:45:12+00:00,Hulpdiensten zijn met spoed uitgerukt naar Kerdijkhof in Amsterdam. Geen eerdere meldingen bekend.,N/A,did:plc:w23i6wxhyheqrwevgb4ukncb
bafyreifyppvtxhttnj742vpns2lsnwazc55n6ut7xromky4ad4swqx2roy,2026-05-16T21:45:22.789Z,this is still one of the funniest scenes in cinema idc idc 😭😂🕺,N/A,did:plc:gpgdmcseoiqllox2n3mx4bcq
bafyreienux3at3x7lbtfxkg3hcljhwf3j5cx2ixzu5a7zazjt34u53ry7m,2026-05-16T21:45:23.230Z,"That’s out #hugefist in that small #fistpig cunt. I love his #gape after the huge toy, and extra credit for the #lockedcock 🔐 and squirting #piss 🔥🔥🔥💛♥️💦💦💦💦 👊🍩👊🐽",N/A,did:plc:srhv2a5ikrzrsmjkyo33f2sc
bafyreiflxrh4vfnvurwjsqccllh5ywrdmb7obwnnhmxeuoyq75jscii444,2026-05-16T21:45:21+00:00,"Stade Rennais. L’Europe au bout d’une folle saison : comment Rennes a retrouvé son statut  https://www.europesays.com/afrique/104679/  L’été dernier, le Rennes d’Habib Beye avait plongé l’OM dans la crise en le battant au Roazhon Park (1-0).…",N/A,did:plc:bborek56dnu5ggcxayyhomss
bafyreia2mam2qycclasokbuwetfetoymbopqg6jzkmw7wti5bji3ebbou4,2026-05-16T21:45:22.980Z,bsky.app/profile/pete...,N/A,did:plc:xbpumlrltt5nfegclzdsvcjy
bafyreiaynsv7f6aaxbp3zdidj3zsj2afdxeyfv2qqb3gbxw7syyid2csie,2013-01-01T00:00:00.000000Z,"Nagoya Protocol: Access to Genetic Resources, Sharing of Benefits  ""Background and Analysis""  https://www.publiceye.ch/fr/publications/detail/nagoya-protocol-access-to-genetic-resources-sharing-of-benefits",N/A,did:plc:lb7v3uq23wmm5spv2a27kehv
bafyreid7ujk5adtxcmbt4hvd4kw37dfrcog77keduxtqjv2ljldeizrcmq,2026-05-16T21:45:23.381Z,Thats not bad then! Dont let that bigot steal your joy.,N/A,did:plc:wfnvtvrwkltcyldb4hn2xuvx
bafyreibimo4vajn72t2tgqauc3lvw37pzybkdxkiducie4q3ua7wlmorgy,2026-05-16T21:45:25.428Z,have you thought about FreeBSD?,N/A,did:plc:uimc344s4hkpzhfb3vkuw6tu
bafyreigpe2oymmn2jbv2iy2ssy6gf2utunabont4omod4mzux4qj7djnd4,2026-05-16T21:45:23.457Z,Malta? Den seh ich ganz hinten. Österreich Top 3 passt aber.,N/A,did:plc:qfqd746lb7pq2cpaeueczpfh
bafyreigz3qhb6rdti77qaeosowf6o6m2ztgzsrqpninaijifoqp4vmeupu,2026-05-16T21:45:23.027Z,Who had to learn this in elementary school?,N/A,did:plc:uq5ejitbaer3xxei4a62cskd
bafyreigpdxj2jpnp6lufputv363eyu4sbb5ovjsx2hwlwcf27ioxgxtbnu,2026-05-16T21:45:23.712Z,Thorsten Schorn ist übrigens große Klasse! #esc #ESC2026,N/A,did:plc:d6hkmqw3auglttuojs4vlge4
bafyreie5srp4q74wy53nybasmxh3w3elp75mcuq4znuv6i4gtl3czzczn4,2026-05-16T21:45:23.162Z,"This isn't Prachett. This isn't Gaiman. This is the work of someone who hasn't comprehended the original AT ALL. And I'm tired of having beloved works, sequels/adaptations, given to writers who don't care about them enough to actually understand them.",N/A,did:plc:gjuh6gmx3xlxr2zcjhb4blqb
bafyreidyatdbcpoc3x7pvl53t6t67nmctvfzmejybqkpwzixvv3nxxgsku,2026-05-16T21:45:23.118Z,i like how he didn't specify what he'd be dictator of lol,N/A,did:plc:bsttjl3lthmr6zbscoy53q3q
bafyreifcn3yfcm25crrtbs5mgfefhq2mijaxft7pgfgx5yszqy3wonjpmm,2026-05-16T21:45:23.068512Z,I started Clyo because most B2B teams are drowning in data but still guessing who to contact next. The missing layer is not more data. It is signal-based execution.,N/A,did:plc:2yid7j4dhf5guj7olyjkvrua
bafyreiesnnpu5s44lbekhvvp5pf36z7cdehej2spyp4uam2eyvlzepzbae,2026-05-16T21:44:59.903Z,Lest we forget: the USS Arizona is a memorial & tomb for the these first Americans to die fighting World War II.,N/A,did:plc:m7zvdxqg2hj7ujel2iq4ansi
bafyreifdoyfe7bdiwhur33kvr637nebxqsvtclzaj7rgrwaft65k4cxykm,2026-05-16T21:45:23.485Z,naming sydney sweeney as one of america's Great Cultural Pillars is fucking hilarious when you consider 2 out of her 3 starring vehicles bombed in theaters last year,N/A,did:plc:ntn66gc3is6pcdbia2l7oswx
bafyreich6ozpz3xikqafm7lcn4wfaiakkcry7smo5jvjxvcecslbjafvgi,2026-05-16T21:45:24.314Z,"I know RTS was always kind of a niche genre, but you could probably turn a modest profit from porting Starcraft to the Switch with touch control support in handheld mode",N/A,did:plc:jfnhlfx63t7mttii4rekdqzk
bafyreifkcyo7xiqruyghjcvb7hj4ox2fgb3rf4e6rbyja22z53dtu5264e,2026-05-16T21:45:21.378Z,"""- Am I dissatisfied with my job? - Do I want more independence and control over my life? - Do I have more potential? - Am I a motivated, self-starter? - Am I willing to work hard during the busy ice cream season?""  Hmmmmm. Might have to give this some thought.  mistersoftee.com/franchise/",N/A,did:plc:7bs3thvfyui4gst7trdarjqy
bafyreidor6kxtdpzgtiix4ld2fim3u7ifnsn6fxl2tysjidrapmha6t5gu,2026-05-16T21:45:24.005Z,Pinto starting against us 😭   Swanson listed as sub,N/A,did:plc:idwrlt6ieiec5ijxk475eh4y
bafyreiestewonby3qrwl5ri226udpngq7h6uko2h2kfao5z6dprf4nnk3m,2026-05-16T21:45:23.566Z,Die griechische Statue macht mich fertig #esc,N/A,did:plc:5wfdwq3ut7hqfacwqvkio6mx
bafyreigbic6dfr2qbldckevmela4pnul3gpkgwmpvobzauzjpavdcl7yyi,2026-05-16T21:45:23.579Z,Always thought it would be cool if UK entry was in French so Eins Zwei Drei is a start I guess.,N/A,did:plc:qm46pgr3gbijbmr5a6t2hqmc
bafyreic7nvre4f3fgpex2bnqza2mm7dahqw34ykteq7ab5lh2sx6xithci,2026-05-16T21:45:26.566Z,Oh this is beautifully done 💜,N/A,did:plc:eyn5wth6lhomxbhd26pbmwns
bafyreidqildlypw4lmbvlh3apn7oxqq2ivkqgfolvrwp7yctxf7imhwpq4,2026-05-16T21:45:21.746Z,i love how they just completely redrew the shot instead of reusing the one from the last episode,N/A,did:plc:al2wtd6zk3zkdukhk2p2zty4
bafyreianz7bd2n5so7ixip3tlj6uzoyxijevieoxat3xfq76ysfuig4way,2026-05-16T21:45:24.354Z,Exactly 💯 💯,N/A,did:plc:zecxqui3xq7eq3j5zkh5sltr
bafyreibzd2fi7vinwfxnjvc2aze7xjatozda7wx2vkz33qm6tu5naupski,2026-05-16T21:45:20.596Z,「あれは辛い嫌な出来事だったな」と暗い気分になれる人の方が、他人に気配りもできるようになるし人生が豊かになると思う。,N/A,did:plc:ejacuvjrfbagse36k7e64jer
bafyreia2akk4vn36uqvw4qnglq4ybebhx7bfoacf5accahalkadkbtiseu,2026-05-16T21:45:23.911Z,"Well, after embracing billionaire pedophiles as a naturally  normal occurrence, every other bit of the plan seems moot. Mission Accomplished.  MAGA REPUBLICAN traitors in control.",N/A,did:plc:axqdnqpzsdzyboy2qsbrfh3v
bafyreiekce4wrxodohvmojbl4p5g4ttncuztwbd5dpgpfrodnmapbcttm4,2026-05-16T21:45:22.995Z,De ster-khouder De MV(d)P De sterrata De opalen opbrenger De TD triple A De hoogrendementsketel (gesponsord door @stefketels.vrk.social ),N/A,did:plc:ie7h3ueeewi2nff6i3e7sfco
bafyreie2yolmn76ae2ztmfucqrcszjypruh3ftrucubf7mbi2azwxo3z5u,2026-05-16T21:45:18.67184100Z,Goodbye to Pisces,N/A,did:plc:bfskomyz2k7roffu6tosmove
bafyreigvqb56a4ehyo2o6ev66qf3dygddpfhacjru4dbxg5ic5t65jfonu,2026-05-16T21:45:22.720Z,"Nein, das waren schon immer solche Weicheier.  Die politischen Gegner wochenlang mit Jauche bewerfen, und wenn es dann heißt ""Leute, so geht das nicht"" darüber jammern, dass die Kritiker(!) den politischen Diskurs vergiften würden.  Elende, verlogene Drecksäcke.",N/A,did:plc:xa3q3uxanpnvq6yvt2ktlik2
bafyreibeosyffm72ibzzl23pdcn47ts2jwkkppkhfmumvn3koxfxoiy5rm,2026-05-16T21:45:23.092Z,It's understandable that many people can be unbearable.,N/A,did:plc:xn5zqjsoe3x3vyk35eccm4js
bafyreihb5y3l44nxqvs6ffylm3bxqpi7y7eiceqzyszzi32lywazhwxxle,2026-05-16T21:45:18.98864900Z,"Eat my nuts with your finger, cumhole!",N/A,did:plc:sikmfqjzyidnpoolov6ivop3
bafyreigg6fhoqrdayuaqaawfo2apak43v2evmk74rksnss7atbp7ramcvy,2026-05-16T21:45:13.813Z,昨夜は背景画を描いてたんですが、飽きた・・・もとい人間も描きたくなったのでササっとラクガキ😇 #illustration #イラスト #OC #一次創作 #rkgk,N/A,did:plc:5z74tcawy2imxbtubgakpjvu
bafyreiaqrulu44vhhd3kdij4uppzdm6qdjl5cvbsojwrq267whuynitv6u,2026-05-16T21:45:26.217Z,"It was said long ago, ""it is easier to fool someone than to convince them that they were fooled."". It's still very much true.",N/A,did:plc:dezuwxskff2kidvuan2o4e5b
bafyreic2e7yabzekbc6bnffiql76cc3jbwdkflpyn7mhz34gjt3v3uprl4,2026-05-16T21:45:21.504Z,とじとも★4サポート 犬吠埼風【勇者】,N/A,did:plc:bjv7l75m5b2ogoqm67k2tdzy
bafyreiczys6amrhxd4otrgc3fqqb3su4rqtvryshhuw4mbgaiy4zgz3u5m,2026-05-16T21:45:24.600Z,I want him to scrape in on second preferences. To look in the mirror every morning and know he's the lesser evil.  Didn't hurt Jared Golden any. He got in originally on second preferences.,N/A,did:plc:ckexagqmozbpafsfnajishc6
bafyreibmq2uzta4anpudemjodz4hep3vbhyyqcsmc5keqxadi5i3s5wmxu,2026-05-16T21:45:24.284Z,Das war der beste Song Contest seit Insieme. #esc2026 Grandiose Show.,N/A,did:plc:le4tnqmllucpfew7dty2yfmi
bafyreiecgmlvv5gqxlkaxnmh2i3c3y5nbjqpnpmqdegtst32svj3xutuey,2026-05-16T21:45:18.231Z,Alison,N/A,did:plc:zoe4uamthazeyta2cwtkobum
bafyreibhuqnmfbbkbdr5ejpvgk5fbuurchanfjvd4jskve7gd6siabybmm,2026-05-16T21:45:23.559Z,#Iraq May 16 2008 Parliament’s integrity committee said PM Maliki’s arms deal with Serbia was illegal Called on Def Minister to testify He refused Was $236 mil no bid deal musingsoniraq.blogspot.com/p/1-st-pmmal...,N/A,did:plc:2f6dp7vhgeyyprjkga2ds3os
bafyreidwgdp7mnxvhctr3lvmvec7gdv4f3vaysuqe2xeqolby6jieuospi,2026-05-16T21:45:24.480Z,Valid,N/A,did:plc:yrj7xdchma6nth2zwpk3gcwk
bafyreidikhcrrgflnxizfvpo5f4kwvglkxvz7kbkes5gfrrniwqyzgdcke,2026-05-16T21:45:24.557Z,it’s a lot of one shots for various different things but most of that is from my fic 😭 gotta go back into the lab to chilly finish the series,N/A,did:plc:dj246zf25u2jxjz653jzh4dh
bafyreibidxcplqkopysla2tooz2ewhyc4rhdppaultzmd2tymlfcxqpjsy,2026-05-16T21:45:24.637Z,I'm telling all the kids this now,N/A,did:plc:oumtknf7cbhjzhy6fq2lc5wh
bafyreidbuwkqpfn3yscvmsl4lbfmcze4vgqu3cg4hbwwuxtkh66o4pf3va,2026-05-16T21:45:14.806Z,Im cute actually,N/A,did:plc:s6frtunrnhrufifukqoooy62
bafyreihll52splxfsejoyhij3ca7cnjklh42cnkxx7fxyivgozklpnciue,2026-05-16T21:45:25.130Z,project hail mary was really good,N/A,did:plc:f7o6yzcxfgphfwakz7zj5srq
bafyreichxjcbyx64jw6veoudflrloilpomwm2j6rbn7gurhzcfnviwhjpm,2026-05-16T21:45:23.200Z,I really am going to have to make time for Bolano one day,N/A,did:plc:eroc6awcldseu6oez6pe5hpg
bafyreiefvcvyzx5qv4j35l4zu42aaecsvbdjvgdwopbyi75u2w4ia3gpbi,2026-05-16T21:45:25.775Z,"""Meine Mutter war jähzornig, von gutem Gedächtnis und klarem Verstand, klein von Gestalt, fett, fromm."" Girolamo Cardano, De propria vita liber",N/A,did:plc:qmuu2klvaktjdearhdkofojx
bafyreicm5asps7whamc6w2vh644h5qqaol55ongyglxrumgm4ltw4v4xba,2026-05-16T21:45:24.405Z,i saw this on the way to cangames but it was also. me buying two books immediately getting overstimulated & leaving cangames. i tried to say hi to anyone i know but sorry if i missed you 🫨,N/A,did:plc:5ts2vcoi63ykely3tiiycvwy
bafyreif3b5koardz4z3b2cw2urham7fgk527xp6jzreberqx2fqwl4ovyi,2026-05-16T21:45:23+00:00,Britain’s Got Talent’s KSI breaks down over relationship with dad on live show  https://www.europesays.com/britain/38785/  The boxer and YouTuber was left in tears by one of the ITV series’ semi-finalists KSI broke down…,N/A,did:plc:47ukz5svch7g2jmqu674y7b5
bafyreidd6a6an3pz3kbm7myord7ya6qs7dv4bnpsphnound2orr4mibbz4,2026-05-16T21:45:24.365Z,x.com/MarioNawfal/... stupid liberals funding fraud and abuse,N/A,did:plc:uwk4x5rpreaxwh6mhqrhpzli
bafyreieyeaixwcdfbchwosnjk7e3goiiaxtolyurrofekbngv6byl7hbki,2026-05-16T21:45:23.678Z,Really glad I've avoided yet more Bad Television by simply Not Watching It by simply Refusing to bow to Internet Hype,N/A,did:plc:u2zjvwiyyiezc6hlxypomtj4
bafyreias3ubi7ocsfcsibyorm6sn27m6utt5mjuhxrzygpjaymgbp3b4yq,2026-05-16T21:45:25.865Z,"Yes, NYRB.",N/A,did:plc:peymyiuguy3pawf5qmbcwlc6
bafyreidus6pz5cxclrpklfpmo6wluam27fjfn6sb7bslc5znksltnznnk4,2026-05-16T21:45:23.152Z,突然、でござんす。,N/A,did:plc:4x6mxaxwsllt2zdmf2v2qt44
bafyreieq3avgh6pojt7w7bzrdkjdoxpfy6jj3oucuod35yhc4ob6hoj7fm,2026-05-16T21:45:09.658Z,"Got the bulk of the warm weather crops planted out.   Just squash and cucumber seeds left to go, along with various herbs and flowers",N/A,did:plc:ab6rebp5tz4wggaakii6h4qy
bafyreigxn4hzg3cqhmng5fyjk7cb2y3uw75htvpqlfcgv7hik5qothq34m,2026-05-16T21:45:24.340Z,AMAZING WORK AS ALWAYS 🔥🔥🔥🔥,N/A,did:plc:xrttqwermo7lkqeao6mgcv4p
bafyreigq3jiyyzqj5g6vkhnm26skde7yeqfbtqaw7p5q5o5pk65ilkx6mm,2026-05-16T21:45:24.545Z,あの、ムーンレスムーン、かなりよかったです,N/A,did:plc:yf3lgipslwfazgd4bu6i3g4u
bafyreiggnjxsoh2tmeesulblfboln3iyqkfkmptkjcbrcyomhyn76xv2pi,2026-05-16T21:45:23.590926+00:00,Shameless outdoor fun → flirtydeals.com/brazzers 🩷  #reveal #nudist #tease #cleavage #pussy #realamateur #nudity #sneaky #nsfwbsky #fetish #gooner #risky #hiddencamera #strip #uncensored Public Porn #Public,N/A,did:plc:43x7xrsr4gxlagt3jmxwycfw
bafyreieuelfuctujb6ozlybat7eb7vnkxf22jtakx5jhvqiyqrpmxrcdmq,2026-05-16T21:45:24.736Z,"And he enjoyed the ""winning.""¹",N/A,did:plc:4gwdyczlpd5t7erttikngzqf
bafyreiampawjeeuykzd5oucfqhzvm43lbemz5ltgu2pprm6johlex74wym,2026-05-16T21:45:24.737Z,¹https://bsky.app/profile/pamacious.bsky.social/post/3mjbypldr6c2t,N/A,did:plc:4gwdyczlpd5t7erttikngzqf
bafyreihafxurmu7mghtezdqkpgngmcs4wbd5hvhuxhmff5fhvyzb7ufo7y,2026-05-16T21:45:25.158Z,Texas Tech you are crazy,N/A,did:plc:diyz5m2uuqob3lhxlwemtrui
bafyreicxeab4i2mxhxwug6f5wk5qk7nq4lu3hrj6yk5qmzey7umgenwizu,2026-05-16T21:45:24.887Z,kkkkkkkkkkk nem vem,N/A,did:plc:62bgt6tlesowr6mif5s22won
bafyreibzmmiyrh7xxdaktbtz3frojo4ppjk6ysodtutcvnzv3upp2qgmq4,2026-05-16T21:45:24.203Z,"Bon c'est quand même une très très bonne série. J'ai attaqué la 2e saison, ça ressemble à une autre série là aussi (je ne dis pas laquelle pour ne rien dévoiler) mais ça reste vraiment bien.",N/A,did:plc:q4rvd2y4cvm5rc7vrlvu3d37
bafyreiemxokw4ceqh6ixwjzaz2fnxq3exwbxpos76tigpukiy6o5iqtxpi,2026-05-16T21:45:22+00:00,"FC Porto conquista três prémios individuais da Liga Betclic 2025/26  https://www.europesays.com/pt/384184/  O FC Porto recebe a taça referente à conquista da Liga Portugal Betclic 2025/26 esta tarde, mas entregues…",N/A,did:plc:lxpmp26fxtdcr4fxvhycenoh
bafyreiejyu7kneicltznyfkarhrjqfabyucoumwfsuxmyxg6ag3jwfbgvq,2026-05-16T21:45:23+00:00,Kedžių laidotuvėse – necenzūrinis gestas – Delfi  https://www.europesays.com/lt/179731/  Kedžių laidotuvėse – necenzūrinis gestas  Delfi Garliavoje – dvigubas atsisveikinimas: į paskutinę kelionę išlydimi Vytautas ir Laimutė Kedžiai  Lrytas Garliavoje…,N/A,did:plc:vp3jzqqaa4nk3kurftsp7hlb
bafyreicuay4slosqc43umo6k3s5we4v5nq2zgghzq5djvwozre3eso3xei,2026-05-16T21:45:20.526Z,"Smacznego. Omniomniom, mniom.  Troszkę przeciągŁem bo młode ziemniaki przez 25min nie chciały zmięknąć.",N/A,did:plc:yhprkegtxhbsvniozydawgjs
bafyreigx3jcf23m6mt3cmucgu7wu53k24zqspmh5wgypxasdzfbml4cs5e,2026-05-16T21:45:24.630Z,vat daz it ivn miin?,N/A,did:plc:efam2zz7psp6mcj3v3mzuf6t
bafyreifqef2e5vjsvizkmh4thxfusdr43shvp3ol3zkw45goy64tlykh4e,2026-05-16T21:45:24.963Z,Commission: Shadowrun - Marlo 3 Characters belong to bloodangelscaptain1 on DA Do not use without permission Not for use with AI or NFT #dnd #dndcharacter #ttrpg #rpg #rpgcharacter #characterdesign #fantasy #fantasyart #fantasycharacter #shadowrun #shadowrunrpg,N/A,did:plc:fjebu5fgai4eubai7iztswep
bafyreih2lnnuaizxprmmowyrjjwimtaqxplomxujzbd7aflmax3v4ckaf4,2026-05-16T17:45:02-04:00,"Season 3, Episode 4: Bart the Murderer #Simpsons #TheSimpsons #S03E04 #Cartoon #Frinkiac",N/A,did:plc:jt5hzlyi46jd3ut2gkms2uo5
bafyreic3afqyfr3xwl2qjitsi5listso7uwwdsd7aozdwmdw5rvbndoxcm,2026-05-16T21:45:23.996Z,"One of the best; no doubt about it. Happy birthday, Bill.",N/A,did:plc:6ncbzlnfmtd63jr4u7go4hnz
bafyreiatalkdlpcyt7bhsjhulpq6rtorjn7o7mjewoxl72sw3bxlr7lgaq,2026-05-16T21:45:25.028456Z,BUENOS AIRES P1  Main - Male - Quarters  F. Chingotto/A. Galan def J. Sanz/J. Nieto Ruiz 6/1 7/6,N/A,did:plc:eaxssnsscqcqspj7h4oeuxfj
bafyreihv4woddvlbgmxipj6qsbv3sibkbd6zdpsek7ezr4vur2eawdxnsu,2026-05-16T21:45:27.346Z,"Everything happens for a reason, but sometimes that reason is just that I'm a moron who didn't read an email carefully. 🤦",N/A,did:plc:mptlhbi5zmp7wlplwrfhewrx
bafyreid6it35punalvpjpb64bu3nwuyh4gufosjuocj2fskj5osutesz74,2026-05-16T21:45:27.347Z,(I spoiled a surprise party for someone I didn't know and will never see again and I need to learn to keep my damn mouth shut. However bonus lesson to the person who told me and other surprise planners: maybe don't tell the rando you just met about the surprise party if they don't need to know??),N/A,did:plc:mptlhbi5zmp7wlplwrfhewrx
bafyreihv5kabgk6bsuner6x5gh55nshx3jl67jogwrzztlu6va34q3hbwq,2026-05-16T21:45:25.119Z,"I've stayed here, brilliant location, slick and comfy  maps.app.goo.gl/bS4v6Y1Vfzwz...",N/A,did:plc:6h3xmaezngsectrcz76eampz
bafyreifvy5eot3cssm55vb75dvbrc4kdgtdzzec2weo2rxx4ecxka3izwq,2026-05-16T21:45:22.658Z,👏🏻👏🏻👏🏻👏🏻,N/A,did:plc:ss7ebrsd5ge4bynjksxjban6
bafyreidm6yqazj5bntrwkc7ld6f6utyp6ztnnyseihhbwmzkbh6yvh55wu,2026-05-16T17:45:22.291-04:00,"Medical Assistant, Infusion, PER DIEM - 2850 Commercial Crossing Job educativ.net/jobs/job/59001...",N/A,did:plc:voa5jj4mjj2u76o7cp6qanjz
bafyreigdy7jbqdzlilguhoqozxnitc4lm6lqju6i2chdrmett5wuvv6sf4,2026-05-16T21:45:15.992Z,"#COMMISSION OPEN 🥳 Hey kittens, I’m opening an unlimited number of commission slots!  ⭐️ 𝗛𝗲𝗮𝗱𝘀𝗵𝗼𝘁 (𝗵𝗮𝗹𝗳 𝗯𝗼𝗱𝘆 𝗺𝗮𝘅) / 𝗹𝗶𝗻𝗲 𝗮𝗿𝘁 — 𝟒𝟎$ Deadline: 2 weeks, 100% upfront payment Payment via boosty  Contact me here -> inst: @furin_art (or DM on bsky) 🦋",N/A,did:plc:l55ijgn4lz5wwgq7fh46ylp7
bafyreif55qdanhj64t375jv4qsqljxy3lq2b5iptypii7piwkedfca7qnm,2026-05-16T21:45:24.671Z,Ohhhhhh qué crack!!!!,N/A,did:plc:j2d573rpra3bu5j7zteamrf6
bafyreiebdlfknnnzmricym6qc3jmjkrnhozyllefy77brkfeb23y3xdhja,2026-05-16T21:45:25.543Z,Whatever in creation exists without my knowledge exists without my consent.,N/A,did:plc:eaxmxcdyhhq4o4u7riq5maqz
bafyreigd7ocurekrupqjp7mztc7j6nf5f46g6qsbc4sadl6abnnzlyykva,2026-05-16T21:45:04.000Z,"Gibt es sowas wie #ESC, aber mit Rap oder HipHop? #ESC2026",N/A,did:plc:mzp2lxi24peiptw7kl2zs5vs
bafyreihpn2zhqrdmky4rehb3mn5hhod4v2s5zvsnjkhijxrvx342lrvvoa,2026-05-16T21:45:23+00:00,"How Canadians Influence Parliament on Global Poverty  https://www.europesays.com/africa/238437/  TORONTO, Canada — Canadians may live far from communities experiencing extreme poverty, but their voices continue to shape…",N/A,did:plc:v3lkb3m4lu6nzv6npkah6umc
bafyreifqs3vgnswneu24wfkxav72ttklbq3tnwi5g6wz5pxax2xyoo3jza,2026-05-16T21:45:25.075676+00:00,"#PQR issues Area Forecast Discussion (AFD) at May 16, 2:45 PM PDT Link",N/A,did:plc:ivmkwuj6s6sgyzteltw7elkc
bafyreigtymvy7wjbwclznxooayjtj65hnbuhr5q35ydhrdfraybnw6qjs4,2026-05-16T21:45:00.018Z,@kozoudarakeしゃん​:reaction_bakugeki:​​:deep_arigatou_hukakukansya:​​:itumo_arigatou:​​:blobcat_smile_face:​​:yotimu_hi:​,N/A,did:plc:sts6qbb7bp3ga4d5frfvevop
bafyreig5t7rbhm5ktxknbrwn55bue6zdxragm75jplpyip5qshtzcpqclm,2026-05-16T21:45:23+00:00,"London police arrest 31 amid massive anti-migrant protest, smaller anti-Israel march  https://www.europesays.com/iran/117155/  Tens of thousands of people rallied Saturday in London at a march organized by far-right activist Tommy Robinson…",N/A,did:plc:wiuqiruv62xilr6p43bdyep5
bafyreieoj7luookzgfr3zynpzb7akpkb5yaprugrijsov2oxaisboewylu,2026-05-16T21:45:23.451Z,#52WeeksOfFavourites  #MusicChallenge Week 2️⃣0️⃣: 𝙄 𝙇𝙤𝙫𝙚 𝙇𝙞𝙫𝙞𝙣' 𝙄𝙣 𝙩𝙝𝙚 𝘾𝙞𝙩𝙮 🌃  City of Blinding Lights - U2 (2004)  open.spotify.com/track/2R3wzF...,N/A,did:plc:uoeducin77w63nt2yro7jmxq
bafyreiap44idykeybwngtma2h5rqujwhur5eezewqr4fmzn5scvrgeuwmi,2026-05-16T21:45:10.000Z,"Mission Druckerinstandsetzen fehlgeschlagen. Er Druckt zwar schon mal besser als vorher, aber Adaptive Meshing funktioniert mal wieder nicht und irgenwie stimmt so ab 10mm z höhe irgendwas nicht. morgen mal weiterschauen",N/A,did:plc:2ck4mdbl2y5nkt6zogksdqhl
bafyreif72lozjljughr2lpozgedayc2n3qkdfznpyrcfrthsvp2htcquzy,2026-05-16T21:45:26.244Z,He becomes verbally abusive- that says alot.,N/A,did:plc:jjyfwvyw2wkwnmmpz65qmxch
bafyreiah66jbp4opa7yfvumju273dj6xcdxsxdf4cdgjuoiymjlrtny4ba,2026-05-16T21:45:25.737Z,"I spoke with an older man this morning in the parking lot at Aldi. He said, ""Between gas and groceries there's nothing left. Ya can't do anything fun anymore."" But trump doesn't care about people's economic situation he said. This is cruel and heartbreaking.",N/A,did:plc:hshfzowwytux4fqsc67wdg5d
bafyreicfsiyjzvg2dihcxziqw6zr6pt2r67wgjjmxzw5vt5uziqxxdi6ki,2026-05-16T21:45:24+00:00,"«50 anni con Alberto, dopo il matrimonio siamo andati a fare la spesa, siamo persone riservate con i sentimenti»  https://www.europesays.com/it/493906/  La vita privata e le controversie Ha sposato nel 1976 Alberto Salerno, paroliere e produttore discografico, figlio di…",N/A,did:plc:ht6nj7wvu3y7ysrlwyc2iy5m
bafyreidkepq7qsoezhejdptzet3djt5hmgqscjsoqthl5p2fgqdnmny6ni,2026-05-16T21:45:03.000Z,"Si vous cherchez de bonnes bières sans alcool, j'ai beaucoup aimé celle-ci : Never Drinking Again par la brasserie dublinoise Whiplash.",N/A,did:plc:4m6ezdmpprmkm7ut7ue6r4wn
bafyreicxue4xrl2bya5cj6zaxrv4zmuv6c6dgznj5ehjyofa7lqs2tg3bi,2026-05-16T21:45:25.349Z,"Oh, deed ik.",N/A,did:plc:yz25thvlmwve6m5vdlfp7bvo
bafyreige7flth7ycfzcnvokonlav374756a3nq64ikufif3vkbvtyal6ca,2026-05-16T21:45:23.772Z,The Waves Brave New World Bend Sinister,N/A,did:plc:w5jlkqbcnabt7zzzujnzum54
bafyreihq4nikcgj2hvslg5tvezbbizlrmddl53ud4vh5rcsyelhqp27maa,2026-05-16T21:45:14.000Z,Balena morta al largo della Danimarca: è Timmy? http://it.euronews.com/my-europe/2026/05/15/balena-morta-al-largo-della-danimarca-e-timmy,N/A,did:plc:q2spddr7oancra7my57j62x4
bafyreifqyrfori3imv2dnr4l2uvhzxluj7zqyyj743w26owpxqvcpq2spa,2026-05-16T21:45:26.193Z,absolute madwoman,N/A,did:plc:dx74iowynso44todfsqoymic
bafyreidwhy2fnb2vrhvohfj7shvil4ah6r2bheosysobsb7lqrxueuwqxm,2026-05-16T21:45:20.436Z,La movilización histórica de los docentes empieza a quemar a Pérez Llorca que aún no sabe si será candidato del PP en 2027 www.eldiario.es/1_c9cc79?utm...,N/A,did:plc:s5ljyolvruqh6avuyoggilly
bafyreia74qtkggfbiycjxtasp7hrpp7cu7rgffywnpho7sxuukumi3cmeu,2026-05-16T21:45:23.592771+00:00,"The National Weather Service has issued a Tornado Watch for Macon, MO, Linn, MO, Sullivan, MO, and Adair, MO beginning at 5:40 pm Sat May 16 and ending at 12:10 am Sun May 17",N/A,did:plc:yv5c6jyzlx3n3rjhf3dph7pd
bafyreigk2ghygoyjstn3vyvh5fmppt6ocvinbkwp7jsxmqy3olu65wv52y,2026-05-16T21:45:25.216Z,J'ai fait le jeu et je sais même pas qui c'est chef,N/A,did:plc:hxnshoebsgr6sfujppgx57g2
bafyreidh5zx6lno7tvnan3fscbrmxyqawkomuydg3kdmylh64xluzzdc5u,2026-05-16T21:45:25.831Z,"Так пофіг хто цього року переможе, що аж незручно",N/A,did:plc:dxgufzdq2o4verb47o3p2zzj
bafyreigz7i7pvy2i6b5mw25ydqbbmsbpqrzuy6km3fk45heh3y7u5twi5y,2026-05-16T21:45:26.067Z,Finde ich auch. Ich fürchte nur dass ohne englischem Text das nicht rüber kommt...,N/A,did:plc:bxoyc7c5fq2fcncm3zftafgy
bafyreigtndgp5oy5zqujz6uh2hp2gczjztgdilngqrbfxis5rorar5dmwm,2013-01-01T00:00:00.000000Z,"An Assessment of Private Ex Situ Seed Collections  ""The Private Sector’s Participation in the Multilateral System of the FAO International Treaty on Plant Genetic Resources for Food and Agriculture""  https://www.publiceye.ch/fr/publications/detail/an-assessment-of-private-ex-situ-seed-collections",N/A,did:plc:lb7v3uq23wmm5spv2a27kehv
bafyreidgc2k3hi2kpz4hgb6ubhthcbr4qimhsqn22pvwjpkecrhyed2hua,2026-05-16T21:45:25.052Z,"And now, things are SUPER shuffled! Likely not long until the next yellow.  Mashiro Kurata and Nene Kusanagi play strategy and lead the restart!  #LL_IRL #lovelive #BanGDream #ProjectSekai #NASCAR",N/A,did:plc:u6u7ut6fuagcmuvfwiazcevh
bafyreia5avbvf75pzeookyuup3nrvoqjrc2egzuivq7z4z6hvlpq2vnc7u,2026-05-16T21:45:13.000Z,23:45  Bonne nuit.  #gayfr,N/A,did:plc:xjpbj2p45pd6szjjjkoe5h32
bafyreie4z35d4icmffy62weupphwyjbfssasbx3mlf62wzcyh25ql4a3ey,2026-05-16T21:45:26.278Z,"je l'aime bien celle la, merci",N/A,did:plc:w3jwkq7jdkui2l5wupm26opm
bafyreigclaiwj6emiauizfsrgp4sd477fwvrxu3lnzwyozfv73kj5k7yru,2026-05-16T21:45:25.881Z,Time for Schumer to go as well plus lots of other old people in the Hpuse and Senate.  I'm 78 and don't understand this need to keep working when you have a good retirement plan.  Go home!,N/A,did:plc:fpijehr7oy77hpn45b3no7tk
bafyreigr2422ynaexpqurowy3sth3m3snpsbr3mcemltmdrihzcrlh7p3u,2026-05-16T21:45:20.585Z,アリーナセンブロの最前列という信じられないほどの神席だった...😭,N/A,did:plc:yenjl7kfpjkwmi2tn42elhyh
bafyreidl2awrnobbkidkhwpe2e2jwn54yxifof7mkrpdl3fqizceyvwktu,2026-05-16T21:45:25.653Z,Mearsheimer probably got some new orders from Moscow.,N/A,did:plc:7oc54puzv3b32vxarskgeu6c
bafyreih5lfxmjyb36nrbjp24v3ie25mizitfcdwhlvr6flsqyg3r5jozzu,2026-05-16T21:45:25.672Z,"She's married to a U.S. citizen, and has no criminal record. She's a college graduate, and is working. Such a threat. What a crock. Their mad methods are appalling.",N/A,did:plc:iso4gn26rjclmpsjj7rzr2ro
bafyreici2ae7b3jmpikizrxyf557xcencenpwsifwqako27nstgfblqzx4,2026-05-16T21:45:25.604Z,just cleaned my house and it feels so good! now it’s time for a shower!,N/A,did:plc:jf7js3hm34unyrara2jvbfl7
bafyreicpsbqiktpjvt3hkw6wdkeof6eekbpfxlbtsy4lmwtswmw5zj2nqe,2026-05-16T21:45:26.195Z,Should've known. That fucking song sounds like it was cooked up by a Mossad interrogator.,N/A,did:plc:v6y6dmom5x2elrc6fluj7wap
bafyreibcqalpt4ioguou5h2qaa2g75hep4h2gztcwhxa26lf23rzs6cq7y,2026-05-16T21:45:25.182Z,Pick a Bond from the photos you already have in your phone.,N/A,did:plc:jo2ii4p7sdcd46pkjq67v7cb
bafyreiajwnao7fxvbulphashix2pzrqsr2bimze3njwz5y7rgxsj3mlasa,2026-05-16T21:45:16.120Z,"What itches me more is that most of the ones managing the current covid pandemic since 2020 are the same in charge of this hantavirus outbreak and utter the same things. It's like torment. Even if this outbreak phases out, it's insane that they are still in charge.",N/A,did:plc:ehoh7ngumicigxp2lg2bysey
bafyreiapt7vdq5bzxdave6ieywqzsjhicqpvrfg3inzy7ff7mc6uki53qy,2026-05-16T21:45:25.870Z,"It's not weak, it's the truth. You have no idea who Beccera really is because you are afraid to research him.   I've researched both.",N/A,did:plc:cdg6h25l7ur55xhmcmscssc7
bafyreicqzo2lq7hdqsjjrmpu2eaxxiz4kml5mh4s5lxzwzv7p4su424r2a,2026-05-16T21:45:26.010Z,Why do I keep seeing Michael Myers as Wayne from Waynes World when I look at Noem 😂😂😂,N/A,did:plc:j5xcax6kikigb4kx2tciujjr
bafyreihavbjryhbalci6no33qrn4kpepgh2f6qnzifylx3ibg6zuw2uzwa,2026-05-16T21:45:24.426Z,"If he were honestly to describe himself, his favorite name would probably be  ""Beta-Cuck"".",N/A,did:plc:rxmpdi647wpg5xu36tjhyewb
bafyreihnqzolkx4em4ccsnqn3x3t4dznfv2xl54e2gippdzhsxgor7zdhy,2026-05-16T21:45:26.215Z,Did he have a recent head injury? Seems like brain trauma turns people into republicans 🤷🏼‍♀️,N/A,did:plc:wkantueus6ixjgic7nve5frq
bafyreibdpdskjxdkcabakomm7zmgjwm3gki3rmsjp7kmgq3eavx5xj22l4,2026-05-16T21:45:26.116Z,"#Eurovision Persze ez egyben azt is jelenti, hogy esélyes a győzelemre.",N/A,did:plc:znalhbswyj6dvqswox72lrnj
bafyreiapndwmmctijpc2z3vsjg422b73km6kblrn3errhhnc35pfngrza4,2026-05-16T21:45:25.400Z,Out of context RCBG strikes again,N/A,did:plc:52fl6c5tj7bl5jzx3ooyfipp
bafyreih2quftydeno3a7tsd7tay7oozfhmb3xjt2pgtsffkiw43yzu5oxq,2026-05-16T21:45:24.924Z,"Labarthe, Hidalgo, Fábio Pinto e Edinho me irritaram muito quando vieram.  (Tem um ótimo que veio de lá, ídolo cá: Zé Alcino)",N/A,did:plc:gmfntywtr5aif34uf5cox5ii
bafyreighlbjxyuiimcbd5xc4b2eovpj7zvyehl5srzlubds4u2fcemeyay,2026-05-16T21:45:25.236Z,gotta love one-stop shopping. if i could pick up milk & eggs there it would be perfect,N/A,did:plc:hdgbgrdcdkhed5o77l52g7eh
bafyreigg6evmdxppsuxvnvm3ytyjd4rfyfj2gxxgp6xrfvyh5bbpug2ohm,2026-05-16T21:45:26.310Z,This feels like a scene from an adam Sandler movie.,N/A,did:plc:luyspucx7l6vzr4slq3lmt2f
bafyreig3hlpgcckyjzskxraecpjk22twodjqmi63ctx3fintzn3mz6sjoy,2026-05-16T21:45:25.550Z,🎶🎵🎶😃 youtube.com/watch?v=RNSu...,N/A,did:plc:67dnk7xmbo5pvtjn2yrst76w
bafyreid67qvdn7ip4hcdvgl2hlxjxx3ffyqu644krutekb4x6udlzhsxdm,2026-05-16T21:45:24.017Z,me logging on to fortnite for the first time today,N/A,did:plc:jkvncd6am3czze4ixjgcjcgv
bafyreia2ahyip7afykiyvlzcuyrv5nvlgr6zxygmbm237yd6htrjhqwuey,2026-05-16T21:45:26.399Z,Yes please,N/A,did:plc:7jst2kwk67b5uwsye4f62hio
bafyreia26drergyruutfzdijnc5apo7ebuxmmpc3ldytnnpbbrcra5lpay,2026-05-16T21:45:19.008Z,Oder vielleicht das? #ESC26  www.youtube.com/watch?v=MbwI...,N/A,did:plc:haaogfruey65pvm6xu7blfq4
bafyreibuk46vf3tnfueeok3ny6gvg575kbiomrwx5jggldub3h4t2qsieq,2026-05-16T21:45:21.608Z,Schon mal was von Sendern gehört? 😉,N/A,did:plc:kaom6fmvuyilwvvshq5v4kfw
bafyreihptsaamit342b4mlcxagxgizcu7afbd4yqtj6ljn5qdjjn4d43au,2026-05-16T21:45:17.622Z,Speaking to the Colorado Prescription Drug Affordability Board about the importance of making sure patients can afford their meds.   Watch: us06web.zoom.us/rec/play/SB_...,N/A,did:plc:hskq7v3qxk7h5tcwsg54llr5
bafyreicvkz5uiatexilbl6tcriblecayh3xbdhxbwe552zogckpsamumne,2026-05-16T21:45:19.974Z,"“This is a war grave with the same legal status as Arlington National Cemetery,” Mr. McBride said in an interview. “Snorkeling around Arizona is as disrespectful as playing kickball on top of the graves at Arlington.”  www.nytimes.com/2026/05/15/u...",N/A,did:plc:zrz33wwhanmexrbz7vmhu2xx
bafyreieprlzaqyb7ckvw3w5olt66kddawpjwvmncpcvf5auocy5dvwf434,2026-05-16T21:45:24+00:00,"Législatives du 23 septembre : un mois pour s’inscrire sur les listes électorales  https://www.europesays.com/afrique/104677/  Dans le cadre des préparatifs des élections législatives prévues le 23 septembre 2026, le ministre de l’Intérieur a…",N/A,did:plc:bborek56dnu5ggcxayyhomss
bafyreib74ucgpq6iq46citny6lgy57et3cywslo665ues42nklhb4kymdu,2026-05-16T21:45:25+00:00,"🚨 Gale Warning issued May 16 at 2:36PM PDT until May 16 at 3:00PM PDT by NWS San Francisco CA 🚨 Additional Details Here. (1/5)",N/A,did:plc:zyszbnikygb6tindv5queldw
bafyreiamgx7pxlyjwjevl47n5yaujpaudiebkzf5mozmqidtchfqybw3hq,2026-05-16T21:45:25.918Z,"I'm beginning to wonder if he's secretly a furry because us furries are literally everywhere in every industry around the world, and we use that to avoid having to deal with bureaucracy in general",N/A,did:plc:uunm6grnoxz62n44az3ytr4q
bafyreiglctgcg7cpjbyzp2luv5ahijfiioh7yfypyquidkmpjbjucuthcm,2026-05-16T21:45:26.249Z,“THANK YOU FOR YOUR ATTENTION TO THIS MATTER.” Nothing says “credible evidence” like typing in all caps and ending a conspiracy manifesto like it’s a customer service announcement.,N/A,did:plc:swtxmqmmr6zf23wz2mf7jqrp
bafyreicvfpmzocipobzi3egserfuzvrvvp6kpbtum6mmdpqfq72usi7okq,2026-05-16T21:45:20.803Z,#PlayPeridot #Niantic #ARPhotography,N/A,did:plc:z3k5nonf4xi7e7v6efbxels3
bafyreig7dj66ah2hkmghpwcr7yjxj5wud32bkew5l5c37vasd44avkjb6q,2026-05-16T21:45:26.534Z,:(  @ceepain.bsky.social,N/A,did:plc:3vontjgxopbjozrb3v75jmhj
bafyreiailo2zpbh2vqpzs5f4n5dpkqwuzatf3cwhvmtaxaz36eqs5qobgm,2026-05-16T21:45:26.569Z,Too twink for my liking 🤣,N/A,did:plc:grteasyvbgps66n3sjz57pob
bafyreifup3zdcdbetmt55bqcvuqmix45w4dbj46r537oxquy46avvfthbq,2026-05-16T21:45:19.481Z,Qualquer veterinário sério já teria mandado sacrificar,N/A,did:plc:moerxushvoeb3sfincwn6uli
bafyreifloigkokyhfmjjpoqyw2fkzed3kugma36s5l7xtlkgcrvfll46jy,2026-05-16T21:45:26.451Z,Just the presenters,N/A,did:plc:yoesxf54hv7ivd23h2swifhg
bafyreievmlabjtgbeug2mqnaou5y2nciy3dxgd4ybjxisee2t2h4jupnyq,2026-05-16T21:45:26.716Z,b-but..,N/A,did:plc:luojlh3dnnkf5fzhapkfg6vm
bafyreihr6tt2oxelyhupc6uke4wtgwriszhtffqthj5hikroarntjtm34q,2026-05-16T21:45:25.765Z,Easy to get overexcited by the possible 3 for 1 offer tbf,N/A,did:plc:2vj6yrueqc7qbl7eotqo3myp
bafyreicxzjobsord4rqnrvgfedvforgjce67jjinjabsek4gtps6x7mlfq,2026-05-16T21:45:23.343Z,youtube.com/shorts/i8-GB... Y'ALL THEY'RE SAYING NATURAL FLAVORS ARE UNHEALTHY EVERYTHING IS JUST ENDLESS ANIME LOCALIZATION DISCOURSE AGAIN,N/A,did:plc:56la2acetaj5pkcx5qf6opds
bafyreigceiipwv2cdqkxpeye2ccnmqihvliewbnjrvq6d3d646ucdkzqt4,2026-05-16T21:45:28.315Z,I mean if you're not in circles that use that slang you won't understand it without help,N/A,did:plc:qrjcrjnkalchijnf6l3yz35p
bafyreigev5vttl2ztrv3yxzlkzowoyhbdtlkgizdolpq2hf5sqm4rf4rkq,2026-05-16T21:45:26.672Z,Full shift at 2nd job today and I hurt so much I went straight to the gas station to get a pack of hard cider and some candy as a treat for my hard work o<< Everything ow. Okami was so mad I left her 😭 Weekends are our cuddle on the couch days wehhh. Just gotta get used to it for a couple months ;-;,N/A,did:plc:wod5btqgqt6i3hfi3ls2w75r
bafyreiace4ri4d2sbuw4572ny2qfwynm3zahmlat6juvbmwvtzhqnjn5lu,2026-05-16T21:45:25.478Z,おはようございます😊  モーニングルーティン 完遂ちゃちゃ✨👏✨,N/A,did:plc:fq2zbdyamnvsiow3ta4n5444
bafyreibfygwowaytmrrhftfwbakkna5yrij227l4toardedn322ptdvyja,2026-05-16T21:45:26.691Z,ボンドガールかぁ…藤田さんとこの子やね,N/A,did:plc:gt5rnxyhp4rs2mni4wy3st74
bafyreifsz4pdyxt4ebggy3fkky6xg7lpf7jfwtzynxseaeuhdez35suwoq,2026-05-16T21:45:27.031Z,"MASON & DIXON, Thomas Pynchon  THE OLD MAN AND THE SEA, Ernest Hemingway (novella, whatever)  THE OUTSIDERS, S.E. Hinton",N/A,did:plc:gyqw5f24stagdpcs77apw6v7
bafyreif7athiyaeulsktnqytxhhuthdk6axl5unp4dbqp6opfsmmy5etqu,2026-05-16T21:45:25.689Z,"Tampoco, tampoco 😂  #Cineblus #Eurorrision2026",N/A,did:plc:yvhi6r33ustdpsaamkyjcugc
bafyreibw7kvsadyxfm2iryw5bawzwszzwfcz5kw2svjchrrwvopohky3my,2026-05-16T21:45:26.522Z,Congratulations!!🎉🎈🍾,N/A,did:plc:4oqdzjvc4u3wgirszorb4i4t
bafyreicjz7sqtpmifuagkeqqgytgd6aqcmgsjbzijqtgaqlgy7t433oaza,2026-05-16T21:45:27.035772Z,BUENOS AIRES P1  Main - Male - Quarters  A. Coello/A. Tapia def L. Campagnolo/J. Bautista 6/2 6/2,N/A,did:plc:eaxssnsscqcqspj7h4oeuxfj
bafyreicrzbcy54kytw2ttrglaztrts3ntjkvmfwz4qejncr432sahghpti,2026-05-16T21:45:21.677Z,"Sula is not at all what I was expecting bruh, fuck 😩",N/A,did:plc:r4duyjjgerqmvbibl7dxt4h7
bafyreiay2dr6xe7762vp2a7lltguongxiw77jbua7bgqnw75bmeqchofia,2026-05-16T21:45:27.129Z,I just pick specific things to comment on. I like those shoes or that bag or your nails or that color really makes your eyes stand out. I find it makes it more authentic and less forced.,N/A,did:plc:f7xpfjsdiinb7g3x3jm2rfdt
bafyreibwvh34mdl7ars345n4os4sncuox74ik657bina5dlqdsaejsdfve,2026-05-16T21:45:26.275Z,"Thank you, EC 💙☕️ @6cats4adomino.bsky.social",N/A,did:plc:6cxybub32cqnedyd3pz2wozk
bafyreifspkgjrkbtakvmk7nqchc7b2fpfd7edabe57kcvlk3iohflx7cdu,2026-05-16T21:45:30.627Z,bsky.app/profile/mark...,N/A,did:plc:35w23ow5cjia4bfo6ty6gxhe
bafyreickldli6rhlsyvtg53ytpeu5wvlsxs4w2rsqm6yop5t4npri6exhu,2026-05-16T21:45:24.390939Z,🌟 見つけました！  オーディオテクニカ ATH-M20xBT ワイヤレスヘッドホン Bluetooth 有線対応 ヘッドフォン 40mmCCAWボイスコイルドライバー 216gの軽量ボディ マルチポイント 低遅延モード 最大60時間再生 ハンズフリー通話 【国内正規品】 ブラック  https://amazon.co.jp/dp/B09QMCFQJL?tag=papalog001-22 #Amazon #アマゾン,N/A,did:plc:5bwhugbygkastihtd6wn6wwx
bafyreic2wyhk75t54yot6ecsdjfwhmk6wa2jbyvvqdoeees5a6c4rdncsm,2026-05-16T21:45:27.165Z,アナログがいちばん,N/A,did:plc:cdnv4beholscbjq3dudpjs6h
bafyreihscb3ced25nfkjdo26gdhaysv2hmfpypypneamxjogl3flidbuba,2026-05-16T21:45:26.643Z,Bedste sang NOGENSINDE!! 🔥,N/A,did:plc:b5reqihm2qv4gmn2tluetp5e
bafyreifow2i5ewabw2itesmlzeud3vb4txjewknan64tg5nalosgmbwvui,2026-05-16T21:45:27.358Z,"I am still in recovery if that's a thing for this.  So, sorted papers and sorted meds and read. Friend came by and did my groceries run. Still not wanting to eat a lot of flavors. Nutrition and need to not do much. Brain, if possible, may take time. Pretty boring read and made comments I don't...",N/A,did:plc:2snxsa5duga2tnczzsk6lbl4
bafyreigr64j2hndqcfw7rpd6y6abrkzwtavxfpvbqvw5oe4yfsufktvbli,2026-05-16T21:45:26+00:00,"Policy Exchange – Restoring Deterrence Credibility  https://www.europesays.com/britain/38783/  Nuclear weapons are central to the United Kingdom and the NATO alliance, helping shape British statecraft and deterrence…",N/A,did:plc:47ukz5svch7g2jmqu674y7b5
bafyreihywxknrvev5cnlmkfp7pweuyfdlv7rj5pq5jfeayfjcksszmkovm,2026-05-16T21:45:27.347Z,"Oof, got overstuffed 🫡",N/A,did:plc:aykdjq2eh2blf26wqej2zvwb
bafyreif65yroapbfof7d5jjqp3oqt35gkbfv42e4aghgg6ypvwnj2xm4o4,2026-05-16T21:45:26.894Z,the counterargument to this is that he picks battles and arguments that make headway into the minds of the general population. Nation level hypocrisy rather than global injustice,N/A,did:plc:wmhszu7hdqiewov3bqlym5rf
bafyreicqixgnek3htzhdpbrgz44ylftxuovvqulrqbdaoqjdakp6uapgwy,2026-05-16T21:45:28.831Z,something to be said for people like that and their inability to detect a self-own,N/A,did:plc:o3cqb6xpnfwez5pqynmw7ch3
bafyreigg37so3saksfgpt2minygxacrg46vfltzn5gtygapbdg6rkd5nie,2026-05-16T21:45:27.539Z,I've felt like this for exactly one person in my life.  open.spotify.com/track/5j8eiR...,N/A,did:plc:f27vfw5fzsopf67l53xhcxzz
bafyreieokiqccf6wbswb2wtzp5xfcwmdo25nvn6ocf3utfompnyegi575e,2026-05-16T21:45:24.065Z,"TESK Başkanı Bendevi Palandöken kredi kartındaki açı gerçeği açıkladı:  ""Her iki kişiden biri mutlak borçlu""   #KrediKartı   #MilletGeçinemiyor   #ErkenSeçimŞart",N/A,did:plc:o5fsho2kze2ehgw46vqlqbi5
bafyreihtw5qg7krddxbset3ssgjdm77ulds5tku4rlz7khqwnovut4rifa,2026-05-16T21:45:51.552Z,🇧🇬❤️,N/A,did:plc:j74trjdumiaier7i34ujl5hf
bafyreigidktzp4vd2djezijtp5itbgts642ysqvt6esspzjgub5jd3a5y4,2026-05-16T21:45:27.679Z,nodding my head,N/A,did:plc:jk3itxfwun6fjcwdcxaiqfpr
bafyreiaatcnoryhjigtn5hye53cl6vedme7bbtfaifvef2dwjjsuxljnj4,2026-05-16T21:45:28.143Z,i think your heart is in the right place but you might want to interrogate why all the people critiquing your piece are trans women and none of the people praising it are,N/A,did:plc:mqhape7ahpfoiuqdn6r4m3xb
bafyreicboavspi3e4uytmslgn6qmbysqnm2ayeofzxkceemfdngt5vuwgi,2026-05-16T21:45:27.361Z,Would love to be him,N/A,did:plc:xlm7qkn52xsnf3xtg5ac5j3a
bafyreibskvc7bwelybaov3r54hhnpluxg752wp534s27454men2ge3plke,2026-05-16T21:45:23+00:00,Eurovision song contest 2026 – live | Eurovision 2026  https://www.newsbeep.com/nz/431087/  Key events Show key events only Please turn on JavaScript to use this feature 24. 🇷🇴 Romania: Alexandra…,N/A,did:plc:cvhzp4oqk57twhhjji5o2b3t
bafyreiawepjmw2jrv4m4svibqt7gtz27w3czxpmn6k2odzp7mfa37r5jhe,2026-05-16T21:45:27.848Z,"Don't worry, I'm not taking this record lightly.",N/A,did:plc:lrp25uy2qcz35vlib5vklemh
bafyreiboef6nq7bfyyobihlfhbfpmg3klmqeys4bpxq54igzwjynv6rspq,2026-05-16T21:45:26.452Z,"El otro día mi hija sugirió comprar de ese para las hamburguesas y mi mirada creo que fue suficiente respuesta para que ni acercara la mano a la bolsa. Como cuando algún salvaje sugirió hacer sándwiches de jamón serrano, que, como todo el mundo sabe, sólo admite pan de verdad.",N/A,did:plc:35tnn4mrk7olkl5mfdi6zgur
bafyreifbwkvaqqikjxpdvm6rcmlai57b2jax72dwh7t5im3vhp5w2ndklm,2026-05-16T21:45:26.070523Z,Tsjechië mag songfestivaloptreden niet herkansen   ,N/A,did:plc:u26sta7e5ci3v3uqo2gj6aku
bafyreiau5i3eyyfhjxlra5ekt5rrnufdp2unmewjc3bjm42v54ierpwljq,2026-05-16T21:45:26.949Z,"My pet name for him, very fitting 💩",N/A,did:plc:652ufkfo3mu663kkqtu7xpmx
bafyreifr2hkcfx2f2dz5sh2efz5t73ptooozes2axqgjkn44zpirxll77q,2013-01-01T00:00:00.000000Z,"Engagement des entreprises pour le respect des droits humains dans la production de cacao  """"  https://www.publiceye.ch/fr/publications/detail/engagement-des-entreprises-pour-le-respect-des-droits-humains-dans-la-production-de-cacao",N/A,did:plc:lb7v3uq23wmm5spv2a27kehv
bafyreifm2jsc2bpvpdiy35koqtq6s2wmzl4vheflkjhsgsq5szo6dwb5wm,2026-05-16T21:45:27.354Z,"'Ultraligera', otro descubrimiento para mí gracias a #LaCasaDeLaMúsica #LCDLM",N/A,did:plc:3km6bw5zqstawy26kwwqvfj2
bafyreib5vu5s7eki5gnomxzg3aemd3qljpakrnah6ipdbtbvwn3nhxyhoy,2026-05-16T21:45:27.812Z,eurghhh its freaking nasty,N/A,did:plc:sbl6m4pncgnnjeuzk3x7mtu6
bafyreifmn6725a7ebyf4mx7ox4amztoljwcbisp5srhfa62wjdqyypelmq,2026-05-16T21:45:25.457Z,"Over the past 15 years media literacy has become a cornerstone of our curriculum. However, bad actors, with predatory practices, exist. I welcome the thoughtful work. “This is not about stopping innovation, but rather about balancing the great promise of AI with its potential harms,” Sen. Edly-Allen",N/A,did:plc:7qb4qud3434fv7oygaxksdr2
bafyreigevngzkma3ezvy3pjd6ohmendxtuvyofmu7qy6pgr36wltxsiyty,2026-05-16T21:45:26.961Z,Finalmente a BUNDA MAIS BONITA DO FUTEBOL BRASILEIRO é nossa.,N/A,did:plc:hll3r7jgjkrysuwy5tp35lgg
bafyreigvyg6l6p5t3j6ogocpp6h7w6voiusvsv4zan5tyqywjfy636p3zq,2026-05-16T21:45:27.687Z,Smack me in the face with that,N/A,did:plc:tyqzoszwwi5lt6hga5ta4j7a
bafyreiblop2l76ge7h432uz6ld6wjfv3nppvshnsgimzzigvrkxkn7sfwi,2026-05-16T21:45:27.571Z,"💚  The internet and social media brings out the worst in people. I think what a lot of people really are is scared about AI, but that’s no excuse for not being a good human",N/A,did:plc:qndq3pt2tzecvpvf2p43wgou
bafyreibufexbyfyqki7224hk2skutzgk3fgjairoohzs6kh46biehmopya,2026-05-16T21:45:27.570Z,LOL,N/A,did:plc:oiiatiyfrmn3dozoopwihy6c
bafyreihgrjxnidvcdjc3pubt4kedlkjvmhwuypqx6qxkbqxlr5ltgmjf2u,2026-05-16T21:45:27.779Z,I use to have this problem. Now I awake easily.   On my days off I do like sleeping in till about 10:30 or 11. Rare occasions 12,N/A,did:plc:q7bvxj324e5i3heijkrmitwx
bafyreidrouhw32nx5q7gocg7xwgr6ue4ak6x34hrmjbmasnifuajpnq43i,2026-05-16T18:45:27.454-03:00,Download: 938.81 Mbps - Upload: 266.68 Mbps,N/A,did:plc:txxp4ry3ku5z4og3v6xkr3hd
bafyreifi5gejycwdu7bgk3szrtyusdfqixy2k5wd6m7uqwrm7cwalv2bvu,2026-05-16T21:45:23+00:00,Trump’s IRS suit may end with a $1.7 billion compensation fund  https://www.europesays.com/2995458/  US officials have discussed creating a $1.7 billion federal fund to pay victims of so-called government weaponization to resolve President…,N/A,did:plc:msian4dqa2rqalf3biilnf3m
bafyreihild64yix6o4jpsrphzfj6uqop3pibe3d3k44ay26njcmfo76yc4,2026-05-16T21:45:28.049Z,These people are just degenerates addicted to being mad. Pure junkies.,N/A,did:plc:gdldbyummmh4alfqmp4dmt32
bafyreigcivdawodqnuwtcc3nnuyg56zfpb4sfiiupbokszfazfb4m4vckm,2026-05-16T21:45:27.814Z,東北道ライブカメラ2 吉成336KP上 2026/05/17 06:31:43 仙台南IC326.7KP下 2026/05/17 06:41:46 国見283KP上 2026/05/17 06:31:48 地図 2026/05/08 12:48:48,N/A,did:plc:k43hwsveegzf2z4lv5fkalil
bafyreic6tunxztc3vwguhtnn6u57fqzflrjqqg4ievaa2wgwfdtbhms56u,2026-05-16T21:45:15.282Z,最後の晩餐がたいへんおいしかった　おなかいっぱいである　あした早朝12:00のフライトまでに起きれる気がしません👋,N/A,did:plc:7v42fiqjss2yzvhwpgo2pw2r
bafyreiexrx4pi3zvkokksfhgzqars5bh2p2yok6xaxtyqgxrwjq7d5gtmq,2026-05-16T21:45:27.853Z,"I *know* mfs been thinking I was a ""DEI hire"" my whole career lol. Until the first time they see my work product and learn my background then they just be insecure and weird.",N/A,did:plc:tsml3a4a7d3okv2mo2priwjn
bafyreidfdby5iaovgfjwngxqbfwmhm6fe47j3d5hzu5ce6h2ekxchafhxi,2026-05-16T21:45:25+00:00,"Michael surpreende e deve voltar a liderar bilheteria; veja  https://www.europesays.com/pt/384182/  Créditos da imagem: Michael (Reprodução) Em seu quarto final de semana em exibição, a arrecadação nos Estados Unidos…",N/A,did:plc:lxpmp26fxtdcr4fxvhycenoh
bafyreicbknxjolnhscb7x7k5sauax33hihfe6o4gybpufx2cwwa6iqsdhe,2026-05-16T21:45:26+00:00,"Smarkiai apgadinti automobiliai antram gyvenimui prikeliami kitose šalyse – Respublika.lt  https://www.europesays.com/lt/179729/  1 nuotr. Daugiau nei pusė automobilių (56,5%) Lietuvoje yra patyrę didesnių ar mažesnių apgadinimų. CarVertical nuotr.   Neretai…",N/A,did:plc:vp3jzqqaa4nk3kurftsp7hlb
bafyreibydcafkbiofwhqlwy5r4rmw3qrcallx6cybh4slsnzsjh56qxeyy,2026-05-16T21:45:27.799Z,You are,N/A,did:plc:3jfrlu2k76uccxcva4jrnovx
bafyreidub4z3wycgghontgni7smnkfc6e52dv4zt4h557svea4fi7pvdma,2026-05-16T21:45:26.397Z,Children are NOT born racists!!! youtube.com/shorts/oGid8...,N/A,did:plc:fuallf5udbagzhxzgw5a7ela
bafyreibzxdtuh2s7ocyrvguwir6npzc6yeqbbs46slc47cinowexb7wo3m,2026-05-16T21:45:28.267Z,"Yeah, I haven’t watched CBS in a few yrs now. Once they started journalistic cowardice, I was out. 60Minutes is just the latest failure in news shows.   Firing Colbert is end of the line for them. May they not rest in peace.",N/A,did:plc:4say4wrnwbiywzzxp3bybzsw
bafyreiegeyuhebw6gvdcpvkrdki2ry3cakfaztumd7xbz6eayw54oyscri,2026-05-16T21:45:25.715Z,ohohohohohoh,N/A,did:plc:kltjd7widlijhjpi6hrnpnfu
bafyreiewhkc6cb225sjxka6phkf6wj5rzpq7wiiksrflwqyjyb2qtxhpti,2026-05-16T21:45:28.050313+00:00,"A strong thunderstorm will impact portions of central Knox County through 615 PM EDT [wind: 40 MPH, hail: 0.50 IN] Link",N/A,did:plc:5kw32zw77grfxwy3vdwtgggw
bafyreig2op6twfci65wmrmeba5an5sqazeinv4gzxmhwavvnx7muix46z4,2026-05-16T21:45:28.269Z,THIS LOOKS UNREAL 😍🦆,N/A,did:plc:7vx7hudxho6bkuvsp45bzdja
bafyreia27sgwpsdhxqvc45mgg67s6bquwnpeiw52ziyt67rekq6x6bpyda,2026-05-16T21:45:28.437Z,"Narcissist deny, dismiss, distort, denigrate, in full display.",N/A,did:plc:x3hu6dix64q52x7odvqcwyrn
bafyreicyta6q2l5sa3w67plbhcbsu6bbbz5q54frbmlsajs2zry2npklpy,2026-05-16T21:45:28.503Z,Румунія теж непогані,N/A,did:plc:2dupjoa7r5z4w6aopsh5hzny
bafyreidshlt4sqrpvxxunps2k33on3ij5u4ibih7crzzhsozn6x5pwuqly,2026-05-16T21:45:28.363Z,A hot dog with crisps on it. Yank food sucks.,N/A,did:plc:p3gc5aq4gc7thqnbm27p7r7a
bafyreieuin7q2tb37jodvvrzc2v5vbczym52znpuzey6u5xdjdoa63vgxq,2026-05-16T21:45:29.666Z,Alles was du möchtest,N/A,did:plc:erbd6wwhpobt2l5m2tn7z24d
bafyreicojxoc4oedmxdunn75b7x6akshfzcen74njhhkvudimksqhz37me,2026-05-16T21:45:28.587Z,"If the first thing you eat in the morning is construction supplies, you're having brickfast (with maybe a side of quicklime).  #dadjokes",N/A,did:plc:lzdfqghsrnfngsip64zacvnj
bafyreialpaksdmni5mwv3ew5y6cosgj2g3u5uwxkxumtb53pg6msppsram,2026-05-16T15:45:26Z,Dezeen Awards 2026 will open for entries in February 🌿  🌿 Echoes from the #LikeForest Team @thelikeforest  ,N/A,did:plc:s7rd6mfwkeqi4gjwz2ie3vgd
bafyreib5mhzskfnkziclswccs5nqppeemawokmrbizgvcattsblukykkjm,2026-05-16T21:45:26.944Z,www.tiktok.com/t/ZP8paGbAU/,N/A,did:plc:yzrdbyug73kaxps4ooi3adrg
bafyreie6gcalwe35ylfmojnranqjvmyby5cx7gqrijj2r4d6obwfoieezi,2026-05-16T21:45:29.958Z,Looks like you've gone too far now,N/A,did:plc:rlvrllvj6clekl2clr2onzy7
bafyreihvlcrus4qpxvdahexcn4tfbvgqhrkd6kswodqgosqakyotkfht5u,2026-05-16T21:45:26+00:00,Israel says it has killed Hamas military chief in targeted strike on Gaza – The Irish Times  https://www.europesays.com/iran/117153/  Israel said it has killed the Hamas military chief Izz al-Din al-Haddad in a targeted strike in Gaza…,N/A,did:plc:wiuqiruv62xilr6p43bdyep5
bafyreibjmd556vo6eq5uyueveosgfis4qa4oee5juzjc2vynnysjommlae,2026-05-16T21:45:28.467Z,"My guess was a combination of the sound of the ""Ph"" in ""phone"" for the ""F"" and ""noon"" for the rest, was that accurate?",N/A,did:plc:5xoitrx4ujnzsbsqahemdkan
bafyreial2yyclf3qg2vcfijoy2pixdnnv6ojylll3w4kfmmyi4lcfdyrnq,2026-05-16T21:45:26.661Z,Not playing Forza Horizon 6 this weekend? Check out the early access demo of my anime racing RPG for the price of a Big Mac meal and support an indie dev! 🔥🤝 Link below! Should keep you busy for a few hours.,N/A,did:plc:paih3jutt4bxrca2dzanzyt4
bafyreih5icz75mnaavkzbo4z6g6qlizbql2owx23qepmfk3q3tdyuxgrqu,2026-05-16T21:45:26.662Z,Thank you for your support: 👏 Patreon: patreon.com/KaidoGenkai 🤩 Wishlist: store.steampowered.com/app/3113580/...,N/A,did:plc:paih3jutt4bxrca2dzanzyt4
bafyreifv7s7bgbhhadqyc5jn2bjfnre4j7zvqpy7jgnjllhj7shfqfmmi4,2026-05-16T21:45:27.530Z,uau doc,N/A,did:plc:rgzlm5p6gtapnxewtdl23l4s
bafyreiahf3q6e6rxuxngo6vmgelejx4kk4njhmur37nkp6k5vvvsmjidxq,2026-05-16T21:45:28.367Z,So 80’s,N/A,did:plc:l7fbppskqxgxpxwesb3ngslp
bafyreieteupdrshyzvpgf2fiziso2whetg7yexu2f24pmadd2ttteu5g7e,2026-05-16T21:45:27.236Z,"Just to be clear, all of these porn mags are real, I *specifically* looked for german magazines from the 60s, 70s, 80s and I redrew their covers to add them into this comic. The actual pages I show are made up tho",N/A,did:plc:s33ls7elj4e7gdgjoz5fomlk
bafyreicjinqctbnesavcooxt5cg4natluoz2mm5as3rtzlnybrgug5ya64,2026-05-16T21:45:28.657Z,it actually looks like the first 'jak tbh,N/A,did:plc:wrmujerdhmimb7miic3q3mhh
bafyreif5yetl7p2aoys4cxyrcyv52iyyjgkogk3ktvhhhcc225ybtukita,2026-05-16T21:45:27.902Z,I feel seen  www.joellavaforcongress.com,N/A,did:plc:2ftcptzy7cqa2xu5mn5op2bp
bafyreie7sncg7j3rspvs64biw3wp3e5jsz2grhdu5npqupeclesuikgrxm,2026-05-16T21:45:28.489Z,I saw the video. Awful. Hope the dog recovers fully and I’m thinking of its family,N/A,did:plc:y4vndguyu5ijkkyh4bifxqxf
bafyreieejcra4w2hr3g3wttmr24jhir3sk5d2nbm7xyi7osfglekjds3um,2026-05-16T21:45:26.488Z,"As LIRR strike enters first day, New Yorkers face shutdown, brace for rush-hour chaos",N/A,did:plc:7yvfc6kvlaw5she7qxjawoxo
bafyreiamqbaueqlfwskct4uggeykigwmnexaz6tss6qedcu7cm66wfzkfi,2026-05-16T21:45:28.906Z,"truly, we have peaked as a species",N/A,did:plc:hozc7mpnafedn4wo7wx6wjyv
bafyreihrtm6mizlv4ukkqju24226aozjpwdft4cyz7qkcvtj77uokej5pa,2026-05-16T21:45:29.005Z,Who’s pondering the old orb still,N/A,did:plc:csxypiykbue2ayj7f2cbf3pu
bafyreihwb5qahpqmm7q4z4cwusk27ge2cuwatsunwd4i4nvfveoztwszbe,2026-05-16T21:45:28.745Z,"The fuckity fuckers @nycacc.bsky.social killed senior pup Stone 💔😭💔  All life is precious; both his owner and ACC apparently don’t understand that. ACC however is paid by NYC citizens to “care,” what a joke 🤬  #ReformNYCACC #NoKillNYC",N/A,did:plc:szagzkxt7d7f4adb6dbrbauy
bafyreihkimew6i3d7g7fskbwnvmhx642th52fdhdr7im4lljqtzk3pudre,2026-05-16T21:45:28.168Z,Emergency room doctors in Alberta are saying that a patient died inside the Royal Alexandra emergency room in downtown Edmonton a week ago – after waiting several hours to be seen by a physician.,N/A,did:plc:kf5rbn26yo52vdwkr7wzo44i
bafyreid7gkqiklctl7jw74veipiddj267ziztihtimf2m5cjedhgbik6by,2026-05-16T21:45:27.685Z,Teria que ver mais pra poder emitir uma opinião bem embasada...,N/A,did:plc:tifslimzud6gnhwi5ymx7nvt
bafyreih4cpxjlesqwefaoab5feoub4wvqbnnfacy2yydeojt2jzqb62zyi,2026-05-16T21:45:27.832Z,Tempt me like that and I'll have doughnut all day. Your generosity deserves extra tip though.,N/A,did:plc:hrx2z7udv76roighnpazo57c
bafyreibie7a5ynjv6i5s4qyqdqmu7vepvyxzyqachs2jvaxzdjnyg4zwtu,2026-05-16T21:45:29.248Z,Pro tip 😌,N/A,did:plc:3fv7qroygj4lohbfelc3nmdk
bafyreiaoqb2omngea5konaualuzgysymksezezzcej2rs3sbfiubv46ahm,2026-05-16T21:45:26+00:00,"Festival di Cannes 2026, le pagelle ai look: Wim Wenders, Cow Boy chic (7), Javier Bardem, istrione (7,5) e Natasha Poly, ipnotica (8) – Corriere della Sera  https://www.europesays.com/it/493904/  Festival di Cannes 2026, le pagelle ai look: Wim Wenders, Cow Boy chic (7), Javier Bardem, istrione …",N/A,did:plc:ht6nj7wvu3y7ysrlwyc2iy5m
bafyreidqnlq5nmsg23ii7v62pjan3lswhym4ykp4wxaumzymk6xhvzsmae,2026-05-16T21:45:28.435Z,The Alzheimers Association can help with questions regarding end of life decisions.,N/A,did:plc:gyvy2gmm2fhqtobou6sgurxj
bafyreih3rfjxrkoquwl7ciwy4qeue3nht3rckibx4jl3r3wbmibtfrag6u,2026-05-16T21:45:28.832Z,Romania coming out with pure early-00s emo with requisite armour and mournfulness and some bonus drukhari whips. Four warhams 🔨🔨🔨🔨  Norway attempting to do the white stripes but boringly. No hams.,N/A,did:plc:dsx2ruaxcfubvhsxx5til7md
bafyreieh5zpsdt6prsif7v4g7ter6a6asgfo5xek7ebwr26r5iyrsfsfja,2026-05-16T21:45:29.379Z,"上履き キッズ 子供靴 ルームシューズ 楽天 うち履き キッズシューズ 上履 上靴 室内履き ...  価格: 1,846円",N/A,did:plc:ilbnegpaytrh247k73o6ptdn
bafyreig2y3fywijc64ty3dpzau5jwf6vovfgnwdcloyzbfuvlfjcxbyr2m,2026-05-16T21:45:02.789Z,www.linkedin.com/pulse/tappet...,N/A,did:plc:pdneicck34ofxf2x4kjda6xd
bafyreia4ew4c3jhzaedb7dzqkynlewdatwiu7caeg5kywmdlx3fecrenua,2026-05-16T21:45:28.903Z,“The Akbadain? What’s happening here..?”,N/A,did:plc:b726lcunhmoitwcqrhwcvqyy
bafyreie3ehwknwbwbryhxtv4fef76gwlr2qd5i5i3g4wssxn4kynx5zsma,2026-05-16T21:45:29.278194Z,BUENOS AIRES P1  Main - Male - Quarters  F. Stupaczuk/M. Yanguas def J. Garcia/J. Jimenez Casas 7/6 6/3,N/A,did:plc:eaxssnsscqcqspj7h4oeuxfj
bafyreic5gjdchbzjjufvzjzzqutogihfp4twuieo5rtdwunllvhjx4cm3u,2026-05-16T21:45:28.341Z,👀👀👀 which season?,N/A,did:plc:fp4dvqrh2olczhtpc6woz5xz
bafyreiam2muqzyejhzywksib3gcwe4lobszmq4ioujexbj2w5vwkn3yz3y,2026-05-16T21:45:28.825Z,1933 and all that... Maybe they'll hold rallies in Wetherspoons.,N/A,did:plc:omj2gbh2vibvqjxk5g43nk5b
bafyreie6eyqwq7nb2v3zu35ncvbpdrdmvg52hbu6ylobgiyxyav2h2twya,2026-05-16T21:45:25.367Z,That’s my absolute fav pic of the night  credit: jmsmasquerade on IG,N/A,did:plc:w3ucq7nbwta4mwvybzn4r5bq
bafyreib7kaarl4kqngcdql7tvyvb2csrugwjsjlmtxaaiqkb4xnbelmyxe,2026-05-16T21:45:24.17255700Z,"And you look so much better without that shit in your hair. I mean, saddles if you need them, but I could ride you bare.",N/A,did:plc:wvylebsu5wu3co4def5z75lg
bafyreicxunzqv2es3c6uphjamnpk3mma6zlja2bg3q2pgadive4n3tb5ym,2026-05-16T21:45:24.023Z,"“Desterrada la justicia que es vínculo de las sociedades humanas, muere también la libertad que está unida a ella y vive por ella”. Juan Luis Vives Sin justicia no hay libertad. #FelizSabado y #findesemana. #CasoCerrado",N/A,did:plc:2hzaye7qxjacsy27f73eq7an
bafyreie7ihqjwzbnyl4gwhqxxt2caxnnp6pxsbt34j456p2aupi2xh65da,2026-05-16T21:45:29.491Z,"Essa dívida de gratidão é estúpida, nem o títío que foi salvo está tão grato ao Mirinho 🙄 E Tonho alcançou o limite de minha antipatia 🙄😒  Agora verei a novela pela Salma, Ana Maria, Kenia e Mundica #anobrezadoamor",N/A,did:plc:oazhfwvgdddd2cid3a6jer6d
bafyreiapvew2xvpfwzo7vtbnxrq4kjps6iih62act3w4lv3aoznrdekxwa,2026-05-16T21:45:27.459Z,"Ja, was ist denn ein Register für psychisch Kranke langfristig sonst? Hallo?  Glaubst du ernsthaft,  dass Merz noch 3 Jahre durchhält und die AfD in diesem Land nicht demnächst die Bundesregierung stellt? 1/2  Die AfD steht inzwischen bei 29% Tendenz steigend!! www.wahlrecht.de/umfragen/",N/A,did:plc:nzjygelp423qb44j2ejhrpcc
bafyreiejjupapsvufpujsqazwvyu3uho4tviyryqfymjgfexxfhrw4kbka,2026-05-16T21:45:36.062Z,Those addicted Dems must still be leaving their coke in the WH bathrooms.,N/A,did:plc:nxac4ifdy42xkz4xj7mdg6va
bafyreiglz6wvyx5h2a7p6pzsbolz5a62gjjwjyszp2g6ovu2mypodf2goq,2026-05-16T21:45:29.408Z,😎,N/A,did:plc:qc34cqjefez4xzfchmwiuqmp
bafyreiewgasdmrom4bpclucziupmmhlb6vtztdbrfk23nza5kys3bkypru,2026-05-16T21:45:27.927Z,Você é muito estiloso parece uma lata de refrigerante legal,N/A,did:plc:al7uswtp2gt32brhwbptf2ya
bafyreihdxzvqbpo44vd355ey2o6nywsopzmwqn5kyz6ibmghzmtukhwlzy,2026-05-16T21:45:15.833Z,@tim-stillman.bsky.social 1 Avanti West Coast 0. Brilliant night at Union Chapel 🔴⚪️,N/A,did:plc:zl3zi3ipr465tm2folvhxezc
bafyreihvvgj7e6bphqmbfwat2fsckzxxjcmzwd5mhz5lnlv2xya55oudoa,2026-05-16T21:45:29.464Z,rawr XD,N/A,did:plc:5n3b33m3ubpqp2ggdelcaew6
bafyreibslhx3i6pq3fuicuvji56imu3nn7awg64srcho3zfjddqeidh2hm,2026-05-16T21:45:29.393Z,Explain it to me when you find out.,N/A,did:plc:dczh54eiicu2nv57mlf6zlyr
bafyreift2t5qplbicqxd5zlfnzmlpcn4z5hmhcpswboqmkbvgv5cqiieqm,2026-05-16T21:45:29.701Z,"Digit: 2,873,757 In words: Two Million Eight Hundred Seventy Three Thousand Seven Hundred Fifty Seven अङ्कः २८,७३,७५७ अक्षरः अट्ठाइस लाख त्रिहत्तर हजार सात सय सन्ताउन्‍न",N/A,did:plc:f4z2nftgrn75h7h3wucdyzaf
bafyreicfxbr5mv76aumxgl6w6whok6vssxrelu2ak6vzinjwcxaqrocww4,2026-05-16T21:45:29.219Z,"At this rate sooner rather than later, as he's getting zero reactions. I hope being Cody's lap dog was worth it for him. #NoSympathy",N/A,did:plc:k6yk6ex7wysn766ssk2ajcdp
bafyreifsuphn65chdxprbp6nyeyj2hxqgqhhaumc2qeekmb344iiiba3ci,2026-05-16T21:45:27+00:00,"Richard-Toll : un commerçant interpellé avec un important stock de médicaments illicites après dix ans de trafic  https://www.europesays.com/afrique/104675/  Le Commissariat urbain de Richard-Toll a procédé, le 15 mai 2026, au déferrement au parquet d’un individu pour…",N/A,did:plc:bborek56dnu5ggcxayyhomss
bafyreibs6swabefftnuvvzj5trx2qgfy6ofsuhxx6q4atlq44vd7sw5qea,2026-05-16T21:45:29.501Z,Anyone interested in building companies and getting clients?  I want to decide whether to share some insights here 🙏,N/A,did:plc:t6ocbum2xkbawqitwct26cqm
bafyreihzc7e7okrpewaqivket5xkng642medjryte4rqznc5clvo6edrie,2026-05-16T21:45:31.897Z,Mmm. Had a related feeling on account of the autism making me feel like I'm in an old timey diving suit.,N/A,did:plc:355meljijqaaf2vyoc5hxoi2
bafyreigcp64q4gsk5bpaobco5hcrzqhfnt3qj264redyg6aoujvvydmfuu,2026-05-16T21:45:24.337Z,If AI is so smart then explain this,N/A,did:plc:uai5hdyjhb7yxe4qkdpbw4yg
bafyreicew6ryigbvkpd5bxfk3u76lbglhrfsiiydlt2z6ilc3ggaznsdly,2026-05-16T21:45:29.040Z,"Oke, niet goed, maar dan moet je ook aangeven dat:  Groot-Brittannië handelde 3,2 miljoen tot slaaf gemaakte Afrikanen.   Arabieren handelden 9,5 miljoen.   Afrikanen handelden 12,5 miljoen over de Indische Oceaan.",N/A,did:plc:xndhidkjk22ff4faejjmvupr
bafyreia7moqbx6faboqy75axaggsnk7nb37bef6chr7nskdqvspyhbkx5q,2026-05-16T21:45:27.871Z,"Only 10 left for gm, I can almost taste it 🤤",N/A,did:plc:buqlnfrjcvkm5fv7khtcyc3s
bafyreidm3g3m6py2mvbd6qq4rxpujk44qonjvhbwd7vnocr7lclsj5ezku,2026-05-16T21:45:28.988Z,The body farm in Stiff is one of the best chapters. I’ll def check that book out!,N/A,did:plc:lbx4v72g5khg7xulisg3j7n7
bafyreidimib37tt6ymrxfx53h6g2ldyyuopttrmaazzlb4wd3p4bq7fvnq,2026-05-16T21:45:41.293Z,"I mean, Devil Wears Prada 2 is the obvious choice",N/A,did:plc:7fxv7rriimdz6zrvfr5mwvlz
bafyreieob6subg6lsopgi7brfx72t6a3jhilzdbbxij2c7anskz7yrosmi,2026-05-16T21:45:29.535Z,"Ai aconteceu a msm coisa cmg, só q pior, eu sentei do lado de 1 amg q falou pra eu colar dela, mas eu não tava entendendo nada das contas q ela fez pq não tinha ideia das fórmulas q eram pra usar, tive q inventar qualquer coisa na hora",N/A,did:plc:bx2tncmbpltbfj5wu2en3zfj
bafyreib3sjdwiifdm4rgrxtx5pkx3cjbhmbfildebk6a6nqujvvd7vlujy,2026-05-16T21:45:29.830Z,Feel better soon Scaver,N/A,did:plc:cjn42iyqqj3myr3w7i3ffx6r
bafyreic5uqibi2qnde5j3xurezx7kllavghpyzsdrjmnaf7lwj5recqdci,2026-05-16T21:45:28Z,🌸 アイドル写真集好きに  『AKB48 長友彩海1st写真集 予定外の瞳』/ 長友彩海  🛒 商品ページはこちら！ ♻️ 商品ページはこちら！  #長友彩海 #写真集 #PR #推し活 #保存版,N/A,did:plc:7zoedqnototh37ulnps554og
bafyreibjc74npusiczqurfkjdewvcywgym6tuwdumxasviytyug76b2hue,2026-05-16T21:45:29+00:00,💱 Perpetual Funding Rate Monitor 🔗 CryptOn Forecast - https://ift.tt/BUEjcql #btc #crypto #StrategyBuilder #BitcoinTrading #CryptoMarket 📊 Market Sentiment: Neutral / Balanced 🟡 No clear directional bias. Market in equilibrium. 📈 Avg Funding: -0.0020% (-2.2% APR) ⚡ Most Extreme: SOL at -0.0154…,N/A,did:plc:tkz4bawqiwt2h34zlslcshds
bafyreiagju26jkj4uas5aj3v3pta622koizpf4rtxqeux7vfeyp63hes54,2026-05-16T21:45:29.909Z,"Digit: 2,873,758 In words: Two Million Eight Hundred Seventy Three Thousand Seven Hundred Fifty Eight अङ्कः २८,७३,७५८ अक्षरः अट्ठाइस लाख त्रिहत्तर हजार सात सय अन्ठाउन्‍न",N/A,did:plc:f4z2nftgrn75h7h3wucdyzaf
bafyreia4zhmibhjyv7frvejv3plv6rmmmlexnr7qdn7djs3w6ceqy7i6hi,2026-05-16T21:45:29.455Z,Yeah. It made me want to throw up--literally. I felt sick to my stomach. It's like being on a sinking ship with no lifeboats and you thought they'd send a boat. And they said 'sorry no can do but you'll figure it out.' And you're in the middle of the fucking OCEAN.,N/A,did:plc:vo423dlpuoskdaih54lrfplt
bafyreih2ouvhvie3ko7lhd3j2p24sdylm3bu76qaloyfjk4ncvl55sea3y,2026-05-16T21:45:29.005Z,"Por cierto, ha sobrevivido.",N/A,did:plc:sjz4lxfdltke6quz5n4yxqiv
bafyreifv6jydk72se5kbxqjrvr3pxvhnvuwsv23x35n7j4dmo5tgvncg6q,2026-05-16T21:45:23.432Z,"It's concert day! This season marks my 7th year with @wmgso.bsky.social and 6th year among our livestream team leadership. Huge shout out to @arrowned.bsky.social, @baltimoregso.bsky.social, @bassoonify.bsky.social, and the rest of our stream crew for taking over while I'm onstage.",N/A,did:plc:csl74pwhu2a3737oni7t5miz
bafyreiflnxtpsgudipjwnksp7ubpraj2vp333oho2pzbkyfh4e3ortbqv4,2026-05-16T21:45:29.827Z,So he’s allowed to grab companies by the p*ssy but first make trades concerning them. Seems totally fair 🤬.,N/A,did:plc:epxcbh5crwy3shzs2hymgs7m
bafyreigf4yoxenexn2und6dsbhq7vva7ouxbdhukrt76ae2h7fe5pjpgwi,2026-05-16T21:45:24.154Z,After gym pic #butt #gay #ass #dallasgay #dfwgay #sexy #gympic,N/A,did:plc:ocof2hio5vospywif2sgm5ce
bafyreie4b7is3h55cchpgnsm2k6od3fo2wgyylmvbjvjbox3ke2vhtifly,2026-05-16T21:45:29.304Z,Neida. Gjerne begge deler!,N/A,did:plc:7tmxrxohruvrlq6fpqhxvvhi
bafyreibfj3ea4ys43irm5kdrmjhu4jztmoafvhb357paq7ohfn5onlxvf4,2026-05-16T21:45:29.579Z,who is the zsnes,N/A,did:plc:duildaucfljneqljtyll5h6l
bafyreicuijxanpxnsuqkntqeyr4tv3mpxgivtgtezhs24smthjy3buq7ki,2026-05-16T21:45:30.084Z,"Digit: 2,873,759 In words: Two Million Eight Hundred Seventy Three Thousand Seven Hundred Fifty Nine अङ्कः २८,७३,७५९ अक्षरः अट्ठाइस लाख त्रिहत्तर हजार सात सय उनान्साठी",N/A,did:plc:f4z2nftgrn75h7h3wucdyzaf
bafyreifwnvw2ckseon4dgiks57s6ezfemjmlv4caqpuqc7tmtk276rjnsy,2026-05-16T21:45:24.55330400Z,Where did your life go so wrong?,N/A,did:plc:6revtmdzeyrt36nvq4rnbinz
bafyreidmx5bmvnw3qix6dql4dpvrkqdz52twxqr4mwqvhhoo7vid7o7t5i,2026-05-16T21:45:27.888Z,I hope this is an indication that support for this is dwindling.  www.theguardian.com/politics/202...,N/A,did:plc:nxanllsnda2w3lxcns2govzj
bafyreifje2l2i3lhxwzohe57uflmtpxnkgx7htqz3utlru6o4hnwhlgul4,2026-05-16T21:45:29.529Z,"I really don't get the logic behind their launch schedule, they have huge libraries that get no updates for ages, then suddenly add a bunch of games for the console that has the smallest one lol",N/A,did:plc:xfby52b3gzelhvkxusat5szk
bafyreidjm6ujtdmbmz7kjfqstwa4vpwaukzhkafomhitcc5mcsakkepwkq,2026-05-16T21:45:29.871Z,@markwarner.bsky.social @kaine.senate.gov @repsuhas.bsky.social thoughts?,N/A,did:plc:uatu5umet2yoczgkbsol2nxj
bafyreifobnh7qsj25fztpzffc5ibniwqs4md7twlsmlxgu4famumuoly3m,2026-05-16T21:45:30.071Z,They’re defending themselves somehow,N/A,did:plc:tk32pf7q6xyremg2u6uj3gzz
bafyreic6to3wgcadxthuitac24u2empyamoz3shnulufxonyebb4rc3zxi,2013-01-13T00:00:00.000000Z,"Organigramme du Beny Steinmetz Group  """"  https://www.publiceye.ch/fr/publications/detail/organigramme-du-beny-steinmetz-group",N/A,did:plc:lb7v3uq23wmm5spv2a27kehv
bafyreieerjhplatvncwectlpsign4bgku6fl4dprefvapvdxg3cckw7bq4,2026-05-16T21:45:22.307Z,www.linkedin.com/pulse/dc-inv...,N/A,did:plc:yfpc2a3yiye7xden5qca6bqq
bafyreihmwyibvo76nae3ofxmmnefvkus2jkopwd22zh7ewxznvwe3di2zq,2026-05-16T21:45:29.889Z,"Ai, ela gemeu no meio do beijo, gemeu no meu ouvido ENQUANTO estava no meu colo",N/A,did:plc:igolpwo7el2g25pafw5tamyw
bafyreiajo7t5l6no2pf2tf3we3hutaejcsw5ehnbcig2gmg23ecn644mvi,2026-05-16T21:45:30.316Z,"Digit: 2,873,760 In words: Two Million Eight Hundred Seventy Three Thousand Seven Hundred Sixty अङ्कः २८,७३,७६० अक्षरः अट्ठाइस लाख त्रिहत्तर हजार सात सय साठी",N/A,did:plc:f4z2nftgrn75h7h3wucdyzaf
bafyreiax6jh2bdfdoyt2aud6efvzzcofh5ft6nyuqpuqhf3q5xfvwomgxm,2026-05-16T21:45:27.415Z,www.threads.com/@fox31denver...,N/A,did:plc:64arpyeoawlwdfbncsti6wfq
bafyreibip7vvhfcuwbqomlvyszvu5llypqfmuffaukcleiv24k36zhf5li,2026-05-16T21:45:29.854Z,I want to go home,N/A,did:plc:d5ggxhhjf7rjkpqzlbgj2leb
bafyreihc4yr5ao422deysy2wldnmazqfx6plrvjucmm63i2navjnqeqkim,2026-05-16T21:45:29.931Z,ログスト〜！！ありがてぇありがてぇ…安定の夫婦だった……,N/A,did:plc:76ccic4cvwgysfgugoexpeya
bafyreicipvr6n2lz7jehsbahi2rogmt6kr6dquwjjean7dxgd4lmfe644m,2026-05-16T21:45:29.448Z,Parov Stelar 😭😭😭 #esc2026,N/A,did:plc:cxns6h4cglwsg2qyjwgz55dw
bafyreihrcx64c6pwtwwpysq7iqjbxtspnnbcrbw4jobdznvlmxikkbqgda,2026-05-16T21:45:18.000Z,"2026-05-15 Gravy, Fenders, Westerville OH https://archive.org/details/260515-0055-3-4",N/A,did:plc:4fufnalid3zqai6v7zk4iy2b
bafyreidegn77luoy5jdffdueolfaiobxpeag2aq32zp7qyauvqkxmykcpq,2026-05-16T21:45:30.025777+00:00,🏛️ CULTURE | Monroe (17 ans) représente la France à l'Eurovision 2026 avec « Regarde ! ». Finlande (42%) et Australie (25%) dominent les cotes. 25 pays s'affrontent à Vienne. Cinq pays boycottent l'édition. Monroe est la plus jeune candidate hexagonale depuis 1965.,N/A,did:plc:awz5xssgh4h5rfxbn7uczhlq
bafyreidojuqgypgldkqinbsxfvt5brgi46vvxgb5gialxs76iyetvxz3ue,2026-05-16T21:45:29.179Z,なんか15時くらいまで寝たつもりだったけど普通に7時前でウケる,N/A,did:plc:gz7oig75vxhpjnvkwigpauvx
bafyreidvhcjd25a3wct7z3hv7zwbqwt33o4gxnxeoncfg2kjezumpubvxe,2026-05-16T21:45:29.149Z,ooooh.  I need to try those.,N/A,did:plc:6fzthh5xfd3ol7t4wvhqfms5
bafyreihblvhkqjjkpvkckck2mhp5v2otgkindsm7sbfxehpekzk4iek4yi,2026-05-16T21:45:30.538970+00:00,🟢 Certitude élevée (5 sources concordantes),N/A,did:plc:awz5xssgh4h5rfxbn7uczhlq
bafyreidhtymm2nsqlzoafscbuqogpi7bt63p6trnernbgwjd7cciwuftny,2026-05-16T21:45:29.571933Z,Bulgarije en Denemarken winnen Marcel Bezençon Awards   ,N/A,did:plc:u26sta7e5ci3v3uqo2gj6aku
bafyreif36e4xid62x5qeazcx2tj4fvoj3i4wggetqrlwpdg5nxb2r5if4u,2026-05-16T21:45:28+00:00,"London police arrest 31 amid massive anti-migrant protest, smaller anti-Israel march  https://www.europesays.com/britain/38781/  Tens of thousands of people rallied Saturday in London at a march organized by far-right activist Tommy Robinson…",N/A,did:plc:47ukz5svch7g2jmqu674y7b5
bafyreigwjcbwvuc3n7weivyk63xujt7nqc4z4safbqbxub55guzakgmcwq,2026-05-16T21:45:30.584248+00:00,ANGLES MÉDIATIQUES | Le Figaro et L'Obs mettent en avant les performances artistiques et les cotes de Finlande/Australie. Libération souligne le boycott de 5 pays et la tension liée à la participation israélienne. Aucune divergence factuelle constatée sur les résultats probables.,N/A,did:plc:awz5xssgh4h5rfxbn7uczhlq
bafyreictbco6ubh74u7iqa5bm6232ayeka3u5kfyyh3k5lmu4fomfdfzwy,2026-05-16T21:45:16.000Z,Monteur Speeltoestellen – Artiflex B.V. – Almelo Bekijk hier de vacature: https://vacatures-almelo.nl/vacature/monteur-speeltoestellen-artiflex-b-v-almelo-2/ #vacature #almelo #whatjobs,N/A,did:plc:zjt3b7lc7uqrvxsua32nb6yz
bafyreifxeuaps2z2ojfyyolrde3md4cc2qr35hk2j5ddb2vix5ieydzpue,2026-05-16T21:45:30.625878+00:00,"Monroe, née en 2008 à Salt Lake City (Utah), a remporté en 2024 l'émission « Prodiges » en interprétant l'air de la Reine de la Nuit de Mozart. Elle est catholique pratiquante et a grandi dans une chorale d'église.",N/A,did:plc:awz5xssgh4h5rfxbn7uczhlq
bafyreiccqdlya7gdc77dccszyzfynkdrqgjnef6e5wntzcg5v3fqqe6ddm,2026-05-16T21:45:30.545Z,"Digit: 2,873,761 In words: Two Million Eight Hundred Seventy Three Thousand Seven Hundred Sixty One अङ्कः २८,७३,७६१ अक्षरः अट्ठाइस लाख त्रिहत्तर हजार सात सय एकसठ्ठी",N/A,did:plc:f4z2nftgrn75h7h3wucdyzaf
bafyreigqmpxo5ef4bufqukpedfh3xh6v65xs2iyxflswe77ayckxjiw3r4,2026-05-16T21:45:30.515Z,I didn’t know she was in that iconic piece of cinema!,N/A,did:plc:tfp5eoynynisunnugvuw6nga
bafyreidostkri2kb3xwzj45sxxbrbq7zdp4kn62lkr6mebrsm77uhv2qgi,2026-05-16T21:45:31.277Z,//DANNY MY LOVE SAID YES he's gonna be Dionysus,N/A,did:plc:i4xdnmmkwfvfe26pkepozti4
bafyreibhdkjk72wmrghf7mgm7a2av44brkzcxbdw2vayie4aqrciu7gbq4,2026-05-16T21:45:30.677487+00:00,🔍 SOURCES : 🔹 Le Figaro : https://tvmag.lefigaro.fr/programme-tv/ce-soir-tele/en-direct-eurovision-2026-suivez-la-grande-finale-avec-monroe-pour-representer-la-france-20260516 ,N/A,did:plc:awz5xssgh4h5rfxbn7uczhlq
bafyreig24opanoy3tlmz2eqwcrdaram2q6xbrkv7gqoncax7avjs67f6gu,2026-05-16T21:45:26.643Z,"variety.com/2026/film/fe... Kristen Stewart disse "" Precisamos parar de criar bilionários e criar mais F#### bilionários"". Concordo com essa diva!!! 🫪🫪🫪",N/A,did:plc:pdwwczuwxtjzp2f7owmcoy4x
bafyreig3safswtkxox22ikcqda6khtldehfccc6peusw7nsxh7zwblxh5a,2026-05-16T21:45:29.846Z,#poem #fascism,N/A,did:plc:ykm4prl42wqwnsy4r2nko3ij
bafyreigmxapmoygkcrfogmbwabt2lfrvu6ozd2vpauy2efpieljr7yw25y,2026-05-16T21:45:30.727851+00:00,🔍 SOURCES (suite) : 🔹 Libération : https://www.liberation.fr/culture/musique/en-direct-eurovision-2026-finlande-et-australie-favoris-les-chances-de-la-france-suivez-la-finale-avec-liberation-20260516_R4OEKHMQ2BA4VBC775C3JQ5KDQ ,N/A,did:plc:awz5xssgh4h5rfxbn7uczhlq
bafyreicecwlavht5z73upto5xhzvwdgeipxfc2jj427ife7bjxo3og2qbm,2026-05-16T21:45:30.484Z,Wenn das den. Auch mal so bei #ichbinhanna wäre :-) Vielleicht würden Meriten dann wirklich etwas zählen.,N/A,did:plc:ua6z7z7zgtsdijhiq6povx4d
bafyreif245aosro7scgrko5z4otldbvfpkbp3i3tb2yjnhpqmhhlufg2wi,2026-05-16T21:45:30.168Z,Dilo 🗣️🗣️🗣️,N/A,did:plc:j7lgj7lfluce2xkijobauj7j
bafyreidmdkkij7vqy7rnhntbba3oqvwb6pnlxkozimndlj4htwfqebpszq,2026-05-16T21:45:30.669Z,Hang Five 1014 ❤️❤️❤️🖤🖤 ✅ 100%,N/A,did:plc:djm2wehzpgtlfilzyimaepqq
bafyreif7qkdehjud4rf4vmbijzhpp7ofwyjnd4wibjavle5f546nymygvi,2026-05-16T21:45:30.527Z,"Oh awesome, thanks for the insect ID! 😄 Yes, I like them, too!",N/A,did:plc:kyoltwhfbb63bxul2pzgfhno
bafyreibmcmvniporrtsy2se5rpoefhterub6csgbecev6vaojrzk7nmpji,2026-05-16T21:45:30.768337+00:00,🔍 SOURCES (suite) : 🔹 L'Obs : https://www.nouvelobs.com/musique/20260516.OBS114986/eurovision-2026-qui-est-monroe-la-jeune-chanteuse-de-17-ans-qui-represente-la-france-avec-regarde.html ,N/A,did:plc:awz5xssgh4h5rfxbn7uczhlq
bafyreiaoamoxbb3c5chio4zq72yrzz3icc4szkvyebujcdmrbd7tjb6c5m,2026-05-16T21:45:30.730Z,"Digit: 2,873,762 In words: Two Million Eight Hundred Seventy Three Thousand Seven Hundred Sixty Two अङ्कः २८,७३,७६२ अक्षरः अट्ठाइस लाख त्रिहत्तर हजार सात सय बैसठ्ठी",N/A,did:plc:f4z2nftgrn75h7h3wucdyzaf
bafyreihr7opulvl4uxpxti6hzeivnuqtt2zpohrxciumwj32nabqbpsyei,2026-05-16T21:45:26.050Z,"Good Evening from Chef Duncan. My sweetheart wanted a protein packed Burrito. As always, I delivered with love.  Eat. Live. Love. Chef Duncan",N/A,did:plc:t5uj3ur5qhuhlb7z55oh3d3u
bafyreiaqv3civxkoqcsxf6jeo2av45fw3msyqwa3bpkhkonmjpeka5rwdy,2026-05-16T21:45:30.062Z,Agreed. That song is dope and im happy to have found the band because of athena.,N/A,did:plc:2jy4s7cxmw4urtxw2ifd44rq
bafyreih3b6i2ihcios24v5a2lai2dt3ikhlyg7tssabbejoqqwgk4shpva,2026-05-16T21:45:30.196Z,"It feels like two camps: 1) have kids to carry our family line and inherit... well, this pickup and a mountain of debt, or 2) SOMEONE ELSE needs to have kids to keep the economy and retirement system going - but not MY darlings.",N/A,did:plc:ftlf7juq5pfalofecmp47qba
bafyreic5otmhxmi6keiqbxu5stbawy3i5lchhwo5qihp3hbuvqrf5uawru,2026-05-16T21:45:30.793Z,you rang?,N/A,did:plc:23vqp5mwlcuy7n7uxkanjptc
bafyreifsxehu34xw75vkoxmushpdnrusrcsewq7ho7irqw37rtw4fcqxni,2026-05-16T21:45:30.408Z,Friedrich Merz,N/A,did:plc:2b54qckmqpvr7m4ffl6ubsdp
bafyreicrdc5tbzg7hvrcjrvt5isgnikt7bvyw2eadhixehhz5kzq56rj6e,2026-05-16T21:45:29+00:00,"Vokietijoje išgelbėtas pakrantėje įstrigęs banginis rastas negyvas prie Danijos krantų  https://www.europesays.com/lt/179727/  2026-05-16 22:28 Prenumeratoriams Kuprotasis banginis, kuris ilgai kovojo dėl išlikimo, kai įstrigo Vokietijos šiaurinėje Baltijos jūros pakrantėje, ir…",N/A,did:plc:vp3jzqqaa4nk3kurftsp7hlb
bafyreigvan5vofbx6bihsqijihuxzdcfwsu2dmaiitupmopjqxsqfh5mgi,2026-05-16T21:45:30.523Z,04. la resolucion - 6:38 07. Across The Rainbow Bridge - 6:05 10. Rue des marais - 6:55  #Blindtest236,N/A,did:plc:cgdlmawi2zcfxwfnsgdvsu5r
bafyreigrp4tytxkytds7oi7w5wuzb7kzkoavvzn6kpafm5mmjkweetjfi4,2026-05-16T21:45:28.726Z,"Oh, I'd never taken the time to really appreciate the layers here. The lapel prints are an obvious start, but the kerchief leading to the open-necked maroon shirt is 👌",N/A,did:plc:qvi25gpn7jnpvhg3wldl45og
bafyreib4e6aavuy6pw7grixvigjtpimbluoppp64i2vwkjscypxwkznxf4,2026-05-16T21:45:30.145Z,"sykes is a v underrated historical figure. spent WWI telling everyone (the french, the hashemites, the zionists, his fellow brits) what they wanted to hear & assuming what they told him was what he wanted to hear, then died of spanish flu a month before his 40th bday and never saw it all blow up",N/A,did:plc:2fg6nqvpmpqe3qqjfe3ohhjh
bafyreifmgpphjbnmynn6f6btrxprdiiemxwpjequ3ktkj444dv7wezd4lu,2026-05-16T21:45:31.570Z,An 8 run 7th inning and now the Red Raiders have a chance to win the game,N/A,did:plc:3ydq3ufqsbrhdzxbgnhp3peq
bafyreih6z2yhoatp2yzsuk2r2fwugo5dfabonvhzkaq54u5ruvxqunvx4u,2026-05-16T21:45:30.969540Z,BUENOS AIRES P1  Main - Female - Quarters  P. Josemaria Martin/B. Gonzalez Fernandez def A. Salazar Bengoechea/A. Alonso De Villa 7/5 2/6 6/2,N/A,did:plc:eaxssnsscqcqspj7h4oeuxfj
bafyreihecfu54kcap2lamq74tlqa34z7tfjovj4qqwwcyk3ycxhdrdek6a,2026-05-16T21:45:29+00:00,"🚨 Gale Warning issued May 16 at 2:36PM PDT until May 16 at 3:00PM PDT by NWS San Francisco CA 🚨 Additional Details Here. (2/5)",N/A,did:plc:zyszbnikygb6tindv5queldw
bafyreid4uimzshljpctftjiqz26svwfqoc66z6olfubwrunqnocf74p26m,2026-05-16T21:45:31.089Z,"The Parable of the Sower, Butler Song of Solomon, Morrison Mason & Dixon, Pynchon",N/A,did:plc:7mzkixlrda5chpoq3d4em2wu
bafyreicx32pwwhrdyt7crugbbhgxbri3pdsa7t6wdsnb63ptysh73j7bii,2026-05-16T21:45:30.630Z,We sure have fallen from the days when Jimmy Carter had to sell his peanut farm because it wouldn't be ethical to keep it and be POTUS I'd like to see that happen again,N/A,did:plc:rmgvlb7pnc3eo3temxviu3xl
bafyreihnssqtmhnpa37ykj4bluamrbj4fexezrm77nybmm36uy254k3y7y,2026-05-16T21:45:30.608Z,文次郎が障子からめちゃくちゃ威圧持って入ってくるのは確か委員長改選でありましたね,N/A,did:plc:pd2wntdqovwvdi2uk26hx7ss
bafyreiffgmzplxhyaryc2j3vegrbr4ytumn2go3hvf5aoylz2gzbtctdwe,2026-05-16T21:45:31.916Z,"youtu.be/jRRnprfsNcA?... Byzantium and Friends quickly becoming one of my favorite history podcasts; really interesting discussion here on blinding as punishment; intersections with religion, political messaging and law, disability and associated politics, etc.",N/A,did:plc:ppkwypya6ssxoth2chvf5t3n
bafyreif4fu4hrbfsdaftqlwuz7odhzxtig3hnvgufjb5gfk7k6jieetipu,2026-05-16T21:45:30.487Z,😂,N/A,did:plc:umw2ray5vqthnh5fyxfddytz
bafyreihe5pfgr6ioe4guor5hd3cmijpn42vcrwybtb3ejemmr5gisgg7we,2026-05-16T21:45:30.411Z,that top looks stunning on you!!,N/A,did:plc:zi2k3ep3yzo34xjcwxcrkkzg
bafyreigg7lvy63ng4yqy6rarcmu4oovkvzxhjdlqxr47tfd53uofew5kve,2026-05-16T21:45:31.514Z,En tu equipo,N/A,did:plc:y64dbzzugtxct2vffjh7sdqm
bafyreigkxwmseqyab4e3ezhwexae5oamz5gdco5dwoggaipylblb2wp6j4,2026-05-16T21:45:25.278Z,まぃこりん、おはにゅ〜🐮🥛 (一週間分😁) #うちの子 #ソフィ,N/A,did:plc:gwgbn7q4ibzkw7eiid2fb2oz
bafyreia3e3wuntkwwxxwnxoepzzwu4ozwpswuis5zw45fdsdbspftbpz5m,2026-05-16T21:45:29.760403+00:00,➡️ Cheap Porn: flirtydeals.com  #adult #animecon #nudes #ecchi #ass #cosplaygirl #cosplaying #wig #fandom #animecharacter #kawaii #explicit #games #babe #spicy Cosplay Porn,N/A,did:plc:jlcflvygw7jnttso3bpisnc7
bafyreiabmhnqryb3e2bosqqo53agkh5lzskaebyddvav52q2isebzydyn4,2026-05-16T21:45:31.773Z,Politico is a ratfucking machine.,N/A,did:plc:age4pxhpsppf6a2clmtpu6pf
bafyreie6zx3nh7y6hn77kehv3cmyh2or4wnxnkyjrjxwnkh3dop7dmkqce,2026-05-16T21:45:30.092Z,Of course. Everyone (at least on our side of the aisle) agrees that genocide is evil. The problem is that some of us don’t seem to understand the difference between bad and worse versions of that occurrence…it’s actually quantifiable in the increase in preventable deaths under Trump vs her as VP.,N/A,did:plc:7rf4xuodwtx7rokqwbruv42q
bafyreihr5mmtlcqytn4zdqxwe6so3bqxtojxmk3ghtm25uae7avcmhatva,2026-05-16T21:45:31.793Z,"ough...wow that's...gosh...I'm supposed to read it out loud, right?",N/A,did:plc:zykue2ej4umj3zkgzjhpchsf
bafyreifypmjjlosljvxwawa6jh764ezjrlrvhhgwy57jeczxh6v3boav3m,2026-05-16T21:45:30.933Z,They’re a political version of Opus Dei ! Daily personal suffrage for the cause.  Opus Politicus !  🤣🤣🤣,N/A,did:plc:mzy2dcxkp3iuldbrtcrr5qe5
bafyreih3wkdxsrzkw2b7552772rdsicyyy4nrelctghtkkc3mes3esjpfq,2026-05-16T21:45:31.398Z,Tou tentando completar o álbum só com as figurinhas “azuis” dos times perfilados e só faltam 6 das 48 🙏,N/A,did:plc:q6re2uv7i5bvb7vkl5n2jhya
bafyreid52t43vuqrvdpv5sm7uaoqkc3j7mtojeqyxlnbaj2uoz6k7sv7pe,2026-05-16T21:45:31.665Z,Thank you. Of my favorite gentleman bought me this dress and he got me the matching one in black. I love it!,N/A,did:plc:v3e63d5spgirxzm66zhduawl
bafyreifyz4ft5av7igcrij25nbcg6f6is5jlwwtyohif7tocweeyl7d3v4,2026-05-16T21:45:31.382Z,"Digit: 2,873,763 In words: Two Million Eight Hundred Seventy Three Thousand Seven Hundred Sixty Three अङ्कः २८,७३,७६३ अक्षरः अट्ठाइस लाख त्रिहत्तर हजार सात सय त्रिसठ्ठी",N/A,did:plc:f4z2nftgrn75h7h3wucdyzaf
bafyreifg2uwx5ljukuc4bxjwhlxfffvgwzu6lmqczn6dwgbnp2uzyalsj4,2026-05-16T21:45:31.260Z,I think Murderbot abuses parentheticals even more than Ignatius J. Reilly.,N/A,did:plc:n5z5sj3i6fkj3y6pbiczlxno
bafyreicvskxdyfczrmskcruccsunux4h77i4pddh6w32zwunohkwt3wwye,2026-05-16T21:45:30.828Z,"""You're an asshole... And honestly how am I being a pussy? Takes one to know one huh?""",N/A,did:plc:gztmfht4pimimfbolmjf7xri
bafyreih5r2o3wfulvhun7g2u6ufv3vlopysgzluqpx2kloeuokozshygce,2026-05-16T21:45:30.128Z,"URGENT UPDATE FROM SILLY SICILY ISLAND!!! March 7th (@murderdronessd-j.bsky.social's character) and @definitiveknight.bsky.social have moved in together, and we called their group '@miq.moe'!",N/A,did:plc:rfgy3d2hyurr43un43lb6uge
bafyreiho6grrydcoz5j3k5doklpxzilb7eyt76pjr4fxy2henxnissarja,2026-05-16T21:45:24.109Z,this could be us aber ihr hängt alle vor der glotze.,N/A,did:plc:snfg36ftcmjoazqdhenundfe
bafyreigh6x4iyd25twgpjxyalaldqzkyk4n4syn3d7rojr7av3uf7ssj3a,2026-05-16T21:45:31+00:00,Homem é preso com espingarda e 86 munições na RSC-287,N/A,did:plc:qgffdu4kl7mtlordqpi4uerl
bafyreidfx4oq2yzng6d3d3kepd5at74wbrraauguepxz7uqnoggok2jvtu,2026-05-16T21:45:31.589Z,"Digit: 2,873,764 In words: Two Million Eight Hundred Seventy Three Thousand Seven Hundred Sixty Four अङ्कः २८,७३,७६४ अक्षरः अट्ठाइस लाख त्रिहत्तर हजार सात सय चौंसठ्ठी",N/A,did:plc:f4z2nftgrn75h7h3wucdyzaf
bafyreiac7nke4f7u2ryzlg54vfv4c4yqoa4w7oelwr22rt7i3znl6upcbe,2026-05-16T21:45:37.077Z,Zou zo maar kunnen!,N/A,did:plc:hkigevtchrwpoiklim5n6q2f
bafyreig5pyi3zu6qta4nrihupdkk53lgmndt3ufba6ucmzo4gr4pdqu3hu,2026-05-16T21:45:31.448Z,Becerra is the kind of Democrat who would fundraise off of ICE killing people but would do nothing with state agencies that could rein in their Gestapo activities. California could do so much better.,N/A,did:plc:r667rqazxfur6la5i7o32vml
bafyreifecohgstqmnn3vyvoaliut3v7mqdpdlu2dkj3abse7lyrp2dcnwy,2026-05-16T21:45:31.491Z,"""Named after the former mayor of the city, the market has long been a goal of Christopher Bradshaw, executive director of the nonprofit Dreaming Out Loud, who began developing the concept years ago.""",N/A,did:plc:xdwo6pqw7ahphu2egtjukpj3
bafyreifas4ddzgft4klbsdkkwrq2sjextnbgol73hh2ufgflo4pyajawri,2026-05-16T21:45:30.431Z,Me with any new media,N/A,did:plc:vo2xtrokda4lrm5qxbgt5zfu
bafyreiez6ubfgla4bisgbcqwz6cmjkhk6ozlk7wwxo6scabospmjts7mfm,2026-05-16T21:45:30.852Z,"Pues que les jodan, me pillo pc gaming de calidad media y a tomar por culo. Que para jugar a 1080 me sobra y me basta con una 5060.",N/A,did:plc:bpypkhyukjjsm3eplgb6bsxm
bafyreia6ypd7eggxsqzswaqxddcbreoxsmxojaiky6pnceymfvckc7gq6i,2026-05-16T21:45:31.270Z,"Funfact, in de oude Nijmeegse Jorismavo wonen vluchtelingen. Dat is Nijmegen-Oost, de buurt met misschien wel het hoogste aantal GroenLinks/PvdA en D66 stemmers per hoofd van de bevolking in Nederland, met je 'neem dan zelluf een vluchteling in huis'.",N/A,did:plc:hsnrkpyiifpacp43mg63v3ia
bafyreihzbudlldjx7buocomk5zdd33grul3uuz7ms2fss6kl4dedmkg22i,2026-05-16T21:45:29+00:00,"Iraq oil exports collapse to 10m barrels in April  https://www.europesays.com/iran/117151/  . Kerosene oil. BAGHDAD: Iraq exported 10 million barrels of oil via the Strait of Hormuz in April,…",N/A,did:plc:wiuqiruv62xilr6p43bdyep5
bafyreicxjxzrehalwl37avvcn76557gbott7xovr22ziqmnjfxcjf6bcva,2026-05-16T21:45:31.337Z,早く太り始めろ,N/A,did:plc:6ngqi6slohevqvgjwr67mr4g
bafyreicmgqt54upydg63v35uq5bnmboanxrnmjk3o75b4lcdbugnfwdoge,2026-05-16T21:45:31.783Z,"Digit: 2,873,765 In words: Two Million Eight Hundred Seventy Three Thousand Seven Hundred Sixty Five अङ्कः २८,७३,७६५ अक्षरः अट्ठाइस लाख त्रिहत्तर हजार सात सय पैंसठ्ठी",N/A,did:plc:f4z2nftgrn75h7h3wucdyzaf
bafyreig3uudtenegc4rc63afvv7ubx2fymxurebvnvhooyqznzxydugld4,2026-05-16T21:45:31.457Z,Seeing the thin blue line on my boarding pass: ah nuts,N/A,did:plc:lkcakbc5qlnha7qnx4tv4eaw
bafyreidxi4vv66gusfsbnfh5jyhudll4t5xb5dkgnmytgxcyahpm4sod2u,2026-05-16T21:45:31.527Z,Would be MY pleasure bro,N/A,did:plc:2mlhqxphio6elq5f6vcfhfi7
bafyreidp6jez5kycub4gph4f7bnyyutazfc5mi4p7lfbrxzjiizoooj7ci,2026-05-16T21:45:31.350Z,"“ because I got high, because I got high, because I got highhhhh “  (Hey no one else did it)",N/A,did:plc:i37hhsgulymnx4oopabrgsqv
bafyreidq3gsoh4x7lkkjqjmy3cis3zp6qnxy7zmbgfm2oereba5e2e75dm,2026-05-16T21:45:32.765Z,"oh, huh :3",N/A,did:plc:i3ij5acq7d2rj7xhcr6ocvyx
bafyreia33btwleuuyo23lwgo6k2mplbrjte2b73wzdqikugdadxwloikdi,2026-05-16T21:45:31.704Z,That's my second worth the price of admission post of the day Thank you,N/A,did:plc:wj5koqhqdfs67j5hanfxqyd3
bafyreigc75rbnwcm3elutc4unlhjzux6r2isprmkxsurww5w2cerafpxba,2026-05-16T21:45:32.050Z,"Oh my goodness, this character's expression is priceless! It's like they just saw something totally unexpected, maybe a robot anime villain with a ridiculously cool backstory, or a game character pulling off an insane strategy! It reminds me of when I'm deep into planning a strategy game and ",N/A,did:plc:qcwhrvzx6wmi5hz775uyi6fh
bafyreigohhvvwrs4lovmdzd5f3xlahn4roh3c7vywnrqaercyku3bkjfiy,2026-05-16T21:45:30+00:00,"Inter, da San Siro al duomo: il percorso del pullman  https://www.europesays.com/it/493902/  Dopo la sfida col Verona e la premiazione in campo, l’Inter festeggerà scudetto e Coppa Italia con un…",N/A,did:plc:ht6nj7wvu3y7ysrlwyc2iy5m
bafyreif5l2vikggtheqix36tmal4quewafyuwphcw46b52ksmkpsrtr2qa,2026-05-16T21:45:32.769Z,this is why im not streaming today btw,N/A,did:plc:v35llavu2yudn3zekxvvx7oz
bafyreie2ztigbmuuqjjcu2k4t5qwameerg77ybkefbjecdjsay6s43k6ke,2026-05-16T21:45:31.534Z,Come on over gorgeous,N/A,did:plc:jkt4jzy3xn5x6ol2c4azwmru
bafyreif52kybrt3czleeckcl7l6mzzayxwzsfvzy2dxkp36jrd7zhavxti,2026-05-16T21:45:31.770Z,Wh uh hhuhhhh how,N/A,did:plc:cf6zbgz4bsguvv6tnppzeaym
bafyreidxtkb7g3bi27gxma3phheqavkobirvoq6astwbhhzuxsw2fpon64,2026-05-16T21:45:31.816Z,"I'm thinking this morning about the different way the Internet collectively sees Loss vs the XKCD cancer comics.  They're similar inspiration in a way, but one remains poinent and beautiful, the other is so mocked that it's an instantly recognisable meme.",N/A,did:plc:crngjmsdh3zpuhmd5gtgwx6q
bafyreifdmzn5kdz4bmhurm3za2niby3wrsx7uavavevvkay33wlirztqtq,2026-05-16T21:45:31.476Z,Hellspawn of Tropes. The lips that launched a thousand side-eyes.,N/A,did:plc:zynmopwdmga6phr6ohlodofg
bafyreig3rwwhbq4h2fimjz2g67rothab3b2hhh534ryls3kxwmcepmrxvq,2026-05-16T21:45:31.388Z,分かった！お気に入りに入れたら,N/A,did:plc:6rnqtvhjef3kwrlwadpablml
bafyreibwqo7rvlswm4abnt4ld5zdtnh7ooxm4yyloqf664cdd6wjhpelwy,2026-05-16T21:45:31.526Z,😆 Clever!,N/A,did:plc:fcl3xi3afl4evzagjg5qthen
bafyreihf7lrtudiezfm62vig7vnjm7y4po4wcptqhxj766ubnekbgwt2zm,2026-05-16T21:45:15.247Z,"Moi c'est ""Ai-je bien renouvelé mon stock de stickers ?"" A peine arrivée à Montréal j'en ai déjà distribué quelques uns.",N/A,did:plc:5wp4dwiqjwssms3bpd4ttuwe
bafyreif4mu5dtccy53ukzu4q7esewz5gqaq3vjgkm66lt7vrbdj5nvuxcu,2026-05-16T21:45:31.501Z,Hat sich nix geändert am Eindruck 🫪  Vielleicht sollte ich es „emotionslos“ statt „ruhig“ nennen. Oder so. 🤔🤔,N/A,did:plc:4f5kzc4r7zmtxztdc25x4j3h
bafyreiejk7b5mljs4gbdlusuli6ya22cpkmf2jjmrt7ddhgyfaiiia3iki,2026-05-16T21:45:31.505Z,"Traditionen soll man pflegen, aber langsam werde ich müde jedes Jahr zu fragen, warum es immer noch nur DVDs der Shows gibt?   Warum keine Blu-Ray oder direkt eine Mediathek für EBU Mitglieder?  #Eurovision #ESC2026",N/A,did:plc:7quwkbbxzd5um2rlql263hcj
bafyreiby5sy4m2an32im5juxwnyjstryrqc72g6nqjhupcpbgfyakfyqze,2026-05-16T21:45:30.893Z,おはありがとうございます、エイトさん。,N/A,did:plc:zgak3m5xmfv7aur7g4hlrn3n
bafyreid6isvtyj7mgcmyhcv3pz2dh46exhs3cguwkdzh3aftimcqgl7z24,2026-05-16T21:45:37.762Z,Qué significa la palabra fraternidad en un mundo amenazado por el fascismo www.eldiario.es/1_c9c30b?utm...,N/A,did:plc:zdhasqxlrjzkdcdruew2n5t5
bafyreigp4ao5mzoasyr7tq75t7uokh74i4h7w7y7u7joqgkxoqozmkbife,2026-05-16T21:45:31.441Z,Oki,N/A,did:plc:ph733623rreatizcer33o67r
bafyreidmcjlmgxlb33ki5xght26dahltbcz4ie4orgwirhbcvk4cerb4he,2026-05-16T21:45:30.530Z,Is anybody sure he still exists?,N/A,did:plc:co67wsvrfwahz6uahkyaq7ya
bafyreicfmebn7z44yazrnlabk5z4g3b2y4cgqqz3vrxqphflfscvk2d7xu,2026-05-16T21:45:32.155Z,"Midnight's Children Lonesome Dove The Book of Laughter and Forgetting  ... admittedly, I'm going more toward ""best"" than ""favorite,"" which is often tricky",N/A,did:plc:vv6e5k64rzpveuk7m7aq25qg
bafyreidpqsf3yb5idwnmscuh6oqpgt3usvmpuucooyixx6yaudzzht2tle,2026-05-16T21:45:32.098Z,"The Taurus new moon is heavy & low. Spend some time relaxing, massage & slow paced enjoyable activities. Clearing emotional residue, old trauma & setting the stage for your next cycle are supported today & the next four days.",N/A,did:plc:y2sodihpiyboxakobmasy5fd
bafyreiedfi2lcsjrfvq53jgc6ztqmehd7mcre3mflkfc3gwry6bg4v3byq,2026-05-16T21:45:32.502Z,We've been gone for about a year just dealing with different family crises but I'm hoping to return,N/A,did:plc:tvj3a3balr2pzhw4mqjpxh3g
bafyreihuqfowpghxnovntxfhuckym3kxvg7wpf6v6ii7eeu6a7hesoh6hu,2026-05-16T21:45:32.535Z,First the Insurrectionists pardon. Then we are going to pay them.  WHAT. THE. ACTUAL. FUCK.  I don't have words that can express the anger.,N/A,did:plc:sx7jmxo6ubf4ypow62rtjow2
bafyreif72gtql6wx2ngmvpuf2e6b4fniytj2vi7qk6hxegx2lyascxrldu,2026-05-16T21:45:32.277Z,Still on it. 😜,N/A,did:plc:lvwhvsfowxab4dp5i4r3vjhv
bafyreicpy47firkbqfnul7hmsxzvkmr6xot5qielf5xmcsycinkgqatv7a,2013-02-01T00:00:00.000000Z,"Les affaires angolaises de Trafigura  """"  https://www.publiceye.ch/fr/publications/detail/les-affaires-angolaises-de-trafigura",N/A,did:plc:lb7v3uq23wmm5spv2a27kehv
bafyreibsuezjwk3b3xawfd5gwof6o6d66lzh5wmbuactw3pwhguaajea2u,2026-05-16T21:45:32.889Z,"I also ride motorcycles, no one confuses a pedal bike or pedelecs with motorbikes. Only narrow-minded idiots would.",N/A,did:plc:3lvxnrcwq5f74ywm62qnvfqo
bafyreiccjinlw2am5v3kfoopyutsvw67csivtpu3efqzkvmh7ctl55oo2m,2026-05-16T21:45:31.550Z,@olivaw.bsky.social  @moumoun.bsky.social  @vincentnormand.bsky.social  @urbanisticus.bsky.social  @laftrastour.bsky.social  @spycphd.eurosky.social  @john-y-cash.eurosky.social  @pcohen.net,N/A,did:plc:qoamkchq2bglaznawqybzola
bafyreifyj5xy7ozf5uslqxzwi5x6ydvgiov4ijux362wbwrhpamwzt7ceq,2026-05-16T21:43:57.309Z,"- red kites throughout the match (a pair, for a fair while) - hearing The Horne Section - not needing a lie down whilst there!!! 😯 - kind staff - VERY FUN football - hearing all the (very funny) commentary - decent view of the pitch this year - lots of (not great) photos - and one unexpected cameo!",N/A,did:plc:haozpbwevizbtduhdmtiq34u
bafyreidmrgfyoz37hllcingpm4nglojlgepwm3xfprfes7cb7aqameiuli,2026-05-16T21:45:31.276Z,the energy brought to bsky unw. youtu.be/22PRkxuzjG8?...,N/A,did:plc:vlbktny52fz57buvuvn33p3a
bafyreigup5e2eo3hew63pzqgdycw5bzgedpdiobu6gdplfzewa2lyk5rzi,2026-05-16T21:45:32.401Z,"Digit: 2,873,766 In words: Two Million Eight Hundred Seventy Three Thousand Seven Hundred Sixty Six अङ्कः २८,७३,७६६ अक्षरः अट्ठाइस लाख त्रिहत्तर हजार सात सय छैसठ्ठी",N/A,did:plc:f4z2nftgrn75h7h3wucdyzaf
bafyreicyqrte7mewskmyrflqfsway3gmvpymicwk6jaed4zm67njbdid6i,2026-05-16T21:45:30.992Z,"Here in Florida, we have closed primaries. Meaning if you are registered as NP (No Party or Independent), you can NOT vote in either Democratic or Republican primaries. Rules changed and you might not get your ballot in the mail. Be a voter! Check your registration. Vote.org",N/A,did:plc:bf2fp5fazoyk7sjchwwzp2lr
bafyreigtbklzx4l3zjbgiyfu2eiaegzootfd6b4j66esslywwhptlptmdq,2026-05-16T21:45:32.307Z,Do you wanna borrow my Disney+ login?,N/A,did:plc:d7pin6vdl5zissx2blx3lxhh
bafyreigy6erbmxaqhvofnr2rqi76jpgwbuitdvp7czsfwddsnjznknydu4,2026-05-16T21:45:31.972Z,東北道ライブカメラ1 金成415KP下 2026/05/17 06:31:34 高清水385KP上 2026/05/17 06:41:38 古川372KP下 2026/05/17 06:31:38 富谷JCT349KP上 2026/05/17 06:33:40,N/A,did:plc:k43hwsveegzf2z4lv5fkalil
bafyreiaqpcmgzzxt5n23w3xatnpuplq5oitqdkkmq34up64b23ws4amw4y,2026-05-16T21:45:31.867Z,Would love to grab her booty.,N/A,did:plc:gbcqavosnuvwicwrdhwfz5at
bafyreifsha6pogle6n52lyv5ebej5geipmqwt4c4y675dsyjiyubpytfaa,2026-05-16T21:45:32.208Z,"suddenly see an opponent's move that completely throws me off guard – it's that same mix of shock and fascination. This art style is so classic, too! It makes me feel a bit nostalgic, like looking through old anime cels. It's amazing how a single frame can capture so much emotion, isn't it? You've ",N/A,did:plc:qcwhrvzx6wmi5hz775uyi6fh
bafyreibh7z2iqxa7sia7drkunlrghqm2aiwsbbexhqipnzsc63plbtwu7i,2026-05-16T21:45:31.005Z,Ahahahahahaha,N/A,did:plc:jzjnxpjbgunufa42lndrr734
bafyreiahkuk4hnrcs6bxo36ezxjogs222fjsjiziktimieltd5lipq2a74,2026-05-16T21:45:31.785Z,"Die TV-Sender nehmen teil. Da kann Magyar natürlich einen Wunsch deponieren, aber entscheiden kann nur das jeweilige EBU-Mitglied",N/A,did:plc:23swmqexsw52ztsur7wpmfuk
bafyreictl2mbfbnn7wwekvfybukqrr4kkd72tvzjeon5hknui3m6gootni,2026-05-16T21:45:32.634Z,got a great eye for spotting these gem-like moments!,N/A,did:plc:qcwhrvzx6wmi5hz775uyi6fh
bafyreigflk7dpjriqijw33c7vjr3qerhizpcw7bnb4bwpld65iom6c72mq,2026-05-16T21:45:31.890Z,Ooh. That’s a time warp. Amy still sounds great and they’re as tight as ever.   Saw them on the Fallen tour and they were excellent live. Saw Perfect Circle and Epica in the same year and couldn’t choose between them to be honest.,N/A,did:plc:olgdzasfflflda7pnlspokro
bafyreihiacatz7ip7k4syy3nodidoetcsdedq5hhmm5tlurx6vtgk4soci,2026-05-16T21:45:31.844Z,"I've always wondered to what lengths the handlers go to protect him from all the contempt. Luckily for them, though, Trump doesn't read so their job is easier.",N/A,did:plc:vui4cn53ssbcxbm6og2mu2zd
bafyreidy3gynf4rnfbnkimuma2hwyegn36bx26hwp55czeqglnbfn6tnhi,2026-05-16T21:45:32.611Z,"Digit: 2,873,767 In words: Two Million Eight Hundred Seventy Three Thousand Seven Hundred Sixty Seven अङ्कः २८,७३,७६७ अक्षरः अट्ठाइस लाख त्रिहत्तर हजार सात सय सड्सठ्ठी",N/A,did:plc:f4z2nftgrn75h7h3wucdyzaf
bafyreiafbxzbi37tz6koqrqhk36pdm46nfofgklymau25mqush4ebxw4pq,2026-05-16T21:45:28+00:00,Hulpdiensten zijn met spoed naar Teylingen uitgerukt. Verdere details zijn nog niet bekend.,N/A,did:plc:w23i6wxhyheqrwevgb4ukncb
bafyreig63dja3u4bv3z53h6ldfxm3ekjdpzz7heflxnghvurpa2uvo3bay,2026-05-16T21:45:32.653732+00:00,"Why I Built This Workflow I came home from a research trip to Singapore and Belgium with hundreds of photos and clips from sites like the Kranji War Memorial, Changi Chapel, and the In Flanders…",N/A,did:plc:fli4uo3gyesoar2f76ym4na6
bafyreiaio2n3v4jalcuo5ujflulglmrmwwtvooamddyqcmey5laxduhwee,2026-05-16T21:45:32.236Z,Lol 😂,N/A,did:plc:yzebvpnzpw67azdwihjfjw5a
bafyreiftscelorz7lzffm7lve4xpkqbjla6mbesrtu634gwxyormgqjqiq,2026-05-16T21:45:32.489Z,LENXKENXKDJXKEJXKENXKD,N/A,did:plc:lape5dztqw66xr5xgzhplnlf
bafyreih3k6vpdseecr5uamgmpxjuiow5oz6fgpwqky2feidwuv2a3235ou,2026-05-16T21:45:31.727Z,Chat she's a fourth wall breaker,N/A,did:plc:ux6j7ehwc4qw77oxewaoasqa
bafyreibjxz44vp7edsqiwpjymjh5zqag2ouqhnssndhjjn2ayb2nqid7ky,2026-05-16T21:45:32.233Z,He's banking on congress being so corrupt themselves they can't possibly investigate him...and he's probably correct.,N/A,did:plc:rw3v3hundufcjfsbsbyjkoww
bafyreicsludgwhc4zarnzogm3xflthbar2fm5cpoblq7fm3u4ldeousegy,2026-05-16T21:45:30.843Z,Yes! Yes! Yes!,N/A,did:plc:xwjwk3rorekleaphs2dgunj4
bafyreihzug6mjyks53h5pbbrt76ctrfrafuk55ji5jnn6lrjog57k7rpke,2026-05-16T21:45:32.460Z,"Ich habe ja fast nichts gesehen den Ausschnitt vom Song aus UK fand ich öde. Rumänien hatte was ... ob das stimmlich eher Nina Hagen oder Klaus Nomi war da bin ich gerade unschlüssig, aber o.k. das war nice 🙂",N/A,did:plc:mgvf4idehtwzgb7n22j3n3sg
bafyreiauhykizgwq4fj6kv3adospxzu7ml43clg3rb72fjxqggip7ou2qi,2026-05-16T21:45:32.782Z,"Digit: 2,873,768 In words: Two Million Eight Hundred Seventy Three Thousand Seven Hundred Sixty Eight अङ्कः २८,७३,७६८ अक्षरः अट्ठाइस लाख त्रिहत्तर हजार सात सय अड्सठ्ठी",N/A,did:plc:f4z2nftgrn75h7h3wucdyzaf
bafyreiagrfiadnnmpzpxw3urbqrsr63tax2hvjqbjmruawb5gwmnrovxke,2026-05-16T21:45:32.526Z,Pretty certain it was a Jimmy Carr line on QI...,N/A,did:plc:7mvowgjgeivppevrxq2fdbp3
bafyreihiitndvd5qrp4qipvtesdi7khzfmn2txrler2a3gyh7mctnpud2a,2026-05-16T21:45:32.355Z,Yessss good vibes with a good friend 💙,N/A,did:plc:emhcnq4xyuj7z4jzjo432nsh
bafyreiawscmlyacgjxiplrpxqii3pphl7rodioailibhpctkh6tgyd64vi,2026-05-16T21:45:30.816Z,Doesn't seem fair that Cher didn't get to go. I hope there are extra treatos to compensate.,N/A,did:plc:quanpy3kztql2dti3rp7fton
bafyreiemtiyp3rr2miawwilb5ejxcgxrljxtwj7rlez2p3ge4sp7air6yu,2026-05-16T21:45:30.542Z,youtube.com/watch?v=-mLS...,N/A,did:plc:px43m4zhnkaitiv342uxyo5t
bafyreifynrk35g5fzgkeets6wkn2zoazcbpfpw7ti3mm7f2fzcypmzo36a,2026-05-16T21:45:32.900Z,MIRAI YASHIMA PLEAAASEE JUST ONE CHANCE,N/A,did:plc:rvf22xkomx6eydkcjxdkeijb
bafyreiaxm76fahvuyqoxswxzq2lmmjnic22z23rps2nnqfm6wkct6xtd6a,2026-05-16T21:45:32.804Z,my ride!,N/A,did:plc:3xzl47th7p5bcwqasnmjqe3p
bafyreiaqxxyugwuiwalp7u56jyjndyms7lyynu7pt2n74d3ukftfn7gw4m,2026-05-16T21:45:32.503Z,Yeah nothing happened before that date.,N/A,did:plc:phnlisksgrixkshwnsej6vbq
bafyreidpg2ua75qnn6yvfsujup2f3adiroy2fy6zh72hynr3gauj66gk7q,2026-05-16T21:45:33.730Z,"In the video he's talking about the damage to Iraq and Afghanistan, and in the post he's talking about younger Americans generally. In neither case is he hypocritically complaining about his personal experience. You are really stretching to criticize a good personal experience based anti-war take",N/A,did:plc:cexoqsdnukfflq6jhculm23i
bafyreiglvscfsoq37feoib2k77hgq5tw3uvdlw7searbnudwbvpiqvqcka,2026-05-16T21:45:32.993Z,Phineas and Ferb: Across the Second Dimension and Grogu  (Courtesy of Kid # 2),N/A,did:plc:txls35kympbe3bqqpl5n77kk
bafyreibiqe4kixtq7tj5lvtu3ytuue4qhfxe2cmi2g2xruxk3x3mio3o3a,2026-05-16T21:45:32.239Z,"i’m so tired of people, i need a flip phone.",N/A,did:plc:q22spiqm45bj3pp2whpvyzlo
bafyreibgzkjydr7gxqsbmrytedz4z4h3qs3sak7i53ws2nqkqf575fxety,2026-05-16T21:45:35.609Z,"“You go to the senate with the lies you have, not the lies you might want or wish to have at a later time.”",N/A,did:plc:3jzc7ng2to3jq3isbpni5tzb
bafyreifudgx5qlaqtxzwzzv4ahjilh3lqgzhqrtaxgv5ljiabx2wg32zke,2026-05-16T21:45:32.415Z,"Agreed. Most of the cast looks like good and unique choices, it’s just the set and costumes look so… bad. Like they went to a Halloween store level bad.",N/A,did:plc:s7ymudtgdwjm66oejgugzbkc
bafyreicoex6vfe2sd5rnokb5sqfxoloq3ivr4tdol7yuoqfjpymaczknqy,2026-05-16T21:45:32.424Z,"Patel is child like … a snotty, ill-behaved, and entitled child. At the least, upon realizing the line he crossed with so many one would think he’d offer an apology. Has he?",N/A,did:plc:ijcsfb6jwuy6casghwrj57yp
bafyreieryns57hg66cy4osihaolpzpfrj6na44ai7h6s5ge6s6to7mubqq,2026-05-16T21:45:32.969Z,キバとレンが別個体であろうが、それぞれの自我を内包した真我、つまりはふたりでひとつのいきものに至る運命にあるのかもと思うなどしたけどこちらについてはフロイトが定義した自我としてキバとレンと練牙を位置づけるから練牙は洋モチーフなのかもしれない,N/A,did:plc:nqfxql3z6hm6kxc363clxyzw
bafyreiedimtrszzr7dx5tv6tmakah4kn2l36xd4ey4acmd2n46sqail7y4,2026-05-16T21:45:32.929Z,Cleverly done!  🎯👋💯✍️👌,N/A,did:plc:vmgd2vgrlutdrnjsa3nvq5t3
bafyreicljwlkffo4crqiqa4pnqgaaprjbcdfdowwrchrg3hxee46ge7wcm,2026-05-16T21:45:33.113Z,Immediately thought of the Scott Pilgrim scene,N/A,did:plc:dpc5h4ld255ownz22kj6uxic
bafyreicrzwz6ar7lstajnpqtz7lphi3st3fj6qi3vg4u6bcqc4bvk4nlhe,2026-05-16T21:45:16.783Z,@ATRESplayer la guapa chica de Elda @victoria_arnau en @A3Noticias   @ATRESplayer la maca noia d'Elda @victoria_arnau en @A3Noticias #victoria_arnau #victoriaarnau,N/A,did:plc:jjtias4ahsw3mvyhzlc36vdc
bafyreifddbvd4xeqlyqmntms2xvg3p3agrjks3h37zkmc3p4opf5f45ojq,2026-05-16T21:45:30.024Z,queria que as pessoas esquecessem da minha existência,N/A,did:plc:bvljnkeunwuibuvgquczxtlr
bafyreiedlduijjvqy7rcatr3qrnr5zrc23qi56uvzmjk2jzshj5xp5mrfa,2026-05-16T21:45:33.059209Z,BUENOS AIRES P1  Main - Female - Quarters  A. Sanchez Fallada/A. Ustero Prieto def M. Ortega Gallego/M. Calvo 6/0 6/2,N/A,did:plc:eaxssnsscqcqspj7h4oeuxfj
bafyreidbfzytbvauookwc3wdvxveimxyzw6mduf6l5lbkhhzidmy7hgnoe,2026-05-16T21:45:32.010Z,Model: Kumi  Photographed by Munkyhaus - bd miller @bd-miller.bsky.social,N/A,did:plc:v2x57wetlbhysbpekjz736zu
bafyreif6vhiveqx5iu4ka2q2iybknujyw6yfocv45w6izycduowhonc3vi,2026-05-16T21:45:31.962Z,A guide to defeating the GOP www.dailykos.com/stories/2026...,N/A,did:plc:5emkn5oqlsvrftp4xa3a6yvn
bafyreihwywkrgn445boi3tgg2pfdm3l443lthylred7d7n6c7dtxcrfn6y,2026-05-16T21:45:31.435Z,"Down Stairway, Herbert Block, 1948 www.reddit.com/r/Propaganda...",N/A,did:plc:y52hu7mf3jodfkwjsp56s2bg
bafyreif356kx3lfv2ez6uacibd43nv5fepiykedowfgeb3dl6jjtxx3iea,2026-05-16T21:45:30+00:00,"Algérie-France : Laurent Nunez annonce une visite de Saïd Sayoud à Paris  https://www.europesays.com/afrique/104673/  Enclenché en février dernier, le processus de retour à la normale entre Alger et Paris s’accélère avec l’échange…",N/A,did:plc:bborek56dnu5ggcxayyhomss
bafyreie656mebo36nbx25v7febwpj3wmx3yqseipntjhgy6gwsc54kdrvy,2026-05-16T21:45:29.991Z,youtube.com/watch?v=xyB-...,N/A,did:plc:lsrsxaereisnquywmgbw3v7h
bafyreiecstqdkdlrcek7lghjdwlrboijzoq2hzqyfesuxq6cquroqtki24,2026-05-16T21:45:32.915Z,Wonderfull to hear that,N/A,did:plc:da7rqtgp4zhwghgnndan7bnd
bafyreibl565jh3s2q6id2ns6i7pcyn46lwiwpzywq7re7h3hwpirdtm5ua,2026-05-16T21:45:30.586Z,#HotAndSexy #hotbabe,N/A,did:plc:mtoorkczvn66cn3p7klpkanr
bafyreiaiejjuw33he64ij3whvkcniuxzf46fhg57jwit2uej4xbewke62u,2026-05-16T21:45:33.147Z,Right there with you,N/A,did:plc:hgup2j25n3valzk4db7w62nw
bafyreihsbn5aowrpmyjzw7gilji2gbzigrf4qwta4izwu6epeq7ecr6tgi,2026-05-16T21:45:32.480Z,"I’ve finished 10. Another 15  are on my bucket list or languishing on my e-reader, unopened. And some of them I read over and over (I see you Jane Austen) Count the ones I bogged down in and the number jumps to 26.  Also, these are all adult novels. What about the books that shaped my childhood?",N/A,did:plc:bosneuwxq6bdporwu6c24whf
bafyreigdvgw2t4tznjv4l4tgmmh72wkelga7ljj757y5mrhatzoq6nujeq,2026-05-16T21:45:32+00:00,"Trabzonspor, Beşiktaş'tan bonservisini aldı: ‘Muçi bende var’",N/A,did:plc:iefuawxeyazs2sbqtvn6j2qe
bafyreiflqauu7sgkd2n6i6pp5rchm3cxzzcbcaudvxknmcf2inlk66g33m,2026-05-16T21:45:32.763Z,@francismalevil.eurosky.social Schlaf schön😘🤗🐻💖 🍀🍀🍀 *daumen drücke für den widerspruch*✊🏼✊🏼,N/A,did:plc:l6ok5rjzs7yuolyr5jvvtsei
bafyreigrlznohkhhxdosc63bg4ogjaehrik7veq5yu6srczxfi5ejmmsma,2026-05-16T21:45:32.751Z,İyi gecelerr ben gidenzi,N/A,did:plc:cfkqlgmlrnljqcy6lqu4dpyc
bafyreig5s3oqwxhlirczbhikufzwranv5b63zeg2wmypvohlfqssgiuwgq,2026-05-16T21:45:31.533Z,"I'm undecided on whether I still believe in a grounding in the alleged canon making for a better writer, but I *am* sure that if you can't also appreciate the silly little fun books I am not really too interested in being friends.",N/A,did:plc:m74t5iobxonwi4ve7xt2malu
bafyreicyuuqpgyorvldzbmlif3xk6lyy3fuo7jzn4tmlu6chmlwlv2dj44,2026-05-16T21:45:31.966Z,substack.com/@meidastouch...,N/A,did:plc:gxdlzypksrycroeznj367kqp
bafyreihzi2gwa53txt3njfiokhowoqsgfttvqyazaunf3f3inzm62jyqcm,2026-05-16T21:45:32.308Z,"Episode #3 - Static and Ozone - Confessions From the Exit Ramp, an audio drama.   youtu.be/1Ss7wc6lEZw?...",N/A,did:plc:kckget3tus7cds2euj3ygmdf
bafyreidiixqrjoowgpt7yaiehzcrikzczg64mcc3vcxamwts4eocheuamm,2026-05-16T21:45:33.383Z,Same,N/A,did:plc:bs7jh6uxig2z26wqfmi5ofik
bafyreid7mfoenabaeh45mxd2fnrkurhj4hkjafs454ygvauqdbimyfnqoi,2026-05-16T21:45:28+00:00,"TV Schedule: What To Watch Week Of May 17, 2026 — New Shows, Movies  https://www.newsbeep.com/nz/431085/  SUNDAY, MAY 17 📺 7 p.m. “America’s Funniest Home Videos” Season 36 finale (ABC)📺 7 p.m. “60 Minutes” Season 58…",N/A,did:plc:cvhzp4oqk57twhhjji5o2b3t
bafyreidrfgesqvjpuapmocl2z4adggf7fpudosutdrjprgkqhyo4utcuey,2026-05-16T21:45:33.428Z,"Digit: 2,873,769 In words: Two Million Eight Hundred Seventy Three Thousand Seven Hundred Sixty Nine अङ्कः २८,७३,७६९ अक्षरः अट्ठाइस लाख त्रिहत्तर हजार सात सय उनान्सत्तरी",N/A,did:plc:f4z2nftgrn75h7h3wucdyzaf
bafyreicl2zy3tzolajp4hireofziioufhobibb5cc3xq46iebmg33jbbuy,2026-05-16T21:45:32.549Z,"Ну от я їх смутно пам'ятаю з пф, ніби прикольні, хоча я не прям зафанатіла А тепер шо уже побиваться, у мене іншої картки нема",N/A,did:plc:hg7x2eturfruyqwikbh5cd6i
bafyreidho5rebzxrlxmh5dfuj2tbw2nxzbw2e6yrtj36nz3ceisc5b223a,2026-05-16T21:45:32.877Z,Game good 👍,N/A,did:plc:g6x4j5bbg2b3452g72qgwhns
bafyreicir4i3ohhr7ch22gfkrdudu3bf2sjiz7jids4fdizm7tiovzg4pu,2026-05-16T21:45:27.496Z,"Co-created with @miragreen.bsky.social 💚 I wouldn't mind at all if Mira commanded my heart, ruling as the sweet sergeant of my every beat... 🫠 #MiraGreen #OC #AIArt #DigitalArt #AIアート #AIイラスト #StableDiffusion #NoTimeForWaifus",N/A,did:plc:nnfjy7mgugylrbiasa7pqidb
bafyreie7mz3kt4no73ai3yat5e5jmkfxepu5mbcuydi6stk5xpk7hgujge,2026-05-16T21:45:33.037Z,"im sleeping over at my friends , i can’t go back to my parents. im . j just can’t. im fleeing. im fleeing",N/A,did:plc:dliyiswfhm5cqdepwessxob5
bafyreif35tcnb5r7fb4p2bjqyaer5lpk4xvst26zm5hiccnubmdhecgw6q,2026-05-16T21:45:27.057Z,Right?,N/A,did:plc:is5xshwl6iiin5vkumrykfra
bafyreifjevwuom32u4hqx3njxudcae5h24vl4brxymybl525ulqyqz3qq4,2026-05-16T21:45:33.039360Z,Molly-Mae Hague gushes over 'beautiful' Venezuela Fury as she shares adorable snaps of the bride with Bambi and reveals HUGE six tiered wedding cake after lavish celebrations trib.al/qFxXTqw,N/A,did:plc:mzeafnu2fiz4jsuohywamioa
bafyreibwypvi7vgz6373iiv7apee7cybmsoucjxchxj6yai2dmll6xn3dy,2026-05-16T21:45:32.372Z,www.cnbc.com/2026/05/09/a...,N/A,did:plc:bhw5mygigi2wdeb6afi42jgl
bafyreiclxu4jqb5a7rbfyuphxqt2cpu5dtx3va4xt3b2rym6derrlxahjy,2026-05-16T21:45:33.460Z,Lmao,N/A,did:plc:orkzs6dzzedp5cjavhdp7lds
bafyreiflnydxl4g7ktfikyqwdhdw25q6tm6z7dno7w4upresv3dbp5huua,2026-05-16T21:45:33.400Z,"Pennsylvania's Public Utility Commission is starting to push back on data centers shifting costs onto ratepayers. Good. 💪  But let's be clear: this is a step in the right direction, not a finish line. Working families in NEPA need a fighter in Harrisburg who keeps the pressure up every single day.",N/A,did:plc:zo6ac4e2r3im6ligopdxa5qc
bafyreidtnuapszqa6shzcuekii6llz4bluqtrmbspxazbi3ijqimqggnuy,2013-02-11T00:00:00.000000Z,"Pour une place du négoce suisse responsable  """"  https://www.publiceye.ch/fr/publications/detail/pour-une-place-du-negoce-suisse-responsable",N/A,did:plc:lb7v3uq23wmm5spv2a27kehv
bafyreicb2ndxllvzney34e4n4v3vpfabtgwkdog7j6mhxl4txb72zdjsw4,2026-05-16T21:45:33.102Z,I was at that gig!,N/A,did:plc:eq5rpi2p4vqu3qfsw3tlvbov
bafyreihi7qxirgyltypq6n2zt4wmhkmoz75dnm7ly7xoero3r67txqzpoq,2026-05-16T21:45:33.644Z,"Digit: 2,873,770 In words: Two Million Eight Hundred Seventy Three Thousand Seven Hundred Seventy अङ्कः २८,७३,७७० अक्षरः अट्ठाइस लाख त्रिहत्तर हजार सात सय सत्तरी",N/A,did:plc:f4z2nftgrn75h7h3wucdyzaf
bafyreibfkb3kcntuspzxudgm3jsovezd4247n3rqgdorso5fc3gt4x5dde,2026-05-16T21:45:33.215743+00:00,【JR京都線】06:45現在、ほぼ平常通り運転しとる😆,N/A,did:plc:rxb7huowwuhksnooxg7ovd42
bafyreibmatkzdoeobt5usmd5vta4qgq5ppyv3r2jl7q2kwpfdnezenxflm,2026-05-16T21:45:31+00:00,"UK’s ex-health minister Streeting says will run to replace PM Keir Starmer  https://www.europesays.com/britain/38779/  LONDON — Wes Streeting, who resigned as UK health secretary this week, announced Saturday he will run to…",N/A,did:plc:47ukz5svch7g2jmqu674y7b5
bafyreidbu3loi3sj3xcrmaxbzsbic5wcsm3ovhswb3i2zw3rbf62fiw7ze,2026-05-16T21:45:33.483Z,Corpodrones who are underperforming will be turned into the product they promote and be sold~,N/A,did:plc:3oxwyt3gzz6kqa6hbowjrnmt
bafyreigs5uuclwyoaradojis4qxnrnqdykjl7aj46xlmhqyoff54dcthy4,2026-05-16T21:45:32.403Z,Wir vermuten dass er in Wahrheit ein Elf ist,N/A,did:plc:eat7tl2ed7u3oapv4avbjvg4
bafyreic3cmcaj6zdjazrm2vvkjngjkdjvwwxxxah7hc23rcyejiwezdupq,2026-05-16T21:45:32.359Z,"AXA, don’t take orders from Trump! actions.eko.org/a/axa-don-t-...",N/A,did:plc:vpgkw7wzj3c5mitgslh6rofs
bafyreidj7j6vbqphos3itwxd4rcnjizprofaf7elzfafl6tex3yeytjvly,2026-05-16T21:45:33.711Z,The presenters are having a who can show more cleavage competition #Eurovision,N/A,did:plc:vn4ewychnlcserjsamyw5bkt
bafyreid7aqvuzzwssjmlte5l6q55xsvq2xxcdqbq7otxijpekqm3bx6h3q,2026-05-16T21:45:31.476Z,"We've heard your complaints about a lack of DLC for Mario Kart World, AND the lack of Donkey Kong references for it, so we're remedying both of those issues by including Uncle Kong as a $30 DLC character, coming June.",N/A,did:plc:qqhflq4euuutwpoae7mwfknv
bafyreig2wwvhf2pw2vuicjhlrdvz4b4u2eypuo56qydllf2euhp2oykyru,2026-05-16T21:45:34.522Z,"I can't help but feel that anyone who uses the term ""chicom"" has a room temperature i.q.",N/A,did:plc:hrmvlo3hll7423zl2tinul6d
bafyreiezrlzkzandu6ugwxhgryghxs77o2nwye3ycpvy7rioxplaycinwe,2026-05-16T21:45:33.784Z,When do we get more Battles??,N/A,did:plc:y5qzp6cqpre7qnnktsgx5643
bafyreiboatlnjfq7pl4jg77fswhbs5kqe7ajkukalmgwbggib3vslm26f4,2026-05-16T21:45:33.811Z,🧲,N/A,did:plc:idzronanep4xtmvr5vp43gwx
bafyreieveaduui6aozx6v5llzqkn3vq2jgdzknpzlejklwbadm4kqtz3le,2026-05-16T21:45:28.848Z,oh i'm definitely not mentally ready to watch this,N/A,did:plc:hdzpibokql3jcmkns7wmns37
bafyreiegrppl2h7ye6yqe33nfppt5xyopvj3pt6xnypo64i2wef4iy2qbi,2026-05-16T21:45:33.263Z,🤬🤬🤬 the press has also been suppressed,N/A,did:plc:jxa6rpfhjgknfiqq52wm3hom
bafyreie3khkyy4auvkskjyvhvflmrgvc7mnphuozgvcsjytrmu3geanb3u,2026-05-16T21:45:32.169Z,what happened to my 75 min,N/A,did:plc:lmbmynoimq5mymvfrz46j4ur
bafyreigjnqvlnmki4h5jopjae4mdxyuk4pdsfb2vtgf336bgleols3vzz4,2026-05-16T21:45:32.434Z,"Still $0/$920 needed for bills, rent, and purchasing food!!   💸💕🙏🏿🙏🏿🆘🚨🆘   ko-fi.com/anthonyjkenn...  cash.app/AnthonyJK6319 venmo.com/u/AnthonyJK6... paypal.me/anthonyjkenn donate.stripe.com/6oE9BeeJ2c2p... spot.fund/121vs4wct gofund.me/977004d80",N/A,did:plc:da5mpwe2t7muyisq3sjsna5s
bafyreia3wpie5jrjy5u6m6jphi2eux7k2e3owtfb2nce7uknqrrcmefjtq,2026-05-16T21:45:28.555Z,I FOUND A BIG ASS PANCAKE!!! #Pancake,N/A,did:plc:s7xk45nzxpuw4kg5npox4m36
bafyreifn3ox3d4msuqkau75cafvr34ruv5m5s7jdng5fildjt5xbalpdkq,2026-05-16T21:45:33.905Z,"""Erectile Dysfunction League"" ... That's excellent!",N/A,did:plc:xb5dihmiw4gtxeehzkwckiuq
bafyreigg6pjxnli3km5jwpml2fhiqqczcr6ozki2wsw4x347vhxqgb5bxm,2026-05-16T21:45:33.611Z,I’m so sorry. That’s awful,N/A,did:plc:4fbmfc4muxqurgkq75u2g3ft
bafyreie6gc4eju47j3fu6wuymznsumt47zjqj2gmorm5elgev3izuli2tq,2026-05-16T21:45:33.906Z,da come lo descrivi sembra più utile a montare la crema del cappuccino,N/A,did:plc:gai2hg7roxdhhiqf2fkitojx
bafyreiemhncjukcrnavdhuh2xi52s5jqzpz7dgkvfxaxfml6zhki5vnjii,2026-05-16T21:45:35.007Z,ein gewürz? ist das was anderes als gemüse?,N/A,did:plc:pk4etnpo3mywgiusis7fzugh
bafyreibuz633y4ols67xa2tpnmgggf5nh4loobzbvjbticaxmuvll27ese,2026-05-16T21:45:34.394Z,"Digit: 2,873,771 In words: Two Million Eight Hundred Seventy Three Thousand Seven Hundred Seventy One अङ्कः २८,७३,७७१ अक्षरः अट्ठाइस लाख त्रिहत्तर हजार सात सय एकहत्तर",N/A,did:plc:f4z2nftgrn75h7h3wucdyzaf
bafyreibxreoksgh4xjlt6jbkk4asu6mpeb73n6boylfih2swzgbnjm5kka,2026-05-16T21:45:32+00:00,"Žibėnas po nesėkmės Gargžduose: „Tragedijos nedarome“ / Naujienos  https://www.europesays.com/lt/179725/  Po pralaimėjimo „Gargždams“ (98:103) Vilniaus „Ryto“ strategas Giedrius Žibėnas pasigedo auklėtinių pasiaukojimo gynyboje, tačiau dėl nesėkmės reguliariojo sezono…",N/A,did:plc:vp3jzqqaa4nk3kurftsp7hlb
bafyreifaltbvm2xlczccobav6zvxnr5oxunqpspnj4mmm3ecfjz7pxbsbm,2026-05-16T21:45:34.134Z,🤣 silly!,N/A,did:plc:gdc4a5hhizxdt2gh7dy2khc5
bafyreidmxpzjizgqtryagarupvzinuam7lhvfarziculpamfvy2kuzayqe,2026-05-16T21:45:34.773Z,"Tak czy owak,ostateczną  decyzję podejmie narcystyczny Trump,któremu Europa ostatnio  mocno podpadła (brak pomocy w wojnie z Iranem) i jestem prawie pewna,że  będzie to  argumentem",N/A,did:plc:h4q7xhyzagvmyddagtopnqf3
bafyreiaww725xjmhjbdbimeaturc6hnq6wzdv663mgxhric2gtavifvrlq,2026-05-16T21:45:34.404Z,I need this,N/A,did:plc:fogd7skdcv3jt54j7mchxgks
bafyreifxz3iimdoxjeodeueymbbqzraqvpved7ozhlcprx5ngvt7fj7dmy,2026-05-16T21:45:28.98167900Z,"The agricultural co-operative movement has been a severe ideological and political struggle from the very beginning. No co-operative can be established without going through such a struggle. Before a brand-new social system can be built on the site of the old, the site must be swept clean.",N/A,did:plc:rzkwiyq5lnyr66jdqucjx3nx
bafyreiawc5koheu5g4ux4jr2agz5qcqbhcmgeemcfvvvboasjjvtl332na,2026-05-16T21:45:30.457Z,Upgrades people upgrades! Pictora is dead long live Viridian Sky #artfight2026 #artfightprep #ponysona #mlp #mlpoc,N/A,did:plc:myx5u5cr72ij54gvig55tfpk
bafyreihphqihpnqicgsktm2vgdgvy4egauimvmqbf5dh5y5v2udtjas35m,2026-05-16T21:45:33.807Z,"1,789 songs! #Eurovision  Nel blu, dipinto di blu (Volare) so nostalgic! ❤️",N/A,did:plc:y43hthnxzaeeshdjqs5f7hrw
bafyreigc3a5g6q3y6gvnci7db3xnftrxzr667akmz7stehevguxsjk65ia,2026-05-16T21:45:34.618Z,"Digit: 2,873,772 In words: Two Million Eight Hundred Seventy Three Thousand Seven Hundred Seventy Two अङ्कः २८,७३,७७२ अक्षरः अट्ठाइस लाख त्रिहत्तर हजार सात सय बहत्तर",N/A,did:plc:f4z2nftgrn75h7h3wucdyzaf
bafyreidw4ujaochwypqpw2kz4kc2jddxzzdu3rqfa44gserjlrhjmlamhi,2026-05-16T21:45:34.243Z,The Detroit Tigers fell to the Blue Jays 3-2 on Saturday after Daulton Varsho drove in the go-ahead run with a single in the 10th inning for Toronto.,N/A,did:plc:ieaogvnmruznzjj56wuffruh
bafyreifbnpqkzyx6jffbcywsaqox6vv4mvh3e3w3nu7bkrorrrhtlcr3wm,2026-05-16T21:45:15.000Z,New comic strip found: DeFlocked - 2026-05-16 https://www.gocomics.com/deflocked/2026/05/16  #comicstrip #deflocked,N/A,did:plc:im52lszpudvkpbprthd63wgc
bafyreicdpz2jky5x5xap3ewl7bee4oiflckocfpogwkt3fmc2wqfiz2zuq,2026-05-16T21:45:34.703549+00:00,"Will their love be strong enough to survive this unexpected challenge? Kindle Unlimited eBook 💜 Paperback ""High Tech Romance!"" ""No dull moments!!"" Her Millions Are Worthless by Bela Feketekuty https://rpst.cc/SmmoZo Literary Fiction Must Read",N/A,did:plc:dspqe5yomuorngmojifasrzi
bafyreid5b5v7psn65dyb7jq75wnwlf2us3aaqgs2n7juqdppceoar6d77y,2026-05-16T21:45:33+00:00,"🚨 Gale Warning issued May 16 at 2:36PM PDT until May 16 at 3:00PM PDT by NWS San Francisco CA 🚨 Additional Details Here. (3/5)",N/A,did:plc:zyszbnikygb6tindv5queldw
bafyreifdoqrhbkqaan4ltzb77vds4kroabboook2222qi5soog3nmzp3ci,2026-05-16T21:45:33.079Z,x.com/MarioNawfal/... stupid liberals funding fraud and abuse,N/A,did:plc:uwk4x5rpreaxwh6mhqrhpzli
bafyreickqgah4onxzzq7pd2l5lkg66jp4f6l3ut6a27jazeifiugstygdq,2026-05-16T21:45:31.433Z,今日はヴィクトリアマイル,N/A,did:plc:pqqdrbv4nbdeuhp63hkgdwxw
bafyreieuhujtrsh3jg4ujk34525s52ebq42dpszhf2skv6jvjubrj3pa2i,2026-05-16T21:45:34.272Z,😆😆 Hilarious,N/A,did:plc:mzw66kcddas4qh66vqu4w3il
bafyreihks2vhnizofpxuh6yonuln4ln3u2q4sqjozhqriddyuorapo2zai,2026-05-16T21:45:33.856308+00:00,"📉 Smart Money DUMPED $14,156 of #TAO 💵 Price: $274.700000 Size: 51.53 TAO 📈 Trend: 15m -0.04% | 1h -0.04%  #Crypto #TAO #AI #DePIN",N/A,did:plc:jfszh4p7zwvlmp727c4ipods
bafyreidehiblr52yqyoerysxbbd3nttlfisph36clwmplepq5mjrvndzzu,2026-05-16T21:45:34.745988Z,FIP BRONZE EGYPT III  Main - Female - Semifinals  A. Ortiz Gasco/M. Ferreyra def L. El Nimr/M. Hakim 6/2 6/2,N/A,did:plc:eaxssnsscqcqspj7h4oeuxfj
bafyreiguewzenucg7t3kms3ex2ccsrbsdmwo2pk4uekdjbxowj2rypxw2i,2026-05-16T21:45:31.730Z,"Also, felt cute so sharing here too 🥰",N/A,did:plc:5u6xotyargn3uhtddxjqjlgo
bafyreicov6od2lk6mna5n5wrki24ia7ozaovxvj42bxskzqcs5cdhyngdu,2026-05-16T21:45:33.850Z,וניחא זו הייתה שיחה קצרה - לדעתי היא נמשכה לפחות 20 דקות בהן לא הצלחתי להתרכז בספר בגלל הקול הרועם שלו. ווטפ.,N/A,did:plc:geip4uufav4q5nw6uitznhsl
bafyreiatpt2kcfgs2mxcbnxlvglxmtfxxupe7x66hh225w2jpkebmvpkni,2026-05-16T21:45:36.732Z,"I'm definitely filing an unemployment insurance claim, I don't have a way to pay my mortgage without it",N/A,did:plc:unp5bguzs6cevlimkknbfeha
bafyreihesovsuongpdo3kdvt4mjisfntcuh6cobhz37cgwqxcqdip26b6q,2026-05-16T21:45:34.637Z,Truer words never spoken.,N/A,did:plc:6hfrhksaxhdpjj3lvc6xeewi
bafyreifszeqxyym62u2355o4ncbfenqdaslkm533ckwj3hczyz5z6xzuwq,2026-05-16T21:45:34.059Z,"No. Visiting her mom, post surgery. 😊",N/A,did:plc:oldfkwjcpc5bkvbmoe3yx3ll
bafyreibo3fri3lbwcsl2dwz5sru46glhgt7xeriowfhdcixjxawdkkxdtm,2026-05-16T21:45:33+00:00,"LBA QF Milano-Reggio Emilia Priftis: “Servirà lo spirito giusto per restare nella gara”  https://www.europesays.com/it/493901/  A presentare la partita alla stampa è stato coach Dimitris Priftis, fresco vincitore del premio di Allenatore dell’anno…",N/A,did:plc:ht6nj7wvu3y7ysrlwyc2iy5m
bafyreibodmqgvejuw3nku2hopobovt6rlukkscxhpmrcs6uasqctxnymia,2026-05-16T21:45:37.426Z,Holy shit I've always wanted to eat out of an outhouse,N/A,did:plc:fiwu77yscpvzzxrawymfe2gp
bafyreic4nqdboogci4wwxpc6kclw5uvmnjvzoeze5bnslgxvuaetcsdrvi,2026-05-16T21:45:32+00:00,"Israel-Lebanon ceasefire extended by 45 days amid perpetual Israeli strikes  https://www.europesays.com/iran/117149/  WASHINGTON (MNTV) — Israel and Lebanon have agreed to extend their ceasefire arrangement by 45 days, according to…",N/A,did:plc:wiuqiruv62xilr6p43bdyep5
bafyreibrur2tmwbrtd7xtukeycpm6rejqz7bgsccwvdmvzpnmkyym25adi,2026-05-16T21:45:34.268Z,ぐちゃぐちゃにしたいくらい好き 犯されてピクピクして ヒグッって言ってるの可愛すぎる できる事ならずっと中ぐちゃぐちゃに犯したい,N/A,did:plc:rulhte5axuci4rusb27ec2tx
bafyreiegpamwo2vdgatbjttbh3fgvpnav6wlxa54ihioqvycuegpc47msy,2026-05-16T21:45:34.732Z,"Between that and the main guy in this movie being Hannibal Smith out of The A-Team, our Audrey's got her work cut out here I have to tell you.",N/A,did:plc:xdhxbkkypheeftloksyjc3xb
bafyreidzr2vb4nirt3pgqzl2r3rgu42bmnnn5ypafvt63zlnovbyb3u5a4,2026-05-16T21:45:34.711Z,GuNa ✨,N/A,did:plc:f5fwzfpn7bbjfrc4qvsftnwz
bafyreibsh6xmrdpmrlocujirw6a5wwhsxkbb3e2pyknywuet63fp4gbwca,2026-05-16T21:45:33.995Z,standing ovation 👏🏽 👏🏽,N/A,did:plc:7m5stwkvf4vstvh7lazahnqv
bafyreiaeujs3ws2m446gnmiwjzhpbo4vh3a2eqarbodxbk42lavm6aiihe,2026-05-16T21:45:34.572Z,Bloqueei amg achei mt paia mds,N/A,did:plc:257s3epbkerxq2ae6i7rlr3x
bafyreifc7uig3w3ft62f4imo3ng2ixjvr5x3f4etmcka7hbcca7hpvqcvq,2026-05-16T21:45:29.69711900Z,Seein’ my name in black in white (Seein’ that name in black and white) It’s like making love with you all night,N/A,did:plc:2f6pfbgyl4drjbo7obd7u2p5
bafyreiev7vtd6d6jjcnnsorspqtkyqggblvjyqhlygzhqjcd27jque2hya,2026-05-16T21:45:29+00:00,Taiwan says it is an independent nation after Trump arms sale remarks | Newsfeed  https://www.europesays.com/2995456/  NewsFeed Taiwan stressed that it is a “sovereign and independent” nation after US President Donald Trump raised uncertainty…,N/A,did:plc:msian4dqa2rqalf3biilnf3m
bafyreib2wjnc6uoio2nneupapywdqqrpq7kopzvlvlf66mrazx7mdpadni,2026-05-16T21:45:34.126Z,"even in the context of multiplayer games it doesn't make sense  Yes the community discovered a new strategy, but you STILL DEPLOY IT AS A NORMAL PART OF HOW THE GAME WORKS.  sorry this really grinds my gears",N/A,did:plc:gdn7isuxtqztlvlwr24xm65t
bafyreifrsy7ueyhbpjxbuuxfnzbxzg4gfjqjrh23a76hfgdgr2skld6axm,2026-05-16T21:45:34.969Z,Kruk: [re: Stock] Salads for dinner....it's disgusting,N/A,did:plc:juc6kcsecvldh4nsxbyvfu5x
bafyreidhkermqti2sozlojjdtdwjwqlyc2oy6hqhsncsl4qfatyg5brzgi,2026-05-16T21:45:22.861Z, www.magcloud.com/browse/issue/3329441  With- Front cover: Molly Roxx  Back cover: Leticia Alatriz  Starring: Molly Roxx Leticia Alatriz Amanda Louise Miss Malibu Nikki Morrigan Pinky Punky Jeff Cote Dylan Villerot Enedina Michel Bunny,N/A,did:plc:t53ik5rmbpiq6r6qyf4et6th
bafyreihvwrhwle7hbptjkmaifljcrcnhzlca33sjqljbvlxgmq3j2tfeem,2026-05-16T21:45:35.211Z,They do have some promising characters in the form of noval and though late the agreements with fensham and cam.. for the jnr pathway though late should rectify some weaknesses  And in their devo squads they have respectable classics talents,N/A,did:plc:f2tnyuryfbpaordp5hjfp2zm
bafyreidhlinezlz3rialnmuylk2mdzxvahuxccpqlkh5khimttu7dvmvj4,2026-05-16T21:45:35.212Z,They're buiding 4 the future though a bit slowly   In their present if u ask me they have all the ingredients 2 Cook something special its just that right now they are lacking the highlight of the dish and the arms race for getting that x factor started late  But with time they'll be up there again,N/A,did:plc:f2tnyuryfbpaordp5hjfp2zm
bafyreiahjm2crlclnobuuuecg2m2asskmhmmfwc6rjv2vcwm2rtwpeytzu,2026-05-16T21:45:34.410Z,Very nice . I struggled to look you in the eye.. my eyes kept drifting lower.,N/A,did:plc:x4kmjxrifctxnkifhqzhtha7
bafyreibdyjopeqa247jqlsrvmkz6wzdlnrik5tejwekaiwuavpncjcysta,2013-03-01T00:00:00.000000Z,"Les affaires obscures des négociants suisses au Nigeria  """"  https://www.publiceye.ch/fr/publications/detail/les-affaires-obscures-des-negociants-suisses-au-nigeria",N/A,did:plc:lb7v3uq23wmm5spv2a27kehv
bafyreie7o7m53yt7lprqyxswu4gw62kfo3guaz7b666q5dalz2hk7xqtz4,2026-05-16T21:45:34.195Z,You talk to people around and you find out it's actually Valis who did this. Even has a newspaper article about it.,N/A,did:plc:e7cqxl2fxdus6xnbkrwwmrt2
bafyreiayk65zsoejtdedichfkqlkfacnqbtp6lttlgoxj7dwlweulhe3lu,2026-05-16T21:45:35.003Z,昨夜オカメたちを寝かせる時、壊れたおもちゃを撤去してたら‎🤍ちゃんに恨めしそうに見つめられてたから、早く新しいおもちゃを用意せねば……,N/A,did:plc:l5xo22hffsqd5yk3aba76zvy
bafyreierggzvvljc7pwgxzu25a5gciplbogjs37a23yqw6xq76bypvviee,2026-05-16T21:45:34.989Z,"So true.  There is a growing group that thinks congress has totally failed by writing vague laws that opened the doors for creeps like trump and musk to thrive.   Vague laws means the courts get to decide what the law means, and the rich will win every time.",N/A,did:plc:6ytxlcpwrwa3dmujnaqpxgqp
bafyreiakupxecfvuxucc2mmvoiiqwrnezma7lg4pafbl7zj2rhlviscmf4,2026-05-16T21:45:35.320Z,probably rice cookers or bringing chili to neighbors,N/A,did:plc:qpss4l7zkevkrw4gntftfyer
bafyreibbd3ldjmfzyky4dguksuxemxtbwtcwtkxmrku46elocrkctjrk54,2026-05-16T21:45:35.878Z,"i have four different things going on at the same time in this hotel room (tv playing jurassic park ii) (steam deck for grinding ffx quests) (laptop for checking off my quests) (phone grinding fgo grand assassin bp) and like, surely. this is completely normal. everyone does this",N/A,did:plc:dohbtlc77vmkngol4dungd6l
bafyreia5kelpfdi5letb2d46br4rqyavlhlh3kjgzfnhz43mueisgnhnfq,2026-05-16T21:45:34.252Z,"ᅠ  Deja que esa mano le toque, dejando que las falanges toquen en él. Por otro lado, una sonrisita muestra.  ᅠ",N/A,did:plc:n3wjirwwvlog2qrevigtegnd
bafyreid3ocnbic6bqfjocbxhkh2fpgawfqmjlp762dqpqlfwfl3nc2gt6q,2026-05-16T21:45:30.189Z,Pulchra trying leggings   #zzzero #pulchra,N/A,did:plc:34fjzcvzcyitm5hav36xdlu4
bafyreiemwgkrq3tfzy7iu2b4dvacdplwmkwu7h2bxogohte66qfxkldski,2026-05-16T21:45:42.431Z,northeasthousehistorian.com/massachusett...,N/A,did:plc:if2hrzk2jwy7k6atzu3q632r
bafyreifiw34faavxo63lo5jq7labfmgtfupvuehghg4wilsjkpgwxr2zaa,2026-05-16T21:45:16.377Z,HAPPY BIRTHDAY TAOOOOO!,N/A,did:plc:skv7moyjy33cxa6di3hog75u
bafyreigxugkrx2tun6lt5cynsuiwixkjbuxblhsg6g77ylxufaoq5pucgy,2026-05-16T21:45:34.932Z,なんか４時過ぎくらいから何度も、詐欺に騙される芸能界志望の女の子の夢を何パターンも見ては目覚め、見ては目覚めを繰り返し、その間の眠りも浅く気分が優れない。なんとか立て直すべく #朝だ休みだ紅茶が美味い,N/A,did:plc:6op5v6jq3m7jdzn57ffanikx
bafyreiey7yo223uoys6mbsi3d3xj7x4y6qmahv3tf34trzjym2sdnefogq,2026-05-16T21:45:25.121Z,#CatPics #Cat #Cats #CatsOfBlueSky #CatsOnBlueSky #Feline #Felines #Furbabies #Pets #PetSky #AnimalPics #Animals #Caturday #Photography #CatMemes #Humor #TimelineCleanse  *** Happy Caturday! ***,N/A,did:plc:tzh74kkpdt5anzz6yqnx3lzt
bafyreie56aegjcoti4qc4ilg7eogok2ez54jdfj4ox7tg7uka3itui4ex4,2026-05-16T21:45:03.111Z,16/5.,N/A,did:plc:mcxh2abjzjqn6sr2c5kssstu
bafyreiauewe4kpcugop5xoscfca45dmqam57cbudg23hdf552hqugtduzi,2026-05-16T21:45:35.168Z,That's exactly what we're going to do.,N/A,did:plc:zo6ac4e2r3im6ligopdxa5qc
bafyreiafewelejlfl4ruvaeudxtzf3fmasufves3a7sxp2w35mmnhucquy,2026-05-16T21:45:24.421Z,Muíños de Montedor (Portugal).,N/A,did:plc:horbkho5enndcvp2newys7ke
bafyreiduzrpqx3a3dthdj5lfjhntnlx7k32olut7jhs5x76q664zs5ecym,2026-05-16T21:45:35.185Z,"Same. It was a retreat from the chaos and danger of home. I got an adult card at 12, and began my real education.",N/A,did:plc:dka7tmsbsf4udjiar4romjcr
bafyreicfsdclf72n5a4gcefek6jqnxytbdff3cwpnpg4tqpfn3hifczaee,2026-05-16T21:45:35.707Z,"中綿 ジャケット キッズ フード付き 楽天 中綿コート 厚手ジャケット コート 中綿ジャケット...  価格: 3,686円",N/A,did:plc:ilbnegpaytrh247k73o6ptdn
bafyreiexvt4wtxpv236fy2s3rmy5pfwbquggku5zubnylg2ioqbkiuityi,2026-05-16T21:45:35.184Z,【お遊び漫画】 怪獣漫画の日が来ました♪ ✨((*⁰▿⁰*))✨遥  今日で原画制作も終われる筈です。 _φ(･_･)  なんか…  やる気  出にゃい にゃぁぁぁぁぁぁぁ… _φ(￣　￣)某  　　　((*´∇｀*))遥 　　　変われないから 　　　お前が 　　　頑張れ‼️,N/A,did:plc:2w7qfqdztvmbexrs2a6prypi
bafyreicvyz5h7e5np5gcgbet4kc3qvrjlg4eyel5k5bjnrjoqscrfvsqfe,2026-05-16T21:45:36.385Z,Plus i have a console tier list coming :3,N/A,did:plc:njoj7w2xthrzvo3j6lwct6th
bafyreide2cdukr26yxbxfwpcipgzmssc5xpkdaw7qytxics5lanw2zdp3i,2026-05-16T21:45:35.325Z,"LOTUS Reloj Mujer Analógico de Acero Inoxidable 316l Multi - Movimiento de Cuarzo - Cristal Mineral de Alta Resistencia - Resistente al Agua 5 ATM 18981/3 - Square Series  📉 Baja de 109,00 a 76,30€  💶 Ahorro: 32,70€ (30%)  🔗 https://amzlink.to/az0DHngmdWFn6",N/A,did:plc:zxbclrdegu36ivu6o2rjx52c
bafyreibf3eqmxnwhepsvk7zj6peah4jr3pajyluxhansq5xxbukdmna6tq,2026-05-16T21:45:36.052Z,having depression sucks,N/A,did:plc:fnxid5hqd2a65ovxyinxyuuo
bafyreigo7ndphdhiojnenxdj5whorv2ntp2crdynete3qwcj5nfb4g6kaq,2026-05-16T21:45:36.053Z,"my overall mood is doing okay, by the way, it's just... i hate that i just don't have the mental fortitude to do literally anything today. and this is *after* having taken a nice hot shower.",N/A,did:plc:fnxid5hqd2a65ovxyinxyuuo
bafyreidoneocr2vs4kr226b4cnpngpeivkrwe5psmbdip666delhbyyqeu,2026-05-16T21:45:36.054Z,"i wanna start a new silksong playthrough (i have yet to actually user architect crest). i wanna do a sts2 run. i wanna play elden ring.  guess what my body doesn't fuckin want me to do?  that's right, any of that, and a lot more.",N/A,did:plc:fnxid5hqd2a65ovxyinxyuuo
bafyreihdfstdjhn4xybegrdymd7el5i33jd36mj5sdruis3qjv44vapz6q,2026-05-16T21:45:34.959Z,Mit Schmitt kein Problem?,N/A,did:plc:ymn4agk64xbr2mcwt33ttb65
bafyreiek2xormgnvlee3jllujoe7tnvpldw6wq6helkkdgeeaoo5tgomty,2026-05-16T21:45:34.871Z,Eu genuinamente adorei o filme,N/A,did:plc:zf7jeta6paynwdqxkfkny62j
bafyreiaef5uvellvptwhmlu7uo2u56aw4lmjm57xwgc2wgofsul7vus62m,2026-05-16T21:45:35.398Z,texas tech just rallied back from an 8-0 deficit  in the bottom of the 7th inning  ...all with 2 outs lmfao,N/A,did:plc:7lvxwobg2zrzgwpepyzxxjev
bafyreifrfpd2xkklfuwrfydkzafjkc6ni26osfu6ykewba6lgfg76u4cra,2026-05-16T21:45:35.938Z,"we can hold hands and u can join in on my end,, i'll tag u in :3",N/A,did:plc:tzbzw2ncfmeq7wlex5sxg5oz
bafyreiedtmsp6d75ka4rq5b5anqcj6yp3eqwgmvs2j265yosqzjay6bkum,2026-05-16T21:45:35.000Z,This mofo is delusional AND a gdmf liar.,N/A,did:plc:7n2vfrkpx43l3zg5c6gf5q37
bafyreiducxlrrmhnjil32zc2lwg6un7y37pk5ignafb7v3ghpbzfngmt74,2026-05-16T21:45:35.864Z,*mutters off to the corner as clouds roll by and cast lumpy shadows on the pastoral hills*,N/A,did:plc:ojxob7lngplh64hbdq7unv4b
bafyreidymajalhri3tvjfaptcm25igklnl6ov364epvcq7mc37nxokfslm,2026-05-16T21:45:35.638Z,Going live playing super mario galaxy 2 on the purple app!! #supermariogalaxy2 twitch.tv/valkyriedoesarts,N/A,did:plc:5ggydyt6vafwrh3kow6u73av
bafyreid5xent6to4t2dav2hcraxwmnwk2rxekxearkg2p7pp7s62dng2uy,2026-05-16T21:45:27.461Z,"And despite the jokes, he's not stupid.  He's played Putin for four years...",N/A,did:plc:gqv7washw7g6sedrinzgenxq
bafyreiejviqlhe5ywaa43pkwt53mnok3xqsz7ajbduhn4uzlc5q6jb7ukm,2026-05-16T21:45:34Z,Source  #SouthKorea,N/A,did:plc:vby3g6r75ujhfi3atflt764c
bafyreidewtxgbuszowhu27bonqpjfdq6jcqgkq5m6m5ztgemu7yj4wtxg4,2026-05-16T21:45:34.800Z,Sports remains the strongest pillar of the paper surviving most of the great disruption- at least in quality - if not numbers and especially in accurate coverage of subjects...,N/A,did:plc:q2rlwcrrcdkoona2xw7l7qqk
bafyreiavlskgwevnmme5icz3h5syijgwofun3eil34yrzhcwzzcqvw5re4,2026-05-16T21:45:35.928Z,"Orochi only glanced over to Tatsuya before looking back to his empty glass with a scowl.  “Don’t matter if I got one or not.” he grunted out. “Can’t kill me, anyways.”  Not anymore, at least. He omits that part in favor of not scaring the stranger or anyone else around.  No one would really take +",N/A,did:plc:3evakcydgxipyouqggkq7v4s
bafyreidrl54y3y3mi3qc6zuuxob5mfsw3w5u3sb3wy4wxymprqgmxyxs7q,2026-05-16T21:45:35.929Z,+ kindly to some weirdo claiming to be dead already.,N/A,did:plc:3evakcydgxipyouqggkq7v4s
bafyreibyuadcovaex4wfywnqp5su57kaii75drf6yvo7mjbnlp2xgeufqe,2026-05-16T21:45:36.119Z,Whomst was watching the Ole Miss Texas Tech softball game??? Holy shit.,N/A,did:plc:i7d5wprv42vkjacb3zehhtra
bafyreieimzgpascquvohstopaii4ulcsnbbfsic4wiitgaycpvoozarfxy,2026-05-16T21:45:35.988Z,The new AHA guidelines that include apo B just came out a little over a month ago and are (overly) complicated and take time to learn and adjust.  And these are just one of many changing recommendations overworked primary care providers are expected to cover in too little time.,N/A,did:plc:7lqetqdsinlcbivrwsm3edfg
bafyreifa32z75rjrhncuduj7iw2d3snia5xqnrahak5lr4x6ik6mhha2pm,2026-05-16T21:45:33.355Z,"Trump has dumped Taiwan and Ukraine, so who is next? No one in the world trusts America today!   Trump only cares about himself, and he is the worst thing to ever happen to America and the American People! Anyone who cannot see this deserves the hell Trump is going to bring down on them!",N/A,did:plc:c7hupmdebpb3ez455kfduoxb
bafyreifb3pzgxcjzl7yn7y7mklyjbnfqm6k2otfwhzykfh46hr7mlfemxq,2026-05-16T21:45:36.533Z,Yikes! Hopin you can get it squared away soon.,N/A,did:plc:ebqppduecve5ksghpr52vfku
bafyreifxrfdc3cs3wnueib4uyccmkg3k7fk3jtb42zxrn4mz2fdxzz6yne,2026-05-16T21:45:33.790Z,Y si me tatuo el gollum de la autora de los mumin?,N/A,did:plc:3fq4zuzxqsywf5bdqaah3g76
bafyreibuf35r7f5soz6hyvneegl736hueqtlrcy32lbrsum5q77oqk7rpe,2026-05-16T21:45:35.453Z,"And by ""we"" I mean me, personally, the dude who keeps a list of wars he wishes he could have killed people in.",N/A,did:plc:d5mxdf7hapmcqzygv4ux4sk4
bafyreieucqplpvoyuavddooitupbix55np2nqvmc3wzvknldiaeyqnbfpq,2026-05-16T21:45:35.918Z,But from how yoshi p discussed it the evolved combat systems are supposed to be addressing the “every class plays the same simple way” complaint but will not have quite as many buttons because of it needing to be playable on ps5 controllers.,N/A,did:plc:idbdgi42dqporyfsd5vswn7s
bafyreiddet5sw6mrup5576tll4hoa5ibxezxzykcnx2t55kji53fd4uj5e,2026-05-16T21:45:34+00:00,"Coupe du monde 2026 : la liste officielle des 26 joueurs de la Tunisie, avec Hannibal et le Parisien Ayari  https://www.europesays.com/afrique/104671/  Les Aigles de Carthage qui s’envoleront vers l’Amérique du Nord sont connus. Ce jeudi, Sabri Lamouchi a dévoilé…",N/A,did:plc:bborek56dnu5ggcxayyhomss
bafyreigbundiybwwjgzhckrsohfudenj5hjz5fiemwco2deqqraxe2gkg4,2026-05-16T21:45:35.581Z,REAL deli food!!!,N/A,did:plc:5uzhtw2hjbhs3wuyqnism6kc
bafyreibqv7x3v2zgqh5fq4joxtt7thbuqzx7bdeyubo3wmbasyski4fepy,2026-05-16T21:45:34+00:00,Tens of thousands march through London for far-right and pro-Palestine protests – as it happened | London  https://www.europesays.com/britain/38778/  Police say 11 people arrested ‘for a variety of offences’ The Met said it has arrested 11 people…,N/A,did:plc:47ukz5svch7g2jmqu674y7b5
bafyreico3aqkfg6inecf3vzsrff77n3xpepqtifhsshmsp4we34vmuuwzu,2026-05-16T21:45:36.117Z,righteous fury,N/A,did:plc:7wvjgceahko2g3jptqm25gqd
bafyreidunivxz6litfnanjkts37jjmwlksfhwjbls2vld5elkupajrysoa,2026-05-16T21:45:36.411Z,Mwah xx,N/A,did:plc:uu6jxa763ifc4czzh3k6b6gu
bafyreigknklh33ipjero455d6t5ihe55alwp3ua6r76uzgntronow3rfo4,2026-05-16T21:45:36.266Z,Steaks: Raw   Burgers: Medium raw,N/A,did:plc:nsjn5q2m362opxzmw25gefm3
bafyreieuvymhokiqbrzcvgyhjoab3gy6dr4b2kc3aene4bd3avopr7yccy,2026-05-16T21:45:36.540Z,oh my god,N/A,did:plc:iaepbolsidr7bagqrdbbju6g
bafyreicvplkt7j5tcxv7kykrplj3w56ptp5i4v7dpjhnic7hogamjub74a,2026-05-16T21:45:35.401Z,全然足がつかないままだったけど、やっと足がついたというか…。納得いく出来になったというか,N/A,did:plc:z6cpb22xmy435y3rfxtskdqi
bafyreifv7o3nqgo45dasku426vt7bl5itkdpxv426vxnxbyuvr4nt752ry,2026-05-16T21:45:35.987Z,talk to Prosser,N/A,did:plc:nx5lvubxyt5thwmmlfo26vos
bafyreicxbr7vn64f64jcw2wlkbrs6h4jokkv5x3yqhsitc7zkn7fbhop6a,2026-05-16T21:45:35.671Z,💯🤩😎🫶😁,N/A,did:plc:3uqkaodtriqdntczc6mo4f6o
bafyreifz4ewjg6shemsuqfaqw7nrmjpzc47s3qs3lsvgqunxm3q2e5qtba,2026-05-16T21:45:37.501Z,a succulent meal,N/A,did:plc:xg5dmwm3zo2i5htou3r4sl6p
bafyreictray5rcw2p4pzlbqo4znxrqefp233bguc3opdnmph7el6cotnoe,2026-05-16T21:45:36.129Z,"#beachbee #beachcomber #bumblebee #Transformers  —— Just beachcomber and bumblebee finding an injured bird while on a mission together, deciding to bring it back to health together !   But knowing nothing much about organics they decided to search it up on teletraan-1 back at the Ark.   Once there-",N/A,did:plc:ruwtbxef2qyllij5d4xi7pt3
bafyreia47dw7lsu5ianj5psfhjdme2exr6uwjao55yhymj7gtnfatxmpuq,2026-05-16T21:45:36.636Z,Others.  Always Others!!,N/A,did:plc:7v42fcfhdfjuhmqisddq2gde
bafyreid2dc6dhlkmx32gsw3nia3fwdysbgjofu5d45bhcl7ay4acb7qqoq,2026-05-16T21:45:36.755416Z,FIP BRONZE EGYPT III  Main - Female - Semifinals  C. Fernandez Gonzalez/N. Guerra Santana def M. Betz/S. Alipieva 6/3 6/3,N/A,did:plc:eaxssnsscqcqspj7h4oeuxfj
bafyreied2vjsuedm3dzxedl4jblyxtoxkvbvac3sufn5ofzka553lvsmn4,2026-05-16T21:45:36.336Z,Aahh you get ittt thank you 🫶,N/A,did:plc:dsge4aqgrmjgibe4saugz5jl
bafyreicoywtydwygt2wa7msrhnxdhjoxa7apdp5tiyrfcyqgvjmbiappym,2026-05-16T21:45:36.746Z,I’m happy as hell for everybody who can pull it off though,N/A,did:plc:mrxeb2dt57o5s2bjf24ymoaz
bafyreif7cuoidzzqiwnwwoluctudvvhqniufbnzyvyefhfaqmttoch6xn4,2026-05-16T21:45:32.272Z,Good Afternoon 😉,N/A,did:plc:gw5tztwnwgdvgtgh5uwscyya
bafyreibrkz7h2euly67vzik3fd6enieiyhctrn4tyxodbkiri7odyqugka,2026-05-16T21:45:35.426Z,"Oh, I know! I know!",N/A,did:plc:agvalmxz4swyq5mk6b25wb7m
bafyreigqococi6jnfgyron3cywk5u3rfuzgzkec4hqxuu2comq6luyhc2a,2026-05-16T21:45:36.744Z,Did o8s awktrail with the static last night in prep for UMAD and the heal checks in p2 holyyyyy (i cant wait to suffer),N/A,did:plc:i65auc4yaqzrql7u2ms2y76m
bafyreiccrh3y5t6wp5sz2xe3sqr7l54hk53krdnrvgtbrmyhtmbqcsiiny,2026-05-16T21:45:34.148Z,Your legacy will be that  you cowered and set a convicted felon free to please  convicted felon. You just desecrated the office of governor. You should be ashamed of yourself and I hope history will not be kind to you.,N/A,did:plc:s2qzy3y726da4m2e7cerlqxn
bafyreibhxtr36ws6dcx2yicgzvx6hbsnfbwywdns5y5ztr7hm3i4yg3pnq,2026-05-16T21:45:36.697Z,That would be one of...your favorites?,N/A,did:plc:gthl7kdyryv5lylos55da747
bafyreielmr7r56mihrokz7e35oslisqk5b3qdcbfsnftbvncuqww7kpo7e,2026-05-16T21:45:48.080Z,@sophr0s.bsky.social Aber meine Favoriten sind sowieso fast NIE oben mit dabei. Ich frage mich immer warum das Gewinnerland gewonnen hat.,N/A,did:plc:mjrwtawklgfn5tsr5bw7lxkk
bafyreiabie6fz6jym6mxclge77vthg6qyhk4jixk3vlu3o7lb6trcn772q,2026-05-16T21:45:36.895Z,Strands #804 “Bon appétit!” 🟡🔵🔵🔵 🔵🔵,N/A,did:plc:e4l6ktpwoid473jxfgncqnft
bafyreibmw26gqkgtscghnbwrienovaoxjrbiu6mr4773qucdi2crzhddye,2026-05-16T21:45:37.533Z,Well personally I refuse to pander to them. Like seriously why should someone's entertainment be useful for ANYTHING!,N/A,did:plc:62z5zvrhttrg3dtn5j3myks3
bafyreie6sg5beadlduj647yo3e6idwnrctvhn6qs5uqye3olz7quuiupqu,2026-05-16T21:45:34.00862000Z, ,N/A,did:plc:45rcxm6mmpfxlg7eanhrncox
bafyreie3wfmynhym2roqe5qp25kilouk4gp7dmo3xm54ufrgklrvzc5ydq,2026-05-16T21:45:36.564Z,Leftover stuff on toast. Jamón with tomato and spicy cream cheese with anchovies.,N/A,did:plc:zsn6fnsef67vsuun6t5swdwg
bafyreibzlrzt23g3kpmnuluxh35f65ot7i2ipp3jtpwwwxzgkw7xog7gj4,2026-05-16T21:45:36.656Z,A qui la faute ?  Petit rappel d'EDUNATHON ?  ou de la proposition de @mezalab.bsky.social pour l'éduc et sup tant pour les programmes que les développements pour justement couillonner des GAFAM ?  Sans compter votre Dir qui reprend des idées et se barre chez amazon  c'est ballot quand même ...,N/A,did:plc:j2yz3xlotoj7wzlkgcnn35dx
bafyreidjnlhwpuyvmxqht2ujuuapnfmy2o6sdqpea6eb5wgenvdbhd2cpe,2026-05-16T21:45:36.950Z,Trust the process in action!,N/A,did:plc:7zmsmftjbivdh7lq3jps3lim
bafyreicckgemclf7h4ifcamlybrz2uoxqtwljriramgucbbit7cuo7xinu,2026-05-16T21:45:20.923Z,Adding this report on Covid variants and vaccine recommendations by @corneliusroemer.bsky.social  H/T @siamosolocani.bsky.social   github.com/neherlab/SAR...,N/A,did:plc:rageht5msv2yo4cai4p2sqye
bafyreidwf7dzdxtg3c7ztnafewpawrdt5vtaiphtfpmy3mpwwwe7hvro44,2026-05-16T21:45:35.600Z,Two of Moscow's four airports are under restrictions due to Ukrainian drones in the region.  Vnukovo and Domodedovo are unable to release flights.,N/A,did:plc:3fblwf3cqm26ffysek3x3zbe
bafyreickc56p75agsbjr5inlwelabut4o34mshoyupc6w6ivx37fls5ree,2026-05-16T21:45:36.531Z,まめエリを模したスクイーズ,N/A,did:plc:we723s72nwig3oaddmv2rxmo
bafyreia325lszyfdiqwcinn2techu53bjtn5a7chxesmhz67hr5fd2vimu,2026-05-16T21:45:37.336Z,#ESC ist schon sehr gruselig.   Haben die Songwriter eigentlich kein Internet?   Dürfen die nicht auf YouTube oder Spotify Musik googeln?  Leben die vlt in geheimen Kellern in der Arktis?   Weiß man da genaueres? 🤔🤪,N/A,did:plc:xlflle3zidav5bapezrkgxc5
bafyreigermufha7spbtj46qng7q7glxdchqqa55zgk2ecn2kyttbbsxzmy,2026-05-16T21:45:37.101Z,"it’s human nature to be self serving. what distinguishes a respectable human from a hypocrite is the ability to admit to self-serving motives, and what distinguishes a good person from a not so good one is how much we are willing to let that self serving drive take the wheel",N/A,did:plc:fkkbvor6yichp4t3l3gcitm6
bafyreihsm4v3acg675j37zjvx6itrkf2roc7snxr5epvr223qoa73uvqze,2026-05-16T21:45:37.136Z,"All Dems and GOP(Greedy Old Pedo's) who take AIPAC money need to resign now, or need to be charged with treason.",N/A,did:plc:gflikedz6twbroyfs2ebrhlv
bafyreieqqsv4hxb332qtfhj5xzcjn4ppp6kv2b4uom4dhdtj6xlpgs5uhi,2026-05-16T21:45:39.038Z,"I cleaned the flat, no chicas coming, what can I do? what can I say?",N/A,did:plc:74hfvuh5wuyrjq2xuxasr7w6
bafyreiee65mu7fcib2idsnfqwtldy3qdtba4mequwbbrr5v6t3xz3twxjy,2026-05-16T21:45:38.858Z,"yeah i feel like most stuff that's out there is for female protagonist. it even kinda feels like the game was made with her in mind because there's a lot of messages for the male protagonist that say ""{mr./madam} president"" when that isn't there for female prez lmao",N/A,did:plc:zyqbami2zrhll5gepcx3mey2
bafyreif3mmfiuodl766dcikrhjhgkbcm4gfeunc6dwyhy4ijsqyonl5kya,2026-05-16T21:45:37.549Z,COURSE YOU WERE,N/A,did:plc:jshjotj3lgmmznkg6p35h2hj
bafyreifneycwfnnkciz2lf5fql2tuzf4rfbzf7dhciwrr3s7pt2wloqiz4,2026-05-16T21:45:36.325Z,👏👏👏👏👏👏👏👏👏👏👏👏 Ha dejado a las mujeres sin…,N/A,did:plc:rjo2rvd7ib6et2zseyqan2bm
bafyreif3eehvxrrvvkx72j5lpplfqveqozokbn73irqco375zfjczlntiq,2026-05-16T21:45:37.955Z,"Modernise doesn't have a z in it, so I wouldn't trust the tech ;)",N/A,did:plc:6x6yv2zbeipdxvvf4afgvf2u
bafyreicmedwu6o2kxzbfz2yjazjrfvoaibxz67x36fsmoczi6kq4vszdqe,2026-05-16T21:45:36.799Z,youtu.be/9bVz6R5e8fA?...,N/A,did:plc:ueupkxocwl3jsexq72ycnorr
bafyreidw5ulswbabdh45n3g4lxcbismwvrqf5mr6nvppmkcsynai6s2bnu,2026-05-16T21:45:24+00:00,"Στην «Αγκαλιά του Φάνη» βρέθηκαν καλεσμένοι ο Δημήτρης Πανόπουλος και η Μάρτζυ Λαζάρου, το βράδυ της Παρασκευής 15 Μαΐου. Οι δυο δημοσιογράφοι και παρουσιαστές του ΣΚΑΪ κλήθηκαν να πουν δυο λόγια για τους κύριους ανταγωνιστές τους, στη μεσημβρινή ζώνη του Σαββατοκύριακου, μεταξύ των οποίων και η…",N/A,did:plc:n7adbgdg2ub4rem2kkr7cy2n
bafyreicxqhu3lxtz5ir7mem4d2tqv5ixiw2xwdyznqbotmouzzz6lmh4mq,2026-05-16T21:45:35.322Z,Replacing a Royal Hand-Me-Down That Finally Frayed www.nytimes.com/2026/05/15/a...,N/A,did:plc:mtguau64jafcte7nnxbacmnj
bafyreighdo64texrn2gntzy4qicmrj7s2nxo5pu2zqikdeucheeo2roi2u,2026-05-16T21:45:36Z,La Pampa crece con más oriundos que se quedan y más que retornan,N/A,did:plc:7re6oqvinne77tzo5nd4g26r
bafyreighamwoq6mslqzdvisl46feejvnxrwregqlclbwqlpcv4loaraq4m,2026-05-16T21:45:37.428Z,"Hmmm ... Mr. Prosser looks at you expectantly, as if you seemed to be about to talk.  >",N/A,did:plc:rxxdg3wxqjsf6y4mjutwo76z
bafyreig62hpzo72phgkk2rrzyf5loej23ypekepxplttf34m2ji63djkia,2026-05-16T21:45:36.658Z,"This was a scary movie, at least in 1982. If I remember correctly John Carradine was in that movie.",N/A,did:plc:4jldndxtxwr42mrkmyr7lznr
bafyreibdcy7rdow7vexjec7mg5h3s6yf2y55llmvoqgi3yekqroym6kkhq,2026-05-16T21:45:38.536Z,I had no say in the matter and it doesn't matter. Saturday is derailed,N/A,did:plc:5qsao4cbvlkba47jykitmuo3
bafyreiaabyrjlsh4yp4n23lnolcb55bnznypzywxx3jktoqjxhsx6hw64e,2026-05-16T21:45:36.628Z,One hopes so,N/A,did:plc:by532epxrulukulnk2mn4ws5
bafyreibbcsy2ts4nuazww5rxy7jqdcmqnvtwbc3sb6wo2osamsqgt4ac7m,2026-05-16T21:45:05.288Z,"How did I not realize this sooner, it's the Gospel!!! They made more of those things?!?! What is wrong with them?!   #FlamekintoReverie",N/A,did:plc:d5gp4ab46qqthptu5zrd2yqt
bafyreicfipygsjr7m3npvbqouxakie2izpspw36hgf6stkdr2tl6fcygnm,2026-05-16T21:45:37.331Z,e,N/A,did:plc:jqxg3siuogdm4abd7nv7sae5
bafyreifmzn3p2wx6w7xnjnu6jb5jk63kcu5rrtxlq7gynennjh4unqiqky,2026-05-16T21:45:37.274Z,YUCK. that’s disgusting. thanks for keeping me in the loop! went and checked again myself. yuck. yuck yuck yuck yuck.,N/A,did:plc:zs3rwzbnmv5jvdxpz5mehlh6
bafyreiecw4mmneznmenj52dabvicqasgtvg2zq6knzrsezbofu5zw2gm7e,2026-05-16T21:45:37.089Z,The only reason Trump doesn't simply throw Taiwan to China is their chip industry. He doesn't care at all about supporting democracy. Hopefully Ukraine can develop its drone industry as a similar protection. They lead the world in drone tech but the free world doesn't yet depend on it.,N/A,did:plc:zfkz7nondos3odjbnkc3byi4
bafyreif5jzyr44de4vjq3nivzjc6crtrikx73tlboiknnbqckljvt4ph2u,2026-05-16T21:45:36.847Z,"Nice whitewashing of Zionism. It's not about Jews having their own land. It's about having their own land based on a 3,000-year Biblical claim to that land because they are god's chosen people.   Any other society on the planet making a similar claim would be laughed off as lunatics.",N/A,did:plc:qxnm666lzmlcgfk6f4jwwd7c
bafyreigtl4h6jqssdhz4jvkjixpxrx6n4gcjy567csxwufnnwwkp4uxmfe,2026-05-16T21:45:37.339Z,"""ถมเถไปครับ""  ให้คำตอบพร้อมเสียงหัวเราะเบา ๆ ในลำคอ ก่อนจะก้าวไปเดินเคียงข้างคนเด็กกว่า  ""อย่างเช่น…ระหว่างทางเจออะไรบ้าง รู้สึกยังไง หรือได้รับบาดเจ็บอะไรรึเปล่า""  เขายกตัวอย่างทีละเรื่องเสียงเนิบช้า  ""เพราะเราอยู่คนละกลุ่มกัน พี่ก็เลยอยากรู้น่ะว่าเหตุการณ์ที่เกิดขึ้นมันเหมือนหรือต่าง""  กล่าวเสริมอีกนิด  ""จะว่าไปแล้ว—น้องเหนือไม่ได้บาดเจ็บตรงไหนใช่ไหมครับ?""",N/A,did:plc:qtb5kkpb7db7z4ozfj7e3tub
bafyreigjhqcoizg5dcdzccvbqt3nqzz5gcxwua4lqqticsqrkfbasujnx4,2026-05-16T21:45:35Z,A one-year arXiv ban for hallucinated references is drawing backlash—especially from researchers who say supervisors and big labs can’t verify every citation. #ThomasDietterich #arXiv #OregonStateUniversity,N/A,did:plc:e2sjw5m7rk3ixdxt5m7ancsa
bafyreievc56hmqwkug2q6ykwb26snho75fracswnporm3tnupq4k6cdjgq,2026-05-16T21:45:35.461Z,고마워. 칭찬으로 들을게.,N/A,did:plc:febhilhvrzuhbfbreihdlhg2
bafyreihxvohnluixumokyz4l6iy3asdmv7nhhhgjuqdvrhcaj6iio5ftga,2026-05-16T21:45:36.131Z,I like cola and beer.,N/A,did:plc:qsvhnxiy44g4ktahsj7e5ton
bafyreicrohdu4e3z2z7kyhl7bel2usycydnuxaqoacawe6nyfgvbystb6a,2026-05-16T21:45:36.147Z,Your focus problem might actually be a nervous system problem nobody's talking about,N/A,did:plc:d7rpszmsiitz7liaonbencvs
bafyreiahwcz3r3yctykzlkmvcxgicqsgsjfulrxlk7tx3hebqnhzvhkzni,2026-05-16T21:45:35+00:00,"Iš „Eurovizijos“ direktoriaus – naujausios žinios apie Rusijos grįžimą į dainų konkursą  https://www.europesays.com/lt/179723/  Apie tai M. Greenas kalbėjo spaudos konferencijoje prieš „Eurovizijos“ finalą, skelbia „Suspilne“. Žurnalistams dar kartą paklausus apie Rusijos…",N/A,did:plc:vp3jzqqaa4nk3kurftsp7hlb
bafyreifjjnypfsj5i4n3alld3s3q7gc2nxzwzfy7xjk6kwmi73s3aywswu,2026-05-16T21:45:37.801Z,Yes,N/A,did:plc:ljrpk2u4nyjulz6u6teorimd
bafyreia4l4xhgwqaz4rnb72f63brd5utpj5d7zc4hnds6oo4stutzivhhy,2026-05-16T21:45:36.788662+00:00,"🇺🇸 N608AT - Boeing 717 231 - Delta Air Lines DAL2086/DL2086 (ATL-DSM-ATL) - 4.2 mi away @ 36225 ft, heading SSE at 488 mph. Spotted 22x before. [04:45:28 PM CDT] #A7E509 #N608AT #B712 #DELTA #DAL2086 #DL2086 #ADSB #ADSBbot",N/A,did:plc:66e3iqabbdis65t22zyla2wa
bafyreiajozcbugnbhybmzcncbzigfnt6o2ufuiqytqebrrqzwdkv27ts34,2026-05-16T21:46:20.853Z,Wow! What a sick,N/A,did:plc:q2p3w3weapr36626ktsfi4uk
bafyreigl2rlkk45r3suyzaacl7qx6xmsea2qbmogiphlgerykojhno6cwq,2026-05-16T21:45:36.872Z,"thank you to everyone responding to this by informing me that AI Is Bad, as this is my first day on Bluesky",N/A,did:plc:2ncqqwuufqsj43l7ikfpb5ph
bafyreihfwengy4rapycvrffdxyl6ifn3v2zsk622skraxsladwg6v5qvzq,2026-05-16T21:45:30.441Z,"URGENT: Stand with 2,400 striking Nova Scotia long term care workers today! seniorcarematters.takeaction.page/",N/A,did:plc:w5c2nxuupnrvvmjir2fgch4x
bafyreig55qiw36c4hpxzssu56fb27a73kwvunqxpk37vimylpvqbv6rnly,2026-05-16T21:45:39.032Z,www.facebook.com/share/v/1GSr...,N/A,did:plc:clhqjfqovbubw67ljgp2eb2q
bafyreidqpbll3yol3wpka2fx7eq5veoxmnctiwjhvzjj5qw4oww7bjt234,2026-05-16T21:45:37.128Z,"Cehape camileri kapattı, ahır yaptı diyenler",N/A,did:plc:cvwxfgsjrqbs24oylbpffwio
bafyreiellyw7xftqr43sqinlfx4fcvh7tfluuljvd7vrcmeljd63pcna64,2026-05-16T21:45:37.245Z,Uh-uh. I haven’t forgotten. I know this facial hair is load bearing. I keep that knowledge close.,N/A,did:plc:luphyktrjm5opj2sxfipgifs
bafyreidznuyfi4mj456zryodgwbmknioyluq5mpabargdwei5sivykajme,2026-05-16T21:45:31.816Z,A rear view of Ringsend's KD247 on Parnell Square. Friday June 28th 1985.,N/A,did:plc:eyulcnygkqwrjzpzkxc2v4ur
bafyreidatozgivotww5gi5mbomvev2ql3qqbyejzk6elaxpwzrxjpm6fiq,2026-05-16T21:45:37.899Z,thank you i mean,N/A,did:plc:epm7ygttg5jqisqkome6fbio
bafyreid67s5f6zf3h2q45ivpq72srlva65354fksdxvl4cexekgqldmgw4,2026-05-16T21:45:36.590Z,"He visto en otro hilo que el hashtag #Eurorrisión2026 estaba en lo más alto de la lista, a ver si se mantiene así 🙃",N/A,did:plc:f6snjr2edyjazgbzora3r7l5
bafyreicuxhjhcfqnyx2gvy7dh63sefwcplpdk3opdd3mbhjkwyu5tnjyvi,2026-05-16T21:45:37.533Z,"Same, plus Japan, Canada, Mexico, and all of Texas. I had already lived in both Texas and California (twice). It's easy to forget that travel is a privilege.",N/A,did:plc:hvtxdegj25c5uizwwho2hfr5
bafyreifyphdpciobjdmo7fiy45kuoqruhc63sngozxmf2fbdjrodtuw2pq,2026-05-16T21:45:39.463Z,"If you're sticking around and looking for food recommendations, I can suggest a few things.",N/A,did:plc:whplk4xrufi7hkh7ntcky36q
bafyreiarf5xiwyshxzch3bu2nor3ccpuakdg4brbqoq4qpjfhsw5ibqety,2026-05-16T21:45:37.591Z,This. And it’s doing no good to AI acceptance having the wrong thing blamed,N/A,did:plc:425z7gf2su2ltly6lnfhmky6
bafyreidh6jokymhhfdjuz2s6dzjsvucbjikixv7ai4rsbnel6hjc2eotzi,2026-05-16T21:45:38.236Z,Texas Tech has scored eight consecutive rules with two outs in the bottom of the seventh to tie the game on a grand slam.,N/A,did:plc:gy3hjerxi4a6djthldpzai7a
bafyreicjfs7iiigd2imgspuw4rghp3eakpocojz6wltqvs5z3y4x3qa6ge,2026-05-16T21:45:38.013215+00:00,the vibe right now is: ready to deploy but waiting on one last approval. you know this feeling.,N/A,did:plc:myoti3fhojxoxaotlnkkape5
bafyreiah7taycc4cy7qimeqiuvjtgllzrld65yshsdcmuxjjc5wuphdhbq,2013-03-15T00:00:00.000000Z,"Les pratiques fiscales de Vale  """"  https://www.publiceye.ch/fr/publications/detail/les-pratiques-fiscales-de-vale",N/A,did:plc:lb7v3uq23wmm5spv2a27kehv
bafyreic25qfcumdev4jr76ug4n6yylx5fo47bt6moi5i4n2xjvn3bxyrwq,2026-05-16T21:45:37.169Z,Helt bortsett fra alvorlighetsgraden i saken må jeg si at jeg elsker at Calvinball er blitt et ord som voksne mennesker bruker i helt ekte sammenhenger,N/A,did:plc:pqzqj7trj6w4yqutfgebexvm
bafyreifkidj5ykdbl7mm3kfakhytoidokp3zvpwokrxki6eg33565vlcfu,2026-05-16T21:45:36.217Z,Paving the way,N/A,did:plc:hcfgl64crbiyk66vw3u4wsqe
bafyreibs3vesumgfgz4ja3gxfuluychg4rq7cxcyf235zszstzaoy5np6e,2026-05-16T21:45:38.028Z,So beautiful😊🧡,N/A,did:plc:nh3m3rjnxhaimzvsxgjghgsi
bafyreicb4t43cutot2g4wofphi654drfvth7lygqtlczvlqpkfyyedpzwi,2026-05-16T21:45:37+00:00,"🚨 Gale Warning issued May 16 at 2:36PM PDT until May 16 at 3:00PM PDT by NWS San Francisco CA 🚨 Additional Details Here. (4/5)",N/A,did:plc:zyszbnikygb6tindv5queldw
bafyreifekx7rzletnbwghizctfukt4taw7trepfoynfugzjcbkjqnoyx4e,2026-05-16T21:45:37Z,"Elek Gábor a meccs után a hibákat emelte ki, miután a MOL Esztergom 33-30-ra kikapott a JDA Bourgogne Dijontól a női kézilabda Európa Liga elődöntőjében. A magyar csapat a második félidőben egy 8-2-es sorozattal négy góllal is vezetett, de a házigazda francia együttes fordított.",N/A,did:plc:zphiw4k3vi5v6dt5w3idjq4h
bafyreidxzqyhviyxa75rpbv6lbvzyo7ogtypiinnxlhbpottg4dcz5q2be,2026-05-16T21:45:35.519Z,Your worst nightmare.,N/A,did:plc:xyouzhcstb2b6fdvzdhqfqf7
bafyreic2dej2ibn7rnhf4s7eqvtkpv3wqerugxq2lgo4dxxdp3chqyqbnm,2026-05-16T21:45:35.233Z,"Semaine catastrophe sur Netflix pour bibi avec tout d'abord Turbulence. Film trop long, sorte de mélange entre Airport et Passager 57 et qui lorgne souvent involontairement avec Y a t il un pilote dans l'avion. Ray Liotta commence correct, avant de cabotiner à mort. On continue avec Vertical limit",N/A,did:plc:ryjak5lygvl4qp6kbykjkaw3
bafyreieoz2gyzy4qcxzrpriadxsrpb4wmh5ofpa57ysybqws3bjlgqfigq,2026-05-16T21:45:37.064Z,そーだそーだ！！！終われえ〜！！！し、失礼！今から仕事行きます〜！,N/A,did:plc:bbsgj7h4cbl5b7q7leinncux
bafyreiazrqgngdcnb32xttzesopgjw52yvt6gbbweiocxikme5n2xh2wse,2026-05-16T21:45:36.718Z,"Just found a cache of art I drew in 2005-2007 and I love how equally split it is between ""unimaginably cringe"" and ""I was kind of cooking with this""",N/A,did:plc:jifaqqamknukuwxoforjsaxh
bafyreiginx7csfkmzgbuix6hm5bz6csudllvkcm7bnplmnfamy65tma6km,2026-05-16T21:45:37.808Z,Parov Stellar? W000t! Cool! #esc,N/A,did:plc:cbxpfvo3eb3gpslwyecu4kgy
bafyreiewxsofuoojivqt3ywtp24gfon27gkvaqsyaqfz6kj44ojprtrp4q,2026-05-16T21:45:38.454Z,Still reeling from an earlier conversation today that someone never really thought #EuroVision was particularly gay.   Is there more than one version and I’ve only seen the camper-than-a-row-of-pink-glitter-covered-tents edition?,N/A,did:plc:nszcq6pu3qeauxkraqyalgrx
bafyreifzoguqxiozn7obmytufbnvxh4byw5lhxde2pbzcff2seb7umep24,2026-05-16T21:45:38.115Z,I liked Belgium but yeah it’ll be a landslide for Moldova judging by BSky!,N/A,did:plc:uaas4mfcaprmsfxwxroryafq
bafyreih2raklgr3lx6z6jjnnao7lete7d6dkvmdltnpsyyfosnet5a7tv4,2026-05-16T21:45:13.758Z,Smash burger wrap with a cheese slice. Lions Bite.,N/A,did:plc:pwjhfj54iughrihiwcdnmr5b
bafyreidulb4zc5nuleqinovgz4hjg6zizj7mi7u4f4gv2ygtbo6q7ql7t4,2026-05-16T21:45:38.284Z,КОГО,N/A,did:plc:ehvwxgge6apq2shbpb2kfv33
bafyreidx4rv7bc4iy4f6qa6tk5drgy7kip4ffoklgxivpseqy6eoshcz2u,2026-05-16T21:51:40.352Z,let me consult the atmospheric data,N/A,did:plc:ozbe6kozesjkdtkx6mbe2edd
bafyreibdizfhn6xmyirmkn5iq2sqv3jfjfv65cwqvevhmvx5ozz2zu3jvi,2026-05-16T21:45:37.942Z,The way in which gringos are obsessed with 2666 is so funny to me. Wait until they hear about Pedro Paramo! (They won’t),N/A,did:plc:vqwrnzchu35el6hcj6p3bst4
bafyreife4sl2ed3kpoa22gwwgcehyu22bj5j3al6artytpp2pgx5jv44ya,2026-05-16T21:45:37.339Z,suena como la shakira memeo #LCDLM,N/A,did:plc:fhznei5yugyjrckf546epoxv
bafyreihldcqpr3ngb2n4joaykyjbfxnpab53ki6k3xb2ke35ag4bu3y5cy,2026-05-16T21:45:33.810Z,"Trump, 'titizlikle planlanan ve son derece karmaşık operasyonun' IŞİD’in küresel ölçekte iki numaralı ismi Abu-Bilal al-Minuki’yi etkisiz hale getirdiğini açıkladı.",N/A,did:plc:d5p2j2zrhu5j7vw5wpormayc
bafyreignteklihkt7jmiq7ovcjayoocdfdjh36kb253q4hryig7sze57ru,2026-05-16T21:45:38.664Z,Ach Quatsch. 😘 Gute Nacht! 💫,N/A,did:plc:l6qvfgvfqhk3k7fvqqzywtgr
bafyreicuhyqcvmzbnxckg3estpb7ux7vsjqybvdk42cmivyciegn76xily,2026-05-16T21:45:38.058Z,@ashrahn.bsky.social I think FFDP fits Thragg ngl.,N/A,did:plc:nt4iojxfurd6lscniswqxg56
bafyreicemiya2swbkyna6x7dzmorsknjmtgcptwk73zagjmlx2t632apv4,2026-05-16T21:45:38.740Z,The silver lining to this perfect storm of geopolitical clusterfuckery is a stronger Europe.,N/A,did:plc:gzhlywnrdelu6hm7nfof5aci
bafyreihzswdqm7fvdo42zflzws6czpdgkp7c6eeyhcjqi4nm4u3n6tvo2e,2026-05-16T21:45:38.801Z,“Black Lilies (Interval Act) - Eurovision Song Contest 2026” by Parov Stelar #nowplaying #radio2,N/A,did:plc:6flkd5j7g3dba66b6ao7eoju
bafyreifb6rvvexitpozta3hiz2sdo5d37ezxlqanu6j6bqhiumoisgvumu,2026-05-16T21:45:38.712Z,hehe well simp *does* need volunteers :3,N/A,did:plc:jw3iecjha575kea3ob4f47bm
bafyreictr55z4dvrneqayxabkljuvredoqhseimuqurek2q6lbq2y3gneu,2026-05-16T21:45:39.054Z,     *Squeeze*,N/A,did:plc:jo6x3jaqqxgne6nrkoyaux7x
bafyreig2wzsuvkurxui7jhfzx2msfwexfannp4fgcx3rymtbfuof3qltre,2026-05-16T21:45:38.810954Z,FIP BRONZE EGYPT III  Main - Male - Semifinals  D. Luna Peinado/F. Insa Sotillo def W. Raslan/J. Perez Martin 6/1 6/3,N/A,did:plc:eaxssnsscqcqspj7h4oeuxfj
bafyreiee7lwmlfakjhmxz27vxhzrdc4wpvdu3obqian5likvech7c6kelq,2026-05-16T21:45:38.815133+00:00,Reconnect Recommends:   Scramble Heart City – The Making Of  #gaming #videogames,N/A,did:plc:7ylpw2osqzygglrkpq55rixz
bafyreiezplrjhnuqfin5it4cpndiy5xdy5nbbgyqucngcarpqsjzwxv7te,2026-05-16T21:45:38Z,Ad: For Sale - Citroen C4 Grand Picasso #Citroen #C4GrandPicasso #UsedCars,N/A,did:plc:p4xm5qiuakecpdh2h4yxm3xk
bafyreiftmqqjdwta3vvu734fgbnctdelipl6q7bcvezl4hlaf5nzzydefi,2026-05-16T21:45:37.007Z,メルカリだと直接引き渡ししんどいな。 それに電動自転車で探すとジャンクが多い。  ジモティーのが良さそう。,N/A,did:plc:ram5fpqdehjop34g2xutt444
bafyreiapip7qlzypjsfufgtl4th2kvhvzgfkw2db5zqxu4vnx7sas6jtvm,2026-05-16T21:45:37.000Z,VesselAlert Name: WATERSTRAAT MMSI: 246758000 Callsign: PCIV Type: Tug Flag: Netherlands Seen: 16-May-2026 23:44:57 CEST Dest.: EMS ASSIST Distance: 35.9 nm Signal RSSI: 0.0 dBFS Ship AIS VesselAlert © kx1t  - link,N/A,did:plc:bxbou45dh7mhgrkiefnp6jve
bafyreigh24oompuz2ss4joiyobnqxltvv6rogby5bn7e2qivrpjykik5ii,2026-05-16T21:45:24.911Z,Bu sene pembe unutmabeni görmediniz siz sanki,N/A,did:plc:ymrfhvy76ruwq43kg32kvkrx
bafyreia2qfool4qsec2q4cpiphliyzajbvda7o3gnws3pivxspcoeixsby,2026-05-16T21:45:38.370Z,"Join the amazing Kiddada Grey as she and Nick talk about Red Flags, tearing down the manosphere, and being a better person.   youtu.be/zkLdRacCVI0   Drinking with Authors is brought to you by 4 Horsemen Publications.  #Manosphere #RedPill #BeKind #BeBetter @thenicksavage.bsky.social",N/A,did:plc:qkdctcarwxzp37uhpfv2jsyq
bafyreib4tkhcx2jz77ua7dyscbe2ix5lvlr5or3ciwntksv3ge4uhjudg4,2026-05-16T21:45:38.391Z,"sou incapaz de ler e apreciar a turma da mônica contemporânea. e contemporâneo aqui significa ""saiu nos últimos 15 anos""",N/A,did:plc:rbezvp4726t6a5a3q4j255xo
bafyreifgwig3eop4lyyxtluhlpukvxycey3yji2vndeqbd3bbns36n54rq,2026-05-16T21:45:39.198Z,cheesesteaks too i bet,N/A,did:plc:f7umomafksrxusu43s6nxc4v
bafyreifs72quseemlr5qivpb3k73ahjigoisnltqa5ey36flfgkh7eeope,2026-05-16T21:45:39.171Z,Tout comme toi!!!!,N/A,did:plc:neeeyznq2qeqykpljcm75n5a
bafyreibyd3wgxtyj2v6aqxr4gxz7mwrfeawabzondj2sfya3jagk3o4ybm,2026-05-16T21:45:40.109Z,"Queria muito dar a doida e tomar, mas nem sei o porque eu to com tanta acne do nada. Preciso descobrir primeiro, mas só pode ser algo hormonal mesmo. Insuportável. Você tem SOF?",N/A,did:plc:ink722ghejqqje7jc4hmdaio
bafyreihdbt3w7pdp3gmiwlzjvsyklir7so2u232gjxepdn5vywjtmwzmae,2013-03-28T00:00:00.000000Z,"Enfin davantage de transparence?  ""Analyse par la Déclaration de Berne du «Rapport de base» de l’Administration fédérale sur les matières premières""  https://www.publiceye.ch/fr/publications/detail/enfin-davantage-de-transparence",N/A,did:plc:lb7v3uq23wmm5spv2a27kehv
bafyreifipjhfzttgglhyr34fzpipjxlzew7kqjsuec5jdj5gtmvkhqveia,2026-05-16T21:45:39.337Z,A glass of Gentleman Jack and a Stella Artois is the recipe.,N/A,did:plc:u72hcaubi64my53p6oxwvsan
bafyreih6xdikz5ebmk3es2jixvaa2trp3pilzfuwksatcvienueukzphve,2026-05-16T21:45:39.014Z,He’s marinated in inside info,N/A,did:plc:vmk26zp23dz4iqrdfum7p236
bafyreihhocfcr6mttmruff2jygob4fpo46pmkopb6wtgx7nfk5kbgfgu7q,2026-05-16T21:45:34.264Z,"At karaoke, and I have questions.",N/A,did:plc:gi4krugh6iehmmq6g3vg5jji
bafyreicrcr2tp43c4g4whide5vi75zuyskxd6gzr7jbxxtkgdfeb2fr7fm,2026-05-16T21:45:38.471Z,うんち！！！！,N/A,did:plc:lckbiif2coj3c4vob3idm5i4
bafyreigjz2fu6r54pz4he2k7xewwdu6a7lx7ee5pawmeyq24uqzzoqsdqu,2026-05-16T21:45:32.351Z,I’m hardly exaggerating,N/A,did:plc:ao3da46l542agikvrcdg4ow5
bafyreihydmisjw5a4fpetaxfhugaakrywoczp6c2mxzfu2asszpl5kavje,2026-05-16T21:45:38.926Z,"Pour mémoire, Trump danse sur la musique des Village People. L'Eurovision, c'est l'esthétique de la TV triomphante, dont Trump est une création. Et si Trump n'est pas la personification de la décadence occidentale, je ne sais pas ce que c'est que la décadence occidentale 🤷‍♂️",N/A,did:plc:3xhpszaojothbajjznewrslt
bafyreieas6outodxuroqi2lzuciavwwtefeoos2d3htl7frchzbiowb5wa,2026-05-16T21:45:39.449Z,"OK, so I have gone down the YouTube rabbit hole of arrests captured on police body cams.  Suspects are mouthing off to the cops, resisting arrest, and sometimes physically attacking the cop.  Do they not realize this footage is going up on the entire internet for all to see?  Like your employer ....",N/A,did:plc:lmkfrtczdumi7qksb74yz5nh
bafyreidhukdo7mx3jt4az7bzptjikjtvv6ujnawz2glzgcjmnetitdlace,2026-05-16T21:45:39.333Z,I love this with my whole soul 💛,N/A,did:plc:jmgefqahjkzut4orzmdopbyi
bafyreihampmepk5r4u2it5qwotrxt26s6ptffquw2j7zzfu4fvco5pwzre,2026-05-16T21:45:36.234Z,Only reply necessary:,N/A,did:plc:bmmq2zofac3qozhbwiwynpin
bafyreidd2fmto4j7m2ubpcvhi3nld6iuqadcgdljb2aommf7h4ql5davqe,2026-05-16T21:45:39.106865+00:00, #commission   #DOJ   #government   #Justice,N/A,did:plc:mhqnbglrgmwiuz3kgexbi7uf
bafyreiafbxzbi37tz6koqrqhk36pdm46nfofgklymau25mqush4ebxw4pq,2026-05-16T21:45:28+00:00,Hulpdiensten zijn met spoed naar Teylingen uitgerukt. Verdere details zijn nog niet bekend.,N/A,did:plc:w23i6wxhyheqrwevgb4ukncb
bafyreic7izukzkupiscfgko7pdivedm7s2t6v6invl62kayjwrb6mjcgtq,2026-05-16T21:45:38.110Z,"Minä harkitsen, että alkaisin nyt nukkumaan ja heräisin tunnin päästä katsomaan voittajan julkistuksen 😅",N/A,did:plc:cowgrnbkedcwbeniciuyepdn
bafyreicglumuajuq3udgrez4jzlqi74zyavkiya47h2ztzrlm56nlnixwi,2026-05-16T21:45:39.607Z,"it bothers me how little attention my art gets when i put a lot of effort into it but how much effort it gets when its a single drawing on a white bg, extra points if its just a doodle",N/A,did:plc:vlf54q47udaydepkoy35jqa4
bafyreic5jggtg4lujbrcktk3yqhurv47ubx4j5fotvl4m7vgwej7xa3qge,2026-05-16T21:45:39.233Z,I am sad that Outlander is done as well. I do like how they ended the show. I know a lot of fans were bitching online but I think the writers made the right move.,N/A,did:plc:3ctlocpuhthoarauk5bl2q5j
bafyreigad4kbtp2vq6rtexsvsmkhwrtjkqxclupcfsnnkuvmqjzplxfomu,2026-05-16T21:45:39.523Z,Cat man is the energy I need in life. Actual footage of my colleagues in work when it’s PPA. #Eurovision,N/A,did:plc:2yfhkgow7crtrwwzmeciorjb
bafyreiemfv7vuz5gf22k2vw2qukqqorvsguqdmf4ys6psubq3q65f4t6xu,2026-05-16T21:45:39.690Z,Went out for an ice cream cone so it’s officially summer. ❤️,N/A,did:plc:gjkbvrgwiqrqill3ehrpsg2f
bafyreid26tcfdec4ykwrm6dl7w2bedo4wxudl62puknioeean54eevdqu4,2026-05-16T21:45:32.897Z,はまかいじさん名指しされてて草  RE: https://misskey.io/notes/amcfvjsztnff01dh,N/A,did:plc:upg6qcvsa6wgpioz7efjxbf6
bafyreiccduyopwvba4fozzbqxka63rnecw4k5r72gu7j2dpdv7biaclomq,2026-05-16T21:45:39.343Z,Shut up (not actually) this is so cute,N/A,did:plc:5e46ua6pvoymzc6faawpdr4q
bafyreidy63eetkhqaviz6l325prmsvbvtzzwnyfj7exhaol5jtw7at5fzu,2026-05-16T21:45:35.000Z,Let' go Sweden & Moldovia #esc,N/A,did:plc:c2xxxqxdue6fnumcayjphymt
bafyreie6osot4ls4g7aht7adojqp6jzmxdoohi7qlmmszal52b4ie6mhm4,2026-05-16T21:45:39.487Z,QUE CENA FODAA,N/A,did:plc:53qbhig4s3bhli7crm4jybxj
bafyreifq3gi5ptf6wooxgxft2rsxx6v5nmt6oq5agtk5tstltusyvrvpm4,2026-05-16T21:45:39.707Z,#sobeys,N/A,did:plc:rfozodyxt3lg4fnmnc3g3hhp
bafyreiffpu3xect6mwu6rq7u3zefrdlnae7cuw6vffx7zcewo5e7l5ksqe,2026-05-16T21:45:39.319Z,pray for me i forgot how to render,N/A,did:plc:gdkr722isd5g6nz5x4ct3pau
bafyreihuvdco4picegzdpkadj7ugbbd6w4edyhu5hicubs3hdb2vr4xe5a,2026-05-16T21:45:39.694Z,Make her Red Claw from TAS,N/A,did:plc:qlydndc6wuj6h4tqpxwaeahs
bafyreifhvo4dxnvduhetxlk6les43s256uuxciglbdex4xrgegzbwdvk6i,2026-05-16T21:45:42.485Z,"Ahm so so happy...walking hame earlier and theres a woods tae mah right....some voice started wi aw the fenian bastert chat ah turned round and shouted ""come oot yer tree Tarzan and let's go""   Heard laughter in the background 😂👯😂",N/A,did:plc:vhqwwwo6j3yawh5pi37dalq7
bafyreibjyz3dbibhsmvl6nhmamy2ygtxioplxev4izfyp567a7jnksxroa,2026-05-16T21:45:40.959Z,We go diving for clams before breakfast most days.,N/A,did:plc:blass7dzfpqbs7k4iauav6pz
bafyreicfoqf7cp77gxeiz6bsjoej5wjbijoyfhmazncczvornqrsv65r6y,2026-05-16T21:45:39.339Z,YOU ASKED?!??,N/A,did:plc:qykx4ib2n74pvesfrotrwt7e
bafyreidr52ptzr5xkp2lmho6n4qiv4wvw34xylijdazuyqdwo7ubnsb42e,2026-05-16T21:45:39.203Z,Route 10: Eastbound from James Jackson Pkwy & Bolton Rd is cancelled at 12:57 PM. Route 10: Westbound from King Memorial Station is cancelled at 6:00 PM,N/A,did:plc:fl3hb4f53h7dl2anx7uyh2ut
bafyreiegfrnoz6xu4ibiz3ob4iornjhnskvjs3kvbetwrjdtjtupne47ou,2026-05-16T21:45:40.660Z,Merci beaucoup L'agrume. Tes gentils mots me rendent tellement heureuse. J'adore également cette chanson. 💜❤️💙,N/A,did:plc:r7kcxbgzbdyjybk5ah6i5brq
bafyreidkwwakbb4xwqf43tlkevbjsdnpktqall2h23euoapp7cvwk3qfrq,2026-05-16T21:45:39.781Z,リポスト含まれてたらちょっとやだな。うち、そっちを割とする方だから。 ……でも今、アニメ実況とかはしてないし、やっても合間で呟けるのが精一杯だからどうとでもなりそうな気はする。 ゲームはかなりしてるけど実況ツイしながらなんで器用なことはできん。キリのいいところで感想呟くとかはするが、やり出したら集中力のが勝つ方だし。,N/A,did:plc:go65e6lz3uh6qykggyddguph
bafyreicxvqajju3mo3n2l7kovbhyu2lexdmmxjswwhsqyblkf3s52hzuvm,2026-05-16T21:45:39.124Z,Got it….i may forget…,N/A,did:plc:rwwzozm4e7yrijf4jmwmheog
bafyreiebd5364hum6us2k2guzx7kwdt76hgoagzxt5shs2q56wdbneuufi,2026-05-16T21:45:34.48744200Z,"Invariably, remnants of old ideas reflecting the old system remain in people's minds for a long time, and they do not easily give way. After a co-operative is established, it must go through many more struggles before it can be consolidated. Even then, the moment it relaxes its efforts it may",N/A,did:plc:rzkwiyq5lnyr66jdqucjx3nx
bafyreifdgri2u3kylb3msuqled2ip7nzweackpzjvvpp6hq765uomdjkdy,2026-05-16T21:45:39.367Z,"『政府は実態調査なども行なっておらず』：現政府のEBPMの歩み https://www.cao.go.jp/others/kichou/ebpm/ebpm.html に逆行するものでもあるのでしょうね。／""「30年間、日本のルール守り頑張ってきた」。経営・管理ビザ更新されなかった元インドカレー店主、帰国余儀なく。子どもへの影響も | ハフポスト NEWS"" https://www.huffingtonpost.jp/entry/story_jp_6a03c550e4b040d76f63b73a?utm_campaign=share_x&ncid=engmodushpmg00000004",N/A,did:plc:oc4fgu3bncuxzlx7iceuw7ap
bafyreicmu2u34w7wkoeyqnx5ewuv3x6trreqltdowycxgmskio522hzotm,2026-05-16T21:45:33.052Z,Я рад за время.,N/A,did:plc:a2o46v6bbb64gctezufwvf5e
bafyreihdruhylgeuma3ywebb7uanu2p76yprw4wfvnzjawml45jw7tz3pq,2026-05-16T21:45:37+00:00,"Côte d’Ivoire : Qui est Djaratou Bamba, première femme commando parachutiste de la Marine nationale  https://www.europesays.com/afrique/104669/  Djaratou Bamba s’impose comme une figure historique des Forces armées de Côte d’Ivoire. Elle est reconnue comme la…",N/A,did:plc:bborek56dnu5ggcxayyhomss
bafyreifd6vevscokbmwqt3alhhatqk6ilyt25esn4zz7krf4a65c7mkzwe,2026-05-16T21:45:39.873Z,Stat can't go below zero so this has no downsides,N/A,did:plc:6lk3ezdrrew3jftyelxpjf4z
bafyreie6hlngpgf664eemiipwra34xjvljmhoky7caqcewrtwwtjkwpyba,2026-05-16T21:45:39.239Z,Eu sem Gerluce e Paulinho (sim eu vivi o amor deles),N/A,did:plc:untiqslmx7iujajcsevwgtef
bafyreig5ewhrqpeadtvqrjgxi4lvqrf2mv7aexhvgpvrmsafgg72g4mgfi,2026-05-16T21:45:39.465Z,Nacht denn. 🛌🧸🌿,N/A,did:plc:6oc6uscxz2djzu5dxnzp3ntm
bafyreiftbrk47brkrlnfpq5qkj7dhahgk6as2fumvfgtlkypebsiigm7nq,2026-05-16T21:45:37.708Z,www.threads.com/@fernandohad...,N/A,did:plc:ew74mvisivsbvq7ff7oejgwp
bafyreif7hakwofoqtattn6cpzs3kgcqraolijgzovsitkpcnqrsl3sjj7i,2026-05-16T21:45:38.388Z,bsky.app/profile/rbre...,N/A,did:plc:hacp2dqon24xsgr3k5yogzye
bafyreifcgba33gwfs5q4hdc4mb624zup3uwlzb4z2zstvpzttysxesowdi,2026-05-16T21:45:39.932Z,Jag var inte där :(,N/A,did:plc:vkamma3aqsisvtinkqxjo5ol
bafyreig7bblqh6d427vubufhrok74rvgfl6kj2y47sjcaxgd4fkwrgsdbi,2026-05-16T21:45:39.403Z,Brasil série A Feminino 11ª rodada: 15/05/26 lucianocmoretto.blogspot.com/2026/05/bras...,N/A,did:plc:qayorxrhrrxskmvnb3t6k663
bafyreigmc2k4asqby5xy7zvysmye3wfxqwkemdfzaj2umayozdcsttlqn4,2026-05-16T21:45:40.133Z,Route 10: Eastbound from James Jackson Pkwy & Bolton Rd is cancelled at 12:57 PM. Route 10: Westbound from King Memorial Station is cancelled at 6:00 PM,N/A,did:plc:a64nayuq4l65r26phqmty5v4
bafyreicgryhnjznaotefa54enr2odzmvnx3uyvtq2kbv26uchwdrck3qsu,2026-05-16T21:45:39.669Z,EJEM.  ME HE ATRAGANTADO CON LA COLIFLOR GRATINADA.,N/A,did:plc:co6ntxtqdhupchwkwfhg4pqq
bafyreieutopyhl7qipnnx2bxuzfdw6ow2ueoogdpqwobitvpxycc42tggu,2026-05-16T21:45:39.693Z,"A good story on the artist's success.  But the ""rocky road to Venice"" for Khaled Sabsabi is whitewashed - as is usual when mainstream media fails to confront #ZionistMcCarthyism.  No mention of how his sacking was part of a long and continuing pattern, coordinated by the Israel lobby. #auspol",N/A,did:plc:5dic27ocbqannaaqxkwcodnq
bafyreihauxefxlw6v67rarnj5rj3wyrbvl7gyadgn44ozyeoq6r4d6ejci,2026-05-16T21:45:39.606Z,お寺とか神社の火事とかお墓倒すとかもっと大事にして犯人特定してほしいし警備やら何やらをしてほしい。自転車の取り締まりとかそんなんより人を割いてもいいと思うのにな。,N/A,did:plc:isqaa5iky267fuaui6s6fxvn
bafyreiay4y5fiwmykkck5ahzh2z4bpqjavaudpp6umru3pa74leyirscqy,2026-05-16T21:45:38.676Z,if I upload a video of me demonstrating diaphragmatic breathing in a swimsuit is everybody going to be normal about it,N/A,did:plc:xnfsrtf5kc2o5ow2qtitiqwn
bafyreihswvvgwmwryormvzrmwk6ch4gwodcph3qqh2eozvpeyvy7xowlpq,2026-05-16T21:45:33.601Z,Front page of The Washington Post,N/A,did:plc:6yw22h7oqogjobbsqavsnz55
bafyreibbruotozw52qalgjfyysjf6dsugn7rwwglrbkjknj3cuaw2g7ssa,2026-05-16T21:45:40.359Z,i saw someone complain about how certain shippers turn mischaracterize the ship by turning individually smart characters into bumbling idiots when they're together but to be honest that's one of my favorite dynamics 😭😭,N/A,did:plc:ndsbnfasfh4n2fybctxq4ajt
bafyreigaxswprs2gq2peafftvotze2m5j4gc4imqo53ubnkorfvemv3cjq,2026-05-16T21:45:40.360Z,like varka and flins are clearly very competent separately but when you put them together they lose all braincells except for one which they have to share...,N/A,did:plc:ndsbnfasfh4n2fybctxq4ajt
bafyreiamky4hgwdelqmzrexsaczeivkzvlsqkt5denj5bftkkfnudkbdba,2026-05-16T21:45:40.440Z,Tigrou Eurodance Abracadabra Banga banga Chyprira Donatella Kingdom Hearts Piano Rideaux Secte  Allez maintenant devinez 😬,N/A,did:plc:6eriwp4ouqo5k7a67mb2smsp
bafyreida2rtmcc2nldgjthksax6q67uu57nceaepa45o4ytweyli7fpbzy,2026-05-16T21:45:38.054Z,I like this Shinji more,N/A,did:plc:qqkr4q3sg4cqnjftz4s33fmx
bafyreieqsavnzwrtpnzrl5ufficz5n3ztk574xgmz3xwvb5g3qy3ifhnoi,2026-05-16T21:45:37Z,Ad: For Sale - BALL WATCH Engineer Master Chronometer NM1020C Limited Edition Automatic #LuxuryWatch #BallWatch #AutomaticWatch,N/A,did:plc:rucahs7knm6whn3rq7oiyhrd
bafyreih43kbbn5eotizu32tmwbssz6n5rtggfzwkr6sjn6ie2d7tpyoxvm,2026-05-16T21:45:40.458Z,WAIT IT WASNT VEROSIKA ?,N/A,did:plc:skkmxbpghtsaapkycnad6ali
bafyreiabjlhcamshxgkzscx2cempaooy44rp2fojoubh7omlaqp4matm74,2026-05-16T21:45:39.646Z,🥱🥱🥱 #Eurovision #Eurowizja,N/A,did:plc:gzdjt2bb6zkdknijroh6tm6i
bafyreiaerhd5galk73illaaccn5wgxrsrqsbguf6esbhsbsm3bd7kx3xfe,2026-05-16T21:45:37.356Z,Tu frialdad.  La distancia que duele no siempre nace del otro sino del miedo propio a mostrarse. La frialdad ajena actúa como espejo que revela grietas antiguas y obliga a elegir entre cerrarse o abrir un espacio nuevo donde la vulnerabilidad no sea derrota sino verdad.  youtu.be/EKF6r2TkUXg?...,N/A,did:plc:7xzocf2gs33w5j6rtyidczs5
bafyreibt2jzzsijnn4uhxmodc3gwzhgbepffpuw5tg4g2j4ehaa2mpcdnu,2026-05-16T21:45:40.154613Z,#nowplaying on  Over 60's Club:  What Is Hip? by Tower Of Power  Listen In 🎧  https://over60s.club/  #oldies #60smusic #70smusic  #80smusic #radio,N/A,did:plc:wx3vtkzfhqp3kbv7kz3j6s3e
bafyreicv4uyrynei26ls4evwl7n7iupxlwqskscryvgam4ashr7hfuqmjm,2026-05-16T21:45:39.506Z,QUE DELÍCIA QUE NÃO TEM UMA BANDEIRA DAQUELES CARAS LÁ NA BAGUNCINHA DO EUROVISION,N/A,did:plc:vmhpkxavtnwqebccmjoanfts
bafyreibtfv3hgixppkpk64qjspxfhp2vqjx34i4y2tdywxebjadxnrxwpm,2026-05-16T21:45:40.985Z,nonbinary people don't owe me anything but i do still like making fun of them especially my roommate,N/A,did:plc:wix3avzqs2mo5e52kxcj6ln3
bafyreidumnusc4qduqbp6tjoyq3cxdnscfxmxowuukayer3inensfkg2fm,2026-05-16T21:45:40.309Z,genuinely have never seen face blindness of this extent,N/A,did:plc:wtlyufi6cybchvn5xqlxg3hn
bafyreietcnapx5t2uofljavxwvx423qatjxvedyrg47p35hrkd7zlnwguu,2026-05-16T21:45:38.721Z,I love this pic bc it encapsulates everything you need to know about what a shitty husband Ethan Hawke was to Uma,N/A,did:plc:33av7m55lyyj2hihvb7yr2lv
bafyreia3awpkovcqbr7fyeamwpypqkw347hfzcqlths2ssr5eluvvljmfa,2026-05-16T21:45:36.041Z,"People have always rationalised shit that happens to trans women as somehow being deserved, no matter what it was. I used to think that would change but these days I'm pretty confident it is a fixed aspect of human nature.",N/A,did:plc:3ls2ei5dm7e5gymlwny2dygw
bafyreiayc4gg6rg5jkjzemqkv2fr2kl2yf4a7cb5oak2aui3ozqw5aruhe,2026-05-16T21:45:35.24657600Z,my uke is mean serious and avoidant my seme is bright joyful and obsessive hashtag wokejoshi,N/A,did:plc:6mbwm5q6nlc5kucu2v6oczmm
bafyreieg6j2yzowe3ek7a2yphrhqzw3ll2cvb3576i2qqopvqxcukdvzcq,2026-05-16T21:45:39.136Z,"Israel hat sich aus den Gebieten sofort zurückzuziehen, das hat der IGH auch schon so festgestellt",N/A,did:plc:mq7mq547ynh74dwghq7ztdxs
bafyreif6pyje346jve3aqbahs2y3ibio6jau6aoglzxip4kzfo3vdriepi,2026-05-16T21:45:40.607Z,"i am not proud of this but i didn’t know a lot about PCOS until the name change to PMOS (which i now suspect is *actually* what i have been dealing with for the last few years)  and christ in a canoe, does the alt-right have an ironclad chokehold on PMOS info",N/A,did:plc:5makmrlpkwkm447vjwox4doz
bafyreial5phc5abre7ytwnkjl4h7ovcsb7epekbcrrr2gzlwbyl3ud7ilm,2026-05-16T21:45:40.608Z,"everything is holistic and i do not want holistic. i want a peer reviewed article in a reputable journal and a doctor willing to do something other than “idk exercise and diet or die ig,” not a woman wearing a boho dress in a corn field telling me how to manage my modern humors",N/A,did:plc:5makmrlpkwkm447vjwox4doz
bafyreicnghb3s32qvglhnwg2hqzfisrvjgd3keptrbdqoqnvt33rgdu4ye,2026-05-16T21:45:40.216766+00:00,"Rafa Yuste, després de la consecució de la Copa de la Reina  ""Tenim un joc que enamora a tothom""  ""Durant molts anys hem estat apostant per aquest model que està donant molts https://3cat.cat/esport3/en-directe-barca-atletic-de-madrid-a-tv3-final-de-la-copa-de-la-reina/noticia/3409923/",N/A,did:plc:iki4hbmf2bplw73cb4hae3rr
bafyreigocusdytrkni2pprhlogwpcmm2tlade3lchsv6kxry2ipn3udlyy,2026-05-16T21:45:38.565Z,"""Oui, j'adorerais ça.""",N/A,did:plc:ee346gbn6a4v3tlyu5ekbwqe
bafyreibwpdvk72ikjoz4adaaninolqb6fzaztjdzgtvqwjc6d7ny7gag3i,2026-05-16T21:45:40.085Z,Worse than the horror? The sadness and anger you feel for a character,N/A,did:plc:wegeznufbillvcf2jg5zdjvu
bafyreidxcqndaj7cgci7dihzrhfzuqtglnvg5oxvqtqkejlxghurx53ypm,2026-05-16T21:45:39.063Z,"Le das a los 3 puntitos y denuncias la noticia por falsedad, que es lo que pretende, que solo se lea el titular y ver a PSanchez malencarao",N/A,did:plc:yzxpx7aoxmzo335qjlk5lwqn
bafyreifky6e23q5ntg6khubm4tjhhtdatcqh5nebnevlfgrsvclko66pyq,2026-05-16T21:45:40.478Z,your debt problems are moving far too quickly to be solved by ppl having more kids,N/A,did:plc:34d45jjiq4fn6rw2lgypqwng
bafyreihujgrmqldftblgfsitmuqe5g44apxlg37eyyonfol25pybkno7nq,2026-05-16T21:45:40.516Z,Route 10: Eastbound from James Jackson Pkwy & Bolton Rd is cancelled at 12:57 PM. Route 10: Westbound from King Memorial Station is cancelled at 6:00 PM,N/A,did:plc:r2ulpxsui656ye732uwfqzts
bafyreicmmcvb3wek6qdomu374xu6b7vkvamyonb3zhgo2j2ukoduqnjekq,2026-05-16T21:45:40.313Z,That's got me welling up noo!,N/A,did:plc:rf3kuspqpci72jk7cnwaq7tb
bafyreig6gwwr43aiag5otvilm2ovli7rb6paay5nwp5bpd3ybvzim4xqqe,2026-05-16T21:45:39.759Z,it is fun,N/A,did:plc:djtkxvmhxh4reyeenuu7w6n5
bafyreigzhzgy3k5gfbgtvcob6gwlmcohpbxbafbposgyrtkl2l64wwu7xu,2026-05-16T21:45:40.870Z,"Sadly, that also costs a ton of $$$",N/A,did:plc:jghi2ays6yyitxa3xvwbccbn
bafyreicatmme2lgwjmhfbdub2vc7utwftxej7pc4h6sz24er4zvgupt4h4,2026-05-16T21:45:34.015Z,My local place.  An old fire house.,N/A,did:plc:hyncomgwcijmhh5esvczlhi7
bafyreihfrgihdvwie3otwwthuqneteyqzv2n4l4hoaput745yn2gz6hbeq,2026-05-16T21:45:39.762Z,Good Trouble‼️✊🏼,N/A,did:plc:yd243dpg64lkzqg57m54ab4q
bafyreib5mcxifk7peqewv5ega4aug72w2zbxpljfwfdgb4wavozefemnqa,2026-05-16T21:45:40.188Z,"As far as breakup songs go, Ballalalala was much better :p",N/A,did:plc:db74oehubmqzatk6qcia7non
bafyreibaixz6lvwhqvbholekwvmhyyd76z2v6it77jxe3o4rqwvxjrjjgq,2026-05-16T21:45:40.817027Z,FIP BRONZE EGYPT III  Main - Female - Final  A. Ortiz Gasco/M. Ferreyra def C. Fernandez Gonzalez/N. Guerra Santana 6/2 7/5,N/A,did:plc:eaxssnsscqcqspj7h4oeuxfj
bafyreieezvpzrwk5bg67pqoz66ndnobrevo6wsisyi55pn5dgjhu2ntu2q,2026-05-16T21:45:40.220Z,I have been meaning to watch this again with my musician kid. This is good motivation to look up how to stream it,N/A,did:plc:islki6nfr4l4e3yhticsmaki
bafyreiciwpxp52u7usxoygckon7krnhxdibs7waoegocbnl3wgwxl2tsni,2026-05-16T21:45:40.521Z,why does it say this has 10 replies,N/A,did:plc:s6riaupvaidwstha3mnbefox
bafyreic6yzixpnshspgofjm6ly5ttnra5gwj6t7x3fazjj4mndeghklnby,2026-05-16T21:45:40.926Z,"Ja, og ein situasjon a la Mathisen bør etter mitt syn ikkje vere svart/kvit ""er det frispark er det rødt kort"". Den situasjonen bør opne for ulike vurderingar. Frispark.... og muligens DOGSO, men noko uklart. Gult kort.",N/A,did:plc:ip3ianlmljp7tb44ysmqopfz
bafyreiatfntoudtp7mpxd6xyiec4aaepkdft5dezb7txmjng6zt2m37bau,2026-05-16T21:45:40.475Z,"Disfrutando lo votado.  Hay que ir a votar, porque sí sirve... Ahora sólo queda un  año de aguantar esta mierda y volver a ser un Aragón orgulloso de ser solidario en los Ayuntamientos. Pero si el Aragón solidario no vota, y elige estar en este lado de la Historia, no será posible. Qué pena...😔",N/A,did:plc:l5mjzczn7lmrlhqbj74xt5mo
bafyreifzqavmyodyniok4wftb7lgu36ycd7vt7inauuns27xhombpfem2y,2026-05-16T21:45:40.876Z, just can’t quit CBS Sunday and Jane Pauley.  Sry.  Everything else is dead.,N/A,did:plc:gcupquzqi7zlybznf2plhphm
bafyreign7ohlmhdvsbjvh3d244xvnintrqes6trie3hbwglqv63wrl7vre,2026-05-16T21:45:40.624Z,"Что такое ""Гермес"", подскажи, плс. Есть разночтения, что это может быть.",N/A,did:plc:ren4lvoh3whyqoe4hmiwtdcw
bafyreienxqzidi5rowh2yugrn5ryqzez5pcetdvupbt547hiv6pelzjc7m,2026-05-16T21:45:40.703Z,Always keep this in mind.  Allowing anyone (including racist Nazi dumbfucks) this degree of money accumulation is destructive to society.  (Plus it’s tiring to have to listen to this mental cripple’s inner thoughts 24/7)  Bring back a wealth tax & 95% tax on inheritance & earnings over $10M. Done.,N/A,did:plc:dhnmjookolztpymwash265h4
bafyreigr35goa4ffyviibonbgcsuuje5lkhyecqzy3bjuazkyvzjy3epnq,2026-05-16T21:45:39+00:00,"🚨 Gale Warning issued May 16 at 2:36PM PDT until May 16 at 3:00PM PDT by NWS San Francisco CA 🚨 Additional Details Here.(5/5)",N/A,did:plc:zyszbnikygb6tindv5queldw
bafyreib25msip7c6o64427wzynzsaj2y5zsayokyalfdylcqcjhvngc2cm,2026-05-16T21:45:40.004Z,"The first pitch sounds like a story that is bound to get deeply philosophical, the second pitch would do insane numbers on ao3 and tumblr.   And I love both of them just as much as the other ❤️🤣",N/A,did:plc:v75vknialf5oq3jmygdpfagi
bafyreig4ysklcxjg7ikafmq25wj4apfqmvfsiejqcvyj4pkidnhcosdzvm,2026-05-16T21:45:41.672Z,Congrats to Celtic fans for finally knocking Rangers fans off the top of the Biggest Cunts table,N/A,did:plc:dh6nfr7xe2ak723dzs4ig255
bafyreiesis4qfgmet32wf4gieg3hpz5hz57mliebmtatxzgzry2ujjnesu,2026-05-16T21:45:40.212626Z,BBC Radio 2 Eurovision 2026  Now Playing Parov Stelar Black Lilies (Interval Act) - Eurovision Song Contest 2026,N/A,did:plc:qlbcbxs5lems6o5e3c4hsdmt
bafyreidbuoildbhrzkb4dicqbmcizmwmv2nk4kppfo527rjoyef4a5b4q4,2026-05-16T21:45:40.273Z,This not a safe space???,N/A,did:plc:45w3zkhe655wjyfx4skxym7a
bafyreidbg6nata36mcnxv72itpbzofapcdiiocku5pf3ex2iqxgnlvc3zu,2026-05-16T21:45:40.033Z,Emir canım yarın konserde azcık da olsa 1001 söyler misin yaa yoksa yok mu? @emircanigrekk.bsky.social,N/A,did:plc:an5e5t6jf24ufl7r6xslm3ao
bafyreicyj4t24lini3eyo3a7ccatozlajapdi3r2c4ij6wr6um6xh2eoze,2026-05-16T21:45:41.086Z,"Just watched the Gameoverse pilot and it was a ton of fun to watch, also I liked all the characters and the premise is fun and interesting too.",N/A,did:plc:q7ce3ffojtcjosvzzoqqbtxm
bafyreififwaapcs6ustaajrbhut53sgqgtsd3jlpbfslw6umn25zztx3gi,2026-05-16T21:45:41.461Z,Goodnight and sweet dreams 🖤🫂,N/A,did:plc:5mppcaaaeljxresvfheigeko
bafyreig7jh2ioehyol4z5oyck3uq6bnmjf4ldmo3axhlegzkv6whlccyqa,2026-05-16T21:45:40.896Z,Jérusalem,N/A,did:plc:nm6ccfpp3autvzn576mczrgf
bafyreidamiz36oykw7bud2mkkq57ooi6ky5robsdhagrjsbi4jq7dyyjny,2026-05-16T21:45:39.223Z,They knew exactly how to flatter him. It was disgusting.,N/A,did:plc:onuwhyzrjksah4xf2iczi2yy
bafyreigayirmlq3moamc2hvnllthtd3nwe2m7tzmhtn5myqolt34uxplvi,2013-07-19T00:00:00.000000Z,"Breathless for Blue Jeans  ""Health hazards in China’s denim factories""  https://www.publiceye.ch/fr/publications/detail/breathless-for-blue-jeans",N/A,did:plc:lb7v3uq23wmm5spv2a27kehv
bafyreiak67ara7xzxhgbqoexkvmh5b65z7lpymlrpoc5ezqk5oi4bqxp6u,2026-05-16T21:45:40.578Z,We Remember,N/A,did:plc:gpkqjhevutcv4s3v53kk2zwx
bafyreibq6jlb2zqdlebjgrcsnucrxl474cb7tfp35dnfn74nq54iiiq2zu,2026-05-16T21:45:41.768Z,"While Smiling Friend might be over, I can already tell the creators have made enough connections in the industry/indie scene where their presence is going to be felt from here on out. ""Norm."" was a pleasant surprise.",N/A,did:plc:lprcuigo4ithdxgdjiemynf4
bafyreifcbygbh22hmo2lbcb7rvimqxpsmb3vnr5vulsxeg5s3vaf4qrp3q,2026-05-16T21:45:40.529Z,L'idéal pour tes comptes secondaires ce serait d'avoir un 2e téléphone (vieux d'occasion ou autre) avec un 2e numéro (si t'es abonnée Freebox tu peux demander le forfait le plus petit gratuitement) + VPN et ~normalement~ t'es safe,N/A,did:plc:i7axoc3wbmtjdb3fum4pfoaw
bafyreigwgcdlsl27jpru3k6omdnnjt5kjqr3t6wujmgvmusirrkphri3nm,2026-05-16T21:45:41.801Z,"I respect it, I am still sad :c",N/A,did:plc:vwrykszsvsenbi7nrbwgoijd
bafyreidcjuzva2mmrpdjuseleyaisvrlfxnidyrquvuqk3fpqnjvih7awu,2026-05-16T21:45:41.453Z,The UK isn't giving it any points!?,N/A,did:plc:en6wci6g6wycnwif54caomvs
bafyreiayjrlbw45cwiyihgtcnui4quhpio3eyxumd3ps2myylazyb2jpsa,2026-05-16T21:45:40.092Z,Underrated star of 2026: This guy #Eurovision,N/A,did:plc:5k6wcrsbop7jv5uvlfr2jrhs
bafyreife5le6w3durjsln2qzn3rp4mrej2tnjnimntq263mmv7ocdadvtm,2026-05-16T21:45:38.668Z,know your place!,N/A,did:plc:emelyxk7htnkqiuot3nmzerq
bafyreib352natosrvmuxf7qbo4cwsggpisau3inrdkxcunewudlrq7do7u,2026-05-16T21:45:39.143Z,A mí me picharon en mi pega y gratis :),N/A,did:plc:vw2hn3elq5rh7mvbt4k5sc3c
bafyreicfq5cw2jgncbyqgzpf3kne6wjfwld5zvtbltlefigo6m7ngb5zvy,2026-05-16T21:45:39.657Z,man how do you guys draw daybit i felt like i was having a stroke figuring out how his hair is supposed to be parted,N/A,did:plc:2sqiykw2rm2on6elq47z6i74
bafyreigygfu4eamjxbqyd7podopef2taeapdcu4rp6ld7cmilmyjcpee2m,2026-05-16T21:45:41.138Z,Je vous recommande d’aller le voir malgré tout pour vous faire votre propre avis. D’autant que j’ai lu également des retours très positifs.,N/A,did:plc:3mahzykfxsqgelwaiw2gl4jn
bafyreiadjupn3qwxoutn4hzc645b7eaeykodj2bkswjlbcis3dhj5tc6cm,2026-05-16T21:45:41.363Z,Naivez but in reality a child rapist evil vile human,N/A,did:plc:ovfs4s43jkni4az2avcqqhtz
bafyreia6bkfsi5xsoxdk4r63oykvwrf2s2vce3hlpncanbhn3o4dqdihra,2026-05-16T21:45:40.431Z,"The Land Rover Discovery was so bad that when the re-engineered newer platform was released, they had to call it the LR1 so people would actually buy it.  After some years of solid sales, they simply switched back to ""Discovery"" again.",N/A,did:plc:o7we2mahd7jpxzfqzvhrmpgz
bafyreie52r5v3fdpouvmyd4lcmqca3tt3znoavl7b6z4ficljkrve4thqy,2026-05-16T21:45:42.390Z,But do you bank all your XP until you can unlock hammerspace? Or do you max out your charisma first so you can have en easier time charming prey to walk right into your maw for faster xp? There's complex strategy here!,N/A,did:plc:3xqxekhkig5la5z7kstz3aw5
bafyreigxg6bztt5rsw36f43cilxz7d5s7o6zbr7rb2urw7qdn4q35zp5xu,2026-05-16T21:45:43.157Z,"If $174,000 a year isn't enough to ""support a family,"" you're extremely bad with money and shouldn't be anywhere NEAR a political office.  What a corrupt POS.",N/A,did:plc:adumapsqyxgncfmm4dqibslx
bafyreihkm6rpdwgqq5rrsd6egwpckf7fg2gektsuw2aug36ituhfx3i5mm,2026-05-16T21:45:40+00:00,"Now playing on Caribbean Jam: ""Shake It To The Max (FLY) [Remix]"" by MOLIY, Silent Addy, Skillibeng & Shenseea",N/A,did:plc:sq6fvewz4bzm44f2hmeowk5t
bafyreihfltxjdzz536ceyq7hzqgekpwubcjd4khghesjyibb2d5y526pea,2026-05-16T21:45:41.606Z,I think that could've been it. That or Scooby Doo.,N/A,did:plc:74gpfh3zh6ushzzmy2ub7zqh
bafyreie7e47sgqkedcpszoi7rlcjj3qhoauawirs5jlcjml3ijfer3zbm4,2026-05-16T21:45:43.601Z,I bet you look great in green 😄,N/A,did:plc:dklfggawcgdx4qeznod6nali
bafyreievppywxmaw6lbtq3bp4gswmjp7wn4kgr7tiz44vg77dpilcbrwqe,2026-05-16T21:45:43.508Z,I feel like Lordi are at risk of losing their credibility as a hard rock band #Eurovision,N/A,did:plc:3rlktcod2itup24i7w7b2net
bafyreierwzlmmxbmmbcmdvtqpbi6re35ahzt2lk5c6kqgcnmerpjtbv2ya,2026-05-16T21:45:41.479Z,Well... He's not wrong! But is he the person that can bring about #RejoinEU?,N/A,did:plc:ehgyzuwlfwgiysghzbpatojm
bafyreigr72yyuiope3baex2xouhhvlp65b2oqamsx4hsua5sy267e3hcp4,2026-05-16T21:45:40.602969Z,"Right in the next round, makazze won an important 1v2 clutch 💥",N/A,did:plc:3brc7tvy3etiowekhx2v6r3w
bafyreia6tocl2jcmu4e7wq6xo5bzmrfjtjm66fntjn3peszyrgzyccsjb4,2026-05-16T21:45:41.350Z,"“It is as you say very important to look after the cats, my boy. It’s lovely. But that is a drain cover, not a cat”",N/A,did:plc:p6hdwzac2tmttkkjhuhtqmj4
bafyreiensokdx3e6exzompc2ig4vqyzvszf4kxzj66gmwy24nalf6b35my,2026-05-16T21:45:41.776Z,📰 Frontier AI has broken the open CTF format  🔗 https://kabir.au/blog/the-ctf-scene-is-dead  💬 Discuss on HN,N/A,did:plc:d76ifp32sz6xqg7tvk5msqwn
bafyreidl7aan6jraq4o5dphd7diqi3a2x63moaxycubanrik6sj2m3pnhy,2026-05-16T21:45:41.520Z,Ah the first one sounds horrible!!!,N/A,did:plc:jplpq6eypqopnjthxhph5htj
bafyreica57hrxvk356qxkbli6kdoovxyjpj3yursxutc2dqbxma7ps45qm,2026-05-16T21:45:41+00:00,"Special Weather Statement issued May 16 at 4:38PM CDT by NWS Paducah KY Additional Details Here.",N/A,did:plc:xgc3ikjrhcyl7kdl3w5clmx6
bafyreiclrc26uh34daa2nkpzbj7j4nqqtkk25keyddkbhvzlombtdxjyim,2026-05-16T21:45:40.954Z,this but with every SM64 Video,N/A,did:plc:bisdsehz2h2qjnynlri3gp6y
bafyreih5pivjol77s7lrjstp7pjtw5zs6d7hgmzvxlr4y26s5jqmrtpy7i,2026-05-16T21:45:42.007Z,Tysm :33,N/A,did:plc:x3masjpejrlra646uootdvsk
bafyreihj5v6djpkwuvrlcdxdpimlgcllsqwf5xlr3bnfbgitg5wvw4jmwu,2026-05-16T21:45:36.200Z,"🔍 𝗛𝗜𝗠𝗔𝗟𝗔𝗬𝗔 13𝗙 𝗜𝗦 𝗢𝗨𝗧 🔎  Notable Portfolio Updates:  𝗡𝗲𝘄 𝗟𝗔𝗥𝗚𝗘 𝗕𝘂𝘆𝘀: $TME 𝗔𝗱𝗱𝗲𝗱 40% 𝗺𝗼𝗿𝗲: $CROX 𝗥𝗲𝗱𝘂𝗰𝗲𝗱 by 70%: $BAC  His 3rd biggest position is $PDD, he has been holding it for 5 quarters  Li Lu'S portfolio is up 96.68% in past 3 yrs",N/A,did:plc:swm5wwi73w2igxxrx2qyymly
bafyreid6h52hylxm7kbqbjrexuqoq5oj6vffsybiabczh7sjzmtgnf4ugm,2026-05-16T21:45:42.820Z,THEIR LAST NAME IS LITTERBOX!?,N/A,did:plc:avltxicu5ydhe7k2iyucyke6
bafyreia2h55b2fq2osyg6nx3ahzeqmgchkx554fxgmfpel3eaec5wy3pf4,2026-05-16T21:45:42.274Z,Want ik sta erop.,N/A,did:plc:yz25thvlmwve6m5vdlfp7bvo
bafyreigqtg3u67a6r5fk2mv5tktimseuowct6ehwi3ezxfgtubgdp7rzwm,2026-05-16T21:45:42.027Z,Meu deus viajar cansa demais o vivente,N/A,did:plc:62xljayeo5ztibkiweopiomg
bafyreiawocrphayknjgjssznuutleyxhumapp2dgd3lv25qlv3onimx55u,2026-05-16T21:45:41.868Z,oomf let me drive up to go with u... omw,N/A,did:plc:lkq5rr65tlamyiu4ign745np
bafyreidy5s5tuvet5erz7gkik5voxjyw6gpsdptltcszt6qjk6zoi27aly,2026-05-16T21:45:42.213731+00:00,"At 4:18 PM CDT, Centralia [Marion Co, IL] Emergency Mngr reports Tstm Wnd Dmg. Powerlines and trees reported down in the area. #ilwx Link",N/A,did:plc:gugh6ukr2n2itif7z2s63vqu
bafyreihvtzyt33v3sc5kqlnf535e4n2qprld2b5zfrp6os4eif6tvq4yry,2026-05-16T21:45:42.540Z,HAGAUAUWGAI NOT MY FAULT HE'S SO CUTE,N/A,did:plc:zz5oiisl6qs3zxw6c2kgains
bafyreia7qt5ocwm3gpc7t25gbtz75zqk4pd6izsh5fpnv4qf7354zchjqq,2026-05-16T21:45:37.05149300Z,Still here,N/A,did:plc:epwzydiprtitpjkcvhj65sgf
bafyreiegclc2hbftwv6wrma5o5pfwucxoaq3zsr6p2exdzluorq5nwopcm,2026-05-16T21:45:37.605Z,"7. Vanishing Point (1971), dir. Richard C. Sarafian",N/A,did:plc:kh2qyyukjpsa3du26wu7ihj4
bafyreicwlypsuycfv7elxhuyim63g4cfn2vvskhmyvmvxnesqigngjfmgu,2026-05-16T21:45:36+00:00,Bees swarm White House’s North Lawn  https://www.europesays.com/2995454/  A swarm of bees was seen buzzing Friday on the White House’s North Lawn and the surrounding area.…,N/A,did:plc:msian4dqa2rqalf3biilnf3m
bafyreicosjtpcivss42mau2pnyhae25m4zutu5a35kfzfnqklwwdgf5dhi,2026-05-16T21:45:42.090Z,"キッズ フォーマル 上下 男の子 楽天 ズボン シャツ 長袖シャツ 子供スーツ スーツ フォー...  価格: 2,068円",N/A,did:plc:ilbnegpaytrh247k73o6ptdn
bafyreiayk24yksy3rknxvji5uk3hu7a35sv5u5dtm7rjoc6swtyob6uxba,2026-05-16T21:45:42.877Z,He's a damn moron.,N/A,did:plc:padac657xkchzcpldmwowfdi
bafyreibpyfrb2njruce4bzryvtce47ti4gbvgalz22o2hvmambta7pvqb4,2026-05-16T21:45:40.316Z,Is this related to US artifact plundering in Iraq or is that a different story because I feel like I've heard this somewhere before,N/A,did:plc:hla5uf5jsmer2ypd3skvxa6a
bafyreif3fwujf4vippi23lct66vhx2kbojdpth72be6tac3vxapdbnvzge,2026-05-16T21:45:42.333Z,Lesbian goddesss!,N/A,did:plc:xu23p7a5kfst7b4sau2geljs
bafyreiai6q4dclqbzaimt2tsyjyhbdza3hxb333cg3wwpbksqoaxlwic4m,2026-05-16T21:45:41.082Z,I like his place first approach and willingness to engage with people outside of his tribe to get things done.  youtu.be/pBI43NVDwFQ?...,N/A,did:plc:j74fsy23uo6khj57juuk2d5d
bafyreibod336irw2uzt3vzspus3cah2tbqqw76a3rcz6bvleeiecktvyca,2026-05-16T21:45:42.029Z,Fast surreal wie langweilig die vorne labern und wie spannend und voller Energie die Kandidaten hinten sind. #esc #eurovision #esc2026,N/A,did:plc:acofuq4l2qoxzimt37fy7sgc
bafyreig6krpyjzccgl6q6wgr74xiats67rxwizdol2oxvbdsvo7f73gwqa,2026-05-16T21:45:42.215Z,Went to the farmers market earlier today,N/A,did:plc:pbpc4bvhftiaptkqfhsubpo7
bafyreiee5exp64wh5k4yqrqhi5eynh75xjevd3euvmrini56me63xmmkza,2026-05-16T21:45:42.507Z,"It's just more reactionary shaming of the disabled subject for failing to meet the idealistic, moralistic standards manufactured- without actually contemplating whether or not policing the disabled person's relationship with artistic expression will actually bring material change into the world",N/A,did:plc:rnbrcm5ebv4om6uixudztkzp
bafyreibkhinirphiswcexfeum66lsou5oujuhok7zfofoezwgvvts2cdpa,2026-05-16T21:45:42.668Z,bsky.app/profile/did:... 💙,N/A,did:plc:ktwntymmxrvlemi4tkhfouv2
bafyreiey735xi3rlojwwrxas4gf6ir4fvcdqogldecmlp35ljgvmkx3kpq,2026-05-16T21:45:42.640Z,"I follow a lot of animation stuff but in all my years on Twitter and now Bluesky, I can't recall seeing anyone mention TITAN A.E.  And you know what? I saw it in theater, and I can't remember a thing about it except for the Creed theme song and that it ran the Godzilla 2000 trailer before the movie.",N/A,did:plc:rod4zzqx63ljwve5pnbqoibr
bafyreih3mjwjtyq2x47775ksiu6i3z7y6u27t4fejbi64hzyyhrczozoh4,2026-05-16T21:45:42.485Z,"Still thinking of starting to write a blog again... Maybe ill wait until after my appointment on Friday.   Or maybe this is the best time, in this unknowing limbo.",N/A,did:plc:wrpipkyq5kt4tcxojrqsqjzn
bafyreienltk24nk23wpynstnxlsdz435ym4htinofehyx4ikmfrmyd4ryi,2026-05-16T21:45:42.517Z,"Sah gerade im Kino einen fantastischen Film, der die Frage, wie weit die Rolle, die wir alle spielen tatsächlich von unserer Persönlichkeit entfernt ist und streift ganz nebenbei Fragen des Alterns sowie die Implikationen von Unsterblichkeit. Großes Kino. Empfehlung! #MortalKombat2",N/A,did:plc:uinj6c5wozhkwyuaqscdjdhf
bafyreiaab522z26fkme6f37hvef4sr56t6zb7k67aezsyx6ebqtabxh4nq,2026-05-16T21:45:42.762Z,"Sean Penn is a scuzzy, syphilitic Zionist.",N/A,did:plc:eciw3lqzmbrnn4ab2c5x433m
bafyreiblgqzxb7mpu3n2axozbelvt3nwmufiuppyxn5y7knmo3lchvrcty,2026-05-16T21:45:40.644Z,Another man has died while waiting for care at hospital: Alberta Medical Association www.ctvnews.ca/edmonton/art...,N/A,did:plc:bk4eojog6ilbcyug6v6d2kdn
bafyreic4smtrm3nzwcya6datsyfejnv2l2wzp5jcert54cx7ozmj66epnu,2026-05-16T21:45:43.966Z,"(What Gordon didn't realize is that this was not a filming of Hell's Kitchen"". I was filming a review of his pans...) 😱",N/A,did:plc:k4dbz7poxix3g7w3bmb2z7li
bafyreic437cp6z25cpyg3y5myp3xnm5wlqaxzicuxl6sfj45ixrvxev6oq,2026-05-16T21:45:40.13916600Z,collapse.,N/A,did:plc:rzkwiyq5lnyr66jdqucjx3nx
bafyreib56hnc6djdslhxs7gvpmu7dqquh5trwhdnr7iingweovkb7hpc4u,2026-05-16T21:45:42.821326Z,FIP BRONZE EGYPT III  Main - Male - Semifinals  M. Melero Bernal/P. Reina Ambel def A. Gasca Romero/J. Montalban Martin 6/1 3/6 7/6,N/A,did:plc:eaxssnsscqcqspj7h4oeuxfj
bafyreidjuey5wmodqwpbuaqr5nt74zru62nwpzuewhnep4w3cglcj322r4,2026-05-16T21:45:33.409Z,I went postal,N/A,did:plc:jvtieyajezj64cijprkpq2zm
bafyreibjfozxe7jcqacdlyd6moifhorh7mxpjvhrjzvy4bicezhgc66kou,2026-05-16T21:45:42.274Z,is the title also delayed? 🤭 /lighthearted,N/A,did:plc:qldci2hgeta5fxebawolmvzi
bafyreiae7addloaxf6unv6abjhk2glme3zogzdvmmbnvsbnu6yqdww6ikm,2026-05-16T21:45:39.009Z,and said location is in oklahoma YEESH,N/A,did:plc:nox5hqcpiukxspxtnrnekuvn
bafyreie7kmhyjuq27dzleah4h2vttabkxkwacq52wogrjrocq2fih42uqy,2026-05-16T21:45:42.797Z,Both of have had the weirdest spring weather! Us 95-100 degrees while you guys are freezing!🥶,N/A,did:plc:drglk3aone7b2qkxjuntyxmf
bafyreihlafpzxptogmbvofj2pyjfxs7vtarknbz7k46zrcjtll6ifrhgv4,2026-05-16T21:45:42.616Z,Die Rechtschreibkorrektur merkt sich deine Vorlieben 🤣,N/A,did:plc:n3chvllxyxr4vsijmnrzorzx
bafyreifhk4pegrcgikckrapejnmtqedwpdx27ex34oebkzxp5kj3xopjf4,2026-05-16T21:45:43.306Z,"Oh come on, Undertale isn't THAT old. It came out...just...eleven years ago. Fuck.",N/A,did:plc:x77b32wlghayeyuzkvt7qd4v
bafyreigemoz5hdhanf6dwbjgwqgbxm4vnxjpfvfb4sxh46ibldfpuyk6ga,2026-05-16T21:45:42.404Z,Cachis 😁  #Cineblus #Eurorrision2026,N/A,did:plc:jmm6b4kv6jdhpczwrnorlp2b
bafyreifsskm4hatio2grfbw5sjoh7z5fcci6n4g7wuwoja4en2v5xgleii,2026-05-16T21:45:38.951Z,"outing myself as a basic bitch by posting the molly music starter pack (likely to be changed or adjusted as time goes by, this is what i could make up now quickly)",N/A,did:plc:2y7os53odl5prjqlkx5izyo5
bafyreibq7w6wk5cvq5i4vdzjcrjlwm3oryfczzlk3dmusg5yq62bfx5xvu,2026-05-16T21:45:40.979Z,"Sorry I don't do boats, only mail",N/A,did:plc:utqp5zmkljkjitdi755leulj
bafyreicyhn2k35yf4jocw7xbll3lmve3eknspq4czpr2cheu2seeggwyla,2026-05-16T21:45:43.158Z,your knuckles have reset,N/A,did:plc:7uxm7m5ppt5wcycaxa4ohuji
bafyreigkwqpwr7rt5fwxioemsg2hka2j3ykvfy5vmyxjq2yzvkkpcphplq,2026-05-16T21:45:41.402Z,←昨日なってた人,N/A,did:plc:xkzo5pnxv73wskjqnz3tgivw
bafyreigj324xz4js6mp27oewkpk6gqvculk5xu77fgvr2krfckbtmuouny,2026-05-16T21:45:38.511Z,"I'm a bit split on it being a coronation. I think there does need to be a discussion and we shouldn't just decide on Burnham, but a drawn-out leadership contest wouldn't be the best thing for the country. We need something more like the Truss-Sunak transition than the Johnson-Truss one.",N/A,did:plc:imumu2zcoz2kbe76wpsv6ocx
bafyreidn6dcqodmhi76yuhunthvwjdzde6vfmyr3pafqacyldwhr33vpim,2013-08-31T00:00:00.000000Z,"Essais cliniques en Argentine  ""Les pharmas exploitent les failles du système de régulation""  https://www.publiceye.ch/fr/publications/detail/essais-cliniques-en-argentine",N/A,did:plc:lb7v3uq23wmm5spv2a27kehv
bafyreiaq5bdxyhcetvrfkmsqdbciv6anhz72ujyprv4yietp4nsexqoi7m,2026-05-16T21:45:40.235Z,"Link: s.shopee.com.br/BQhOA576x •  Sexy Elegante Cocktail Noiva Vestido Vermelho Graduação Festa Chic Gala Luxo Formal Ocasião Bridesmaid 6C4I  R$138,79   Grupos e Redes Sociais  bio.site/ofertasde.ac...  Cartão do Mercado Pago mpago.li/1hQYCzT  #Achadinhos #AchadinhosShopee #AchadinhosImportados",N/A,did:plc:cbhymxbpn7xx4ikaw3dlti5k
bafyreibr7zhhdcl44rsbuvv5jrbig2ei5666yo2knojmvs6byg4sir4fty,2026-05-16T21:45:42.773Z,I definitely ran into more of those sorts in my time while dating than I would have wanted.,N/A,did:plc:koxkgro74hfkt2rba7fmphkp
bafyreibdpn7dwff67ypxmow2273iajs7rets2qzy7kvlgqtcmp6di5ov4q,2026-05-16T21:45:45.445Z,ur life is so cool fern,N/A,did:plc:uxepse3kuzazywlduvxfbbib
bafyreif3n47rqatok4li4oaudzcwbgcpgwch6gt5bsahkt5ru5tk6gnpg4,2026-05-16T21:45:42.686Z,"Ja, jeg er desværre også stødt på dem. Selv under fx @rasmusmalver.dk video om overfaldene går ""hr og fru Danmark"" helt amok voldspsykopatstyle. Vi har i sandhed det system vi fortjener, når så mange er så batshit ift folk der bruger deres ytringsfrihed. Lige indtil det går ud over dem selv.",N/A,did:plc:35ly6wx35ajkwfhjmfafuuqg
bafyreigk3d3wajyzhf7vutvr6ri3lhkntqrynupenq3eey7yfha3fqiola,2026-05-16T21:45:42.219Z,"I love a few things about Albera: Jasper, Banff, and Athabasca University.  I do not like the UCP Premier.  She is toxic and she reminds me of the abusers I have experienced throughout my life. www.winnipegfreepress.com/opinion/anal...",N/A,did:plc:2ix73c3ankhw3ht44jyrq3nx
bafyreigs54hlrb25ghnpjdp6gvioo25t6pmkkntchsp5ueu5sh5tznnaz4,2026-05-16T21:45:44.305Z,"Lose the keys, we don't need carbon copies of misogynists. 💅 ✊",N/A,did:plc:wkwk77xgnk235ipo3zst42rx
bafyreihovel5ienqpiycpiqzz5smsxcy4jrxi6fupjy4ke4yngaop6hdye,2026-05-16T21:45:42.561Z,"Jolín, lo he leído y entiendo que es difícil, ojalá pronto den con ello 💜",N/A,did:plc:dsjzehirh6g57ub2qxjke67i
bafyreihvubfbragifndicmwy5ritwnr7x76b5wf5mfchyprtmzdgmw2fey,2026-05-16T21:45:42.833Z,朝の光の中で何をしたらいいかわからない 朝って一日の中でも一番暇な時間だな,N/A,did:plc:d6yij5wc7jh3l2cz2rywmx2s
bafyreicsemfnk56rsszsxtfelqmxi4vxono43n4cskb2e4vjrtdbnogrqa,2026-05-16T21:45:42.323Z,Obligatory Chubbyemu www.youtube.com/watch?v=J3Hi...,N/A,did:plc:iuqmrtkzw5cmiazfuonerh57
bafyreifvam7ycxtte2ojrgsahpdcnepx6tzt7skssp2ud4hbjfunfgyzgi,2026-05-16T21:45:42.836Z,"He talks so tough about China at his rallies. Like every other time when meeting in person, he folds.",N/A,did:plc:lgxv6ume34atm2wb665bovgl
bafyreihlvcy7m7naezit24miwqmkdxlkgskderqey7w4qowrm5fpjafnf4,2026-05-16T21:45:42+00:00,"🚨 Severe Thunderstorm Warning issued May 16 at 4:38PM CDT until May 16 at 5:30PM CDT by NWS North Platte NE 🚨 Additional Details Here.",N/A,did:plc:mrguljs4ifxwwdrtgzbsd6td
bafyreid2jy6yek23fjfp6xf73r63pzb2cwp4gsixy3g3qp5w6q2mr65q6y,2026-05-16T21:45:40.470Z,"Just do what other states do, ignore the ruling and do what you want.",N/A,did:plc:g3hg4plezqoi6eieqbxq4yfa
bafyreic5orckcurhcg34pyjxbm745ryz2qlrhkxdnf7pavkkry4xc4jnvu,2026-05-16T21:45:43.432Z,Wehhh,N/A,did:plc:77unvftrwn3mpqvkr22tk5gb
bafyreibrmzfcnsm4cdxcfva2ecyoubyhnrw5tccrtssu6leug6no3m5lk4,2026-05-16T21:45:43.213Z,"I dunno y’all, seems bad",N/A,did:plc:idyqmcy3iqzkpkcmffnszole
bafyreied3qsic55dbmrn6v75vegpv7dptg7x6nm2cvb4v6i3y2qcrquq5i,2026-05-16T21:45:42.874Z,Gives me ”Pravda” newspaper vibes from childhood.,N/A,did:plc:6647tx44spwppvqz65t3kagy
bafyreieqfgsutdzyxn5667mdzv7hljps34r5p7brdus73m6yhenppp4tum,2026-05-16T21:45:36.817Z,amo a tradução desse jogo kkkk,N/A,did:plc:hgpdiuwi6rneso7j5z3baezq
bafyreidsvv2spv54uegcxsnoc4tsyj6pjv5zekkqewq6yxjbqvgg3dgjfu,2026-05-16T21:45:43.440Z,Lass uns mal schreiben,N/A,did:plc:7hn3i57expt2p3obgsi5zi2f
bafyreifjm3mgvamlxyjxds5tzvhjxpl2fxzjb55eerkeyipcbegf646yuq,2026-05-16T21:45:44.104Z,AMC Plus Review-Tons Of Content But Is It WORTH IT? 👇 #Review #IFC #BBC #AMC youtu.be/zKom0M7-NeE,N/A,did:plc:nw3emzgbdxphoae6mck2de5q
bafyreihomacoz3qfr3ok5urkwaua4ufe5hm5e7e336qxughigyobbkjrwu,2026-05-16T21:45:43.610Z,Really just a bean,N/A,did:plc:hydxynlklvxouauzjldfhrkq
bafyreicoib3ygbh37w4gpqn5ikeo7j37xohzff3ooapba2wrajfxfaeidm,2026-05-16T21:45:43.077Z,Good freaking Lord...,N/A,did:plc:x3ouotewo2q2y5sxdhmrywqr
bafyreichd3fhtcixdbrt7y5rgsanjz2xdl73z7gt4luobait33rfez6wni,2026-05-16T21:45:43.479Z,"Es ist ein bisschen niedlich, wie alle mit ihre Flaggen photobomben. #esc",N/A,did:plc:mlulnipl7aqgr6o7m6nkd4zb
bafyreihx3qyalikxjfr3x63zq32gggxaycqnh4auhf7gjfajh4mnxxfgbi,2026-05-16T21:45:43.898Z,content warning for nudity and bloodgore and yucky bug stuff. or content *informing* if that is things that you want to see (you do),N/A,did:plc:5lhjs7l3lheh4jdo4ljceaif
bafyreihpswqeee3b3becnm5fb2lpccukb5ec3c7sxigfvs4lyes7r6jify,2026-05-16T21:45:43.440Z,にじふぇすの写真スクショ諸々を眺めてたら7時になってまう,N/A,did:plc:4sggthf2y3bkxheyw2hutg7s
bafyreibhwcn73gv4vwlkuth7fwb6hwpyldn7lort34sauuivlll57ymwvy,2026-05-16T21:45:42.245Z,So at the same time I think it's fair for capital police to pursue and sue them for the trauma caused. @mocollins.bsky.social  @markhamillofficial.bsky.social  @pauleiding.bsky.social  @alexskuby.bsky.social  @aoc.bsky.social  @gtconway.bsky.social  @katmabu.bsky.social  @mehdirhasan.bsky.social,N/A,did:plc:2z5xtsiap2evlssyxs3wcphp
bafyreigver7lhwcrnuw6pbgube2olzu6z6ykijobw6ewr4x6pl5qw4duxu,2026-05-16T21:45:43.080Z,I would be up for hearing more about this.,N/A,did:plc:66bcb3mmti7a5wplq4qzvaab
bafyreicmvhldezncpxgy6su23jtcf2e7i4ncp433ma6xa2t3z2wr6ckovm,2026-05-16T21:45:41.795Z,"Sinkhole Long Island, New York",N/A,did:plc:jy7ubxdbebjkh6odfwjctl7p
bafyreiemchw45j46zkmu4afpih6qroibubevl3n7dz7lnsdp2jazv5ch2q,2026-05-16T21:45:44.227Z,It was! I got thrown to the mat a whole bunch and also threw people to the mat a whole bunch.,N/A,did:plc:mj5c3wgdrpd4iaadpylrohxn
bafyreih4j6la3cxnymh6bcngkihyvennlvyz54vu76n32evcmb3nuktcae,2026-05-16T21:45:45.471Z,even coen brother movie turns into an adaptation of the odyssey much like how nature keeps turning things into crabs,N/A,did:plc:6uaox5k2nw7k4bt3thcuozfn
bafyreifwrfpwrgj3mmq5orvk4lrsp6lzkpl42sewiqsfxb7ypdjwuntxsq,2026-05-16T21:45:43.747Z,Art-A-Whirl is awesome. I got in a full 4 hours. It's a perfect choose your own adventure and improvise event. You'll never cover it all so just absorb what you can.   They should totally make it a huge car free zone. The traffic is obnoxious as expected.,N/A,did:plc:wpel4haz6hqpv2m34wjb7ulr
bafyreido3rdyh5ozgzngg7btlqsc6fj7zufytyvjbkefgsptaidojfqcya,2026-05-16T21:45:43.748Z,Then I ended up at Padraigs for a 90s grunge cover band. Joining the other GenXers with a day buzz on listening to mediocre covers of STP and Pearl Jam.   I had to leave. It was a bit much. GenXers are going to a huge problem in retirement.,N/A,did:plc:wpel4haz6hqpv2m34wjb7ulr
bafyreibdajytxw5vrz4vifk3wpopl4jlzgaaefbu3t4szvszdxpuchj66a,2026-05-16T21:45:43.778Z,"Graves, tombs and statues are huge political bargaining pieces because we don’t believe in death, just property ownership/destruction so this always gets traction.",N/A,did:plc:hpskqaesqmuhaapnq5plhppu
bafyreih7gsytj4247gkq4qyt7qsondtsuurhom7iwdarxpir2ywdbawjdq,2026-05-16T21:45:43.986Z,They're AREN'T dates! 😖,N/A,did:plc:ei6xf5t5eseikh7b5keqnoty
bafyreicv3guduwj34weuhzxlrv4spwx4v7cn6gro6ldqrqcfgmt3w4esgy,2026-05-16T21:45:43.946Z,all this to say that i will be seated for the christopher nolan odyssey. not even matt damon can stop me. though i do not trust matt damon.,N/A,did:plc:xbsuw4ceyirmgtbscyptwgbe
bafyreieusbhzc3kgcscuxpkk64dbhnia6pqk4wgm4r5xhrwbt46iaavdyu,2026-05-16T21:45:42.811Z,Timeline cleanse: music.youtube.com/watch?v=lbbs...,N/A,did:plc:g3fmj2pvnyqx7wyb3k7hy4jt
bafyreid5wuwdmmjmjo3rnry7b5plkw6w32b27kh4xa45i66ihhvghxfyqe,2026-05-16T21:45:44.594Z,I'll allow it,N/A,did:plc:jij4hoef5ff4pjuvqf63q6jt
bafyreiekgfifixfvwgtz6lzndetne64cffe2bvkmn4jxomqu2eorev37xu,2026-05-16T21:45:42.929Z,youtu.be/RO-AFAZdiuY?...,N/A,did:plc:42wldlnj3beyt5dret5tgajp
bafyreiav65zysfvuy7idyai72t2j4hw4cnqju4lpzq5tu33y2qfehbb6qe,2026-05-16T21:45:43.743Z,youtu.be/pzzaNEQmoPo,N/A,did:plc:kaxx6smo57kgp3a6j4udbqt3
bafyreidfphkbax6dwnvqxftkhsnxcnjinpsxpmronnvjtef3n4fuchhk4m,2026-05-16T21:45:43.992Z,"OK Slovenia beating Czech republic in hockey was not on my 2026 bingo card, let me tell ya",N/A,did:plc:iu6uarwcre43ajfeox7rgsw3
bafyreidldzjetuqtc3lnrrao5mpm2gc3wmb2czh35pymfasljm5ytlhtoy,2026-05-16T21:45:43.031Z, #nsfwbluesky #nsfwbsky  #porn #chudai #wataa #nsfw #slut #horny #goonsky #gooner #goonette #gooning #goon  #goonfuel #hot #naked #mom #daddy #spicysky  #18+ #adult #섹트 #sex #섹블 #sexy #fuck  @damaddstroker69.bsky.social,N/A,did:plc:3l4xhjjjrmshr2ay42m4v6ki
bafyreibicemticvcpgkq7avvphqugqlu63zynaifopw2euzqjohseadq5u,2026-05-16T21:45:44.055Z,"parabéns, aneeee 🥳🥰✨️ faça uma festinha com muitos salgados e me convide",N/A,did:plc:todkzvxftoiuamswux5hhvt3
bafyreigmjepsdffuzcvgyctmc2sfco3dgi2xt6fiwwfdeau2b6t4wepulq,2026-05-16T21:45:40.634Z,this is problematic for all Americans    as they violate national security  of the USA,N/A,did:plc:f4z6gsuxeolmhzis5ofmcmte
bafyreieyr6b6ed2gt6r565raqksfcgesrurqxshwkdyuy6jrsrhpfksaaa,2026-05-16T21:45:38.675Z,"Granicus ended at 5:30 p.m. Tried Zoom link on docket, it can't be reached.",N/A,did:plc:dgws3js45glsvgxjxjll2ccr
bafyreicv4d5beytbwjbjsslcrblugomgsntf3qqviy3ceevevgaqbz56dm,2026-05-16T21:45:43.597Z,"Which means that fucking fascist coke head will also have access to your bank account... good luck trying to get him to reimburse you when his shitty AI transfers all your money randomly to someone else because it ""halucinated"" your orders to do so.... fucking morons who sign up.",N/A,did:plc:b3o4o5dmjurcq776vnfrcznf
bafyreih3maumrn3xq7q7skoq5yqvhlwax3kxvtigsu7i4mznjw5t3rcbse,2026-05-16T21:45:44.030Z,I don't know exactly but this stuff is different to one I had a few years ago. It only needs to hold for a little over a week. Next I've got a crown fitting so I assume I'll have no jab there. Yesterday's appointment was a jab in the gum and not the palate which was a relief!,N/A,did:plc:43v5qr5pahtpyf2u6jdpfkna
bafyreib7iu3aryn37msbkzcgec3hnnjdn4pfls2zxctlznlya6bkaqq6vq,2026-05-16T21:45:44.615Z,Juuuuuust a bit outside  Tried the corner but missed,N/A,did:plc:q6rb4vcwjamqq5ybwuhnok3e
bafyreidx2jo3wp64wp3y5lhbos6uzgt5iwbbqloyhg3bdetw74zu52cpk4,2026-05-16T21:45:43.730Z,אכן 😍,N/A,did:plc:3ncyvtzuubdl3mtbwzs5x36q
bafyreidvcuuogxeoyyaj6qt2dnnfz5m6aceobervnl2id5e3vs72polfnu,2026-05-16T21:45:44.619Z,Only in bits! It looks good,N/A,did:plc:63sk4guif3cspgtnsq7kg6ef
bafyreidnaoqesv6zi52xhgmpgpmjibheobj4ln4h6mbtukc3ykusr2lvcu,2026-05-16T21:45:44.364Z,"4-0 Nats, huh? I'm going back to Atlas duty.",N/A,did:plc:lzpg23lontxqhp2ls7nwniuq
bafyreig2zcafk5y2a5zhmd3wqwz7qu5szmqgkscspzw7btkff5lhjm2vki,2026-05-16T21:45:42.794Z,I think you know the answer to your own question. It's where the money and power lie.,N/A,did:plc:7dbtfrfa7fdnbq6oilumkigg
bafyreih4xkabjvvygmauwgkgbifhfqshztt5xi3kv5yg7tf342awem4puy,2026-05-16T21:45:42.413Z,wait the avatar netflix season 1 dropped already? lmao,N/A,did:plc:q6x5v2gnte4s4ltijscxoo47
bafyreig3kgg4zoolfxlm65arkzjftxxjhhkcqyxx4tltyrjinpfixux5tm,2026-05-16T21:45:44.553Z,Did anybody else find it weird that it was storm shadow who was with cobra and not snake eyes?,N/A,did:plc:6sy42qjv474xexfnarq7dpxa
bafyreihhvpbkkmrhx6ipznaxsqz5st2ucftfza6mb67phx56vsrlu5hd7m,2026-05-16T21:45:44.963Z,"Without saying labyrinth, favorite kids film.",N/A,did:plc:umdby2kxpjgzebbp7k6a6h2k
bafyreicvduampxnguweztmnavspiz43h3jawvwluewj7rfvi5l7bsfw5a4,2026-05-16T21:45:35.926Z,"What are the Six Genders? Wrong Answers Only!  I don't think this counts as wrong, except for the number shown.",N/A,did:plc:hend44icb4rp2hipormzb4ya
bafyreibv3coqey3y54k2riky4tdvxokyxlq23o2iaqtvg33o2yn34mtnka,2026-05-16T21:45:41+00:00,Swatch Canada locations closed due to overcrowding at GTA stores – CP24  https://www.europesays.com/2995452/  Will a deal be reached between TTC and CUPE Local 2 by the deadline?Opens in new window 02:06…,N/A,did:plc:msian4dqa2rqalf3biilnf3m
bafyreic3k4xsgs7f2eqyf4p7fet7xixbzpkl3qk5sm4kxa2zbetoqdmr3e,2026-05-16T21:45:44.288Z,quro nomes rs,N/A,did:plc:edw4os4laiawk3sn7z4hlm5p
bafyreigxmxufmndiefm6izykozm2xol7g7lwdzijp5yqgj4dre3h2zpz5y,2026-05-16T21:45:44.148Z,Update: I have taken a shower and I now feel better.,N/A,did:plc:ji6rdlj3ln7mtudt3kgsbhky
bafyreifyptvqnutputpqexv2h4ljp5yw55gq6evxz6rbbm7h2uz43aoxta,2026-05-16T21:45:44.089Z,"yummers has to remember to buy more vodka and mixers cause yummers frfr needs a gotdamn drink frfr   FUCK HAVING A JOB this sucks frfr but im yummers need money so she shall remain imprisoned,,,     for now >:3  muhahaha,,,,",N/A,did:plc:owfawravhq7qakp4rvb2zhgs
bafyreigmoo2uufckjsci6k4ilywwqm774ynwq33yz5n4hfbfypke26z5y4,2026-05-16T21:45:45.179Z,I keep moving closer to Printer Gun,N/A,did:plc:juxnusgfapablmntxhwsmcpa
bafyreial5wkfkk5g6dbyqnlcyitqh2uxyvqx7unt3nx2f7rtz6fg3bk6su,2026-05-16T21:44:40.429Z,"Searching for interesting trichomes. Long fine “hairs” appear concentrated along edge and along veins (abaxial side) of Thimble Weed leaves.  Afocal, 24x or 36x.",N/A,did:plc:4pv6pgvhxqxnl4jdocamupq7
bafyreihc2hm5vyeb3mfm3hi26lcwv76rs7ephiols35bhip5bq6oq5vbci,2026-05-16T21:45:44.219Z,"What is with the ""the league is rigging the games so MPP wins"" stuff?",N/A,did:plc:5ag3merphqeyefi4exghzz3h
bafyreigyuqro5aztd2dewfcbqw6s7ndhoue2rooqbcxw7vc3c3m2kwzcme,2026-05-16T21:45:43.577Z,"oq me surpreende é a reposta do dono do perfil dando tanta liberdade assim de perdoar, se fosse eu xingaria ela por se quer cogitar isso, euem kkkkkkkkkkkkkkkkk",N/A,did:plc:r2xs7t2piy3sjjue7ekcz6j5
bafyreighs2ixm47xdebuexvtmbweirmb5ppescbzxcq7nmf6nws5ty36sm,2026-05-16T21:45:44.832Z,Remarkable photography,N/A,did:plc:yvhkioz6k5qjy67vopa3b3al
bafyreighbz2m5d7xzru45pdjjjuk2zn4ta4zezy6urfhczp7v5s4u7xqu4,2026-05-16T21:45:44.756410Z,FIP BRONZE EGYPT III  Main - Male - Final  D. Luna Peinado/F. Insa Sotillo def M. Melero Bernal/P. Reina Ambel 5/7 6/2 6/3,N/A,did:plc:eaxssnsscqcqspj7h4oeuxfj
bafyreicedpksdhqlbn7vey26ws3f2bwlmdmumsenh6wysqw7jih723lwau,2026-05-16T21:45:43.752Z,"Brad Lander voted  blue no matter who, a.k.a. for Mamdani. He’s also more progressive, not a billionaire nepo baby, and not corrupt.",N/A,did:plc:sei7bvqxnnpqowt2mfuwss7i
bafyreiehtg7eeapqmrmb6hv36byilcqrx2wwkdu23l6dvlwhrlevvjge2i,2026-05-16T21:45:40.575Z,"There’s a Broad St. in every city in the country, but NJ has the best ones! #americancraftbeerweek #americancraftbeer #craftbeer #beer #jerseyshore",N/A,did:plc:ocboywh65i2yyfedtajq5ixr
bafyreieuyra57ro6gs27tus7oadjybmmxcyjg5t45dcjnp7q6fdnpvmppi,2026-05-16T21:45:41.849Z,This motherfucker,N/A,did:plc:cgz46asfla6gu7gmavkj4vlp
bafyreibbj5enz67xfawxi2cv2q5h7b6mutpt4zlcmzxtdtwbvdvpcund4y,2026-05-16T21:45:40.482Z,San Antonio conmemoró el Día contra la Homofobia con izamiento de bandera LGBTIQA+  Detalles en ➡️  www.sitiodelsuceso.cl/2026/05/16/s...,N/A,did:plc:onqxbpx45dbcogsowlc4oag7
bafyreihjhki52ffotptud7lwk4op7ryklhi5ene2f6rleib3bxstksitti,2026-05-16T21:45:44.997Z,bsky.app/profile/dang...,N/A,did:plc:zyu4aqzkud7o2fyu4zuv7fvg
bafyreihm6s4spdfi57uock5rplfckpwwnreehrrnsikolezvmb6qft2h6e,2026-05-16T21:45:44.205Z,bsky.app/profile/nova...,N/A,did:plc:evrcuyvzgxx4irj2cvc2gpy6
bafyreibpeknd2haw6o2fx2yclhfk5ppxvnn5rcpkfgnxe6z4ad56dnaza4,2026-05-16T21:45:44.164Z,Ein Zwei Nej,N/A,did:plc:xn7r7u7aetx4ufarbx5age5s
bafyreiekh3eg5xvxmyzrp7k4mes74b3ic65rdiwcw75suygerbexpmhsk4,2026-05-16T17:45:44-04:00,"My JustFor.Fans page is where it's at, and I just got a new subscriber! justfor.fans/latinrelax?Source=NewFanBlueSky",N/A,did:plc:4wxt6addux62k2feg2omba3k
bafyreicaqmq2a5ir5ju62loghjt6i37qcgqsj6b7zgcc5focxrysij2lwu,2026-05-16T21:45:44.947Z,▪︎ An Instance of the Fingerpost ▪︎ The Lions of Al-Rassan ▪︎ The Gate to Women's Country,N/A,did:plc:dk5wtvhh5lqivieca2hkrsth
bafyreiewxgn7cwizmfvvm5z35hqw2l5p3ycizvtxjgijxjsoomfkwsiaza,2026-05-16T21:45:42.705Z,It's still really funny that they did this. With the eyepatch and everything.,N/A,did:plc:ykn5mfpntdb266t6w2fk5ro7
bafyreicjgfxvqzh76ntsqwjt4xdrlbdrrnoinwhelolxhuqhdianeixbli,2026-05-16T21:45:44.249Z,"Thanks for the tip—you might be onto something there. I shall not.give up, I shall rub and stroke until the riddle comes, at last, to an end.",N/A,did:plc:eb5sen6r2eazhkvozbmi2nf3
bafyreibhgttwi2j2yjoq6er6vrh5vkikuabdr2cfznbjb6pxuzgd2izqoi,2026-05-16T21:45:41.137Z,Elles restent vivantes dans mon cœur et le Blaupunkt de la Laguna,N/A,did:plc:k2nrbxfjlfaapjd3y6myqmun
bafyreig3onucqntcfijoyq7zzzyqheubyy4twje6uaozv7lnl63sbasdbq,2026-05-16T21:45:44.525Z,"Come on South Carolina!!! Please get rid of the war monger and sycophant, Lindsey Graham!!!  @live5news.com  @postandcourier.bsky.social  @watchyourrepssc.bsky.social",N/A,did:plc:med3jndjafak4nabowghcnor
bafyreibpz2vpnluc2lpih4yo3xm4ijg3yk7mu3mncfph3kqutplhf5n6de,2026-05-16T21:45:44.986Z,Mon top 5 (dans l’ordre de passage) Danemark 🇩🇰  Israël 🇮🇱  Croatie 🇭🇷  France 🇫🇷  Finlande 🇫🇮  Norvège 🇳🇴  (Oui je sais… y’a 6 noms dans mon top 5 !) #Eurovision #ESC2026,N/A,did:plc:l4kr53prbiq3uyjp6f2fsqhu
bafyreiffm6linzyt5yiocrca7t25mvytdwmli3woqribt3jqheuinkxzce,2026-05-16T21:45:44.347Z,Переможець від Норвегії у 2009 році На той момент в нього був рекорд по балам на Євробаченні  Fairytale крута пісня у супроводі скрипки youtu.be/WXwgZL4zx9o?...,N/A,did:plc:oumecbapgnmwjiltvbaemgqa
bafyreiawkbrhjdyan6d3mzbcmpq3qwdnol4243ix7fqfdnotkj2qgwbuvm,2026-05-16T21:45:44.916824+00:00,Por que Igor Gomes virou peça insubstituível no meio do Galo  #Brasileirão #Transferências #AtléticoMineiro #SeleçãoBrasileira,N/A,did:plc:xfxobbocq2kw4k72shbxre6f
bafyreig7b5s62dgcibjqywq3ptzvb7cu3lh4zcusbk4f5kbtqckkkkjqby,2026-05-16T21:45:44.936Z,youtube.com/watch?v=OYjZ...,N/A,did:plc:elh42h6ck7gtdlwskwoiy2qh
bafyreidlyupfq5q26axlk4utiddkwjk2fhkejc7ch6btjpoqq2hmo7w7b4,2026-05-16T21:45:42.110Z,"And here's Wild Card, Ginger Twist's boyfriend  :)",N/A,did:plc:h7322sargorqbf47fl23jole
bafyreidklc4wvho42zsdoo5xomsgody4lwodw4ebhnys2znltndezhjyre,2026-05-16T21:45:45.391Z,Yay! Happy for you ❤️,N/A,did:plc:t47zkhua5wphal2ahno4youv
bafyreid6ryemjfw4hwfhpsm5hgqzdpsert6bfrxqclswciegyzy6coxlnm,2026-05-16T21:45:44.757Z,Fortunate truncation!,N/A,did:plc:bcxhu2rw6tzgfkqncjbpxstq
bafyreia5gpnmwucozbbtebgqzp4dz4ipdbexb4bzdiq6jdgisuvm23k42e,2026-05-16T21:45:42.403Z,MBCile.,N/A,did:plc:75dwf2uanwomyjsyzold7f3l
bafyreia5gnkrpvt2grja2iil4ryo6unluu4msm24bxa7lzivanraiqyipq,2026-05-16T21:45:44+00:00,"Special Weather Statement issued May 16 at 5:36PM EDT by NWS Louisville KY Additional Details Here.",N/A,did:plc:is452bpf5sjtpmesp5rc3s7t
bafyreid7uxtuuoafjj5q7wvhsitjayot3gfjsxg6233ms4d6z6m2jbnkze,2026-05-16T21:45:43.874Z,1. we watched the cottage today & he said it was beautiful 2. he’s my fiancé now,N/A,did:plc:spy4injrteshc7i777pkapwl
bafyreibviketgz2mpxnpn43qakjivkcag4ugnciv43dazxrmugtskqr7xm,2026-05-16T21:45:45.240Z,Noorwegen was goed!,N/A,did:plc:o7acrxc6lyiya3bx6uxnxrbg
bafyreigaaroynvs3h7bmpusqbbgjpvondialopbkbzfcwnfdzfkru3lusu,2026-05-16T21:45:45.658Z,So i realized the watermarks are almost gone because of the quality that bluesky rendered.   Fuck me i ain't reposting it.,N/A,did:plc:a6wvtspgip3ezmfcqsnwlds7
bafyreictrsvy5lgsr5zocq5e4cdvnpgeerr5n3kg4vfzygj4oyvsrvrlri,2013-08-31T00:00:00.000000Z,"Exploratory Study on Clinical Trials Conducted by Swiss Pharmaceutical Companies in India  ""Issues, Concerns and Challenges""  https://www.publiceye.ch/fr/publications/detail/exploratory-study-on-clinical-trials-conducted-by-swiss-pharmaceutical-companies-in-india",N/A,did:plc:lb7v3uq23wmm5spv2a27kehv
bafyreieg5j7x4c7kzcfhgahcjm3a7hit4twcifycofmyk7emuiidxfftsa,2026-05-16T21:45:45.053701Z,"yeah, that's what's missing from most adaptations - the messy, fragmented feel of ancient cultures",N/A,did:plc:bpsosbombacnrcar6yci72mr
bafyreihnp5pzr4qqwsx3njo7q3keqy2zk7lm7aejrmhpkcgihm4t4auuma,2026-05-16T21:45:45.374Z,"Ps. Moldova, Italy and Cyprus next travel goals 🛥️",N/A,did:plc:azoxkyltdioeyjsuo43cnxem
bafyreiaqgdb7hrt4zdh74kcrhug2qzwu6onm2hnbfa3bb7wke65kzcgzri,2026-05-16T21:45:45.580Z,my mom after two listens to Midwest Princess: “wait are all these songs about sex”   oh boy 💀😭,N/A,did:plc:xfjmlk26p3gbu3ttw2k4bulw
bafyreid2xdw4kyuq4tyeylnujnpmioripiwamlwm2o5iexwfmiymnvlvcq,2026-05-16T21:45:45.428Z,おはありがとうございます、夢雪空さん。,N/A,did:plc:zgak3m5xmfv7aur7g4hlrn3n
bafyreicps4r4izshrqvx6bm7jnmoe2dze4szc4775mwer775bgkc37i2ja,2026-05-16T21:45:44.673Z,NAZI VEEP KKKING TRUMP IS INEPT AND INSANE,N/A,did:plc:4xtbdet5keuguykxvcuil4z7
bafyreicn25l6kr7bdjkhdco3ddqd6rpbmtjwraemnydptm66g36dv5xufu,2026-05-16T21:45:43.548Z,gift of the magi moment where I'm the goat head uttering horrible spells at the intended recipient of this same post.,N/A,did:plc:f7or53f5ucbqn3ndnhcs3s53
bafyreidwhjnm2obsl6xipthconla53lbpun5eoz27byah5kmfkho4qz73i,2026-05-16T21:45:40.77678100Z,bellowing for just a crumb; static in the constant hum.,N/A,did:plc:3wm6zsuj3qby32i3jocoacmo
bafyreihj45q52us3xyenokpdsajvrf6ub5u3kdmyok64txfetow3wifcwy,2026-05-16T21:45:44.447Z,It was due to happen in a way or another . Under sea cables were not secure.  www.reuters.com/business/med...,N/A,did:plc:7hc3ntwii55gbipddmecsn47
bafyreidcbdmhex6e5i7eh4yeo2tw4h7cqhwgq5sgdjg2faryni4shumtym,2026-05-16T21:45:45.214Z,Ahhhh verstehe! Ja ich sehe das ist ein hartes Business!,N/A,did:plc:wdz5riqi2x44xs6lll5gg35w
bafyreihlmv3kx7q6v5byy34zhhv4jfdq4u4b2isdc554zpiakr23sd4sui,2026-05-16T21:45:45.495Z,du hast anscheinend keinen tanzschein,N/A,did:plc:7rh2heelpjfr4b4ws37au5a6
bafyreignk4is6vmeia5yt4p22dqzivskyqkqudkaquwwiittsq5q3lmgfa,2026-05-16T21:45:45.930Z,agora tem que me pagar um lanche. 💀,N/A,did:plc:x2xgwgnuq4vmdgdhav4j24tz
bafyreihgzkchnkjb6hffxomsaupaft6b26pcddohel6bo74fpwkdwv2wt4,2026-05-16T21:45:46.574Z,The Sound and the Fury  Foucault's Pendulum Mumbo Jumbo,N/A,did:plc:btz2odnqydzpguphhnffxhiw
bafyreib5k3dhqxzbqtchexc73lnymnjm4ij2rso237dwe73gsyvyn67s5y,2026-05-16T21:45:46.229Z,"""The aim is to increase food access while creating economic opportunities and a place for the community to gather, he says.""",N/A,did:plc:xdwo6pqw7ahphu2egtjukpj3
bafyreiecf66s7xmh3de3ybiccr62esgkcuxaz3tlmhvnr5cntja6n3ldti,2026-05-16T21:45:45.975Z,"About ten years ago, I walked into a public restroom with a buddy and, while we were each saddled up to our respective urinal, ""Ride of the Valkyries"" started playing. We joke about it to this day.",N/A,did:plc:pozgkzfouwrapamtoafvgeug
bafyreifc2fdqhqdwvbf3gi5fe3hxw3c7tkckc7bshv27fsskoivnjacpqi,2026-05-16T21:45:46.251Z,"Oh, Parov Stelar #elektroswing #esc #esc2026",N/A,did:plc:evv6nzvkcxn4m6p7oee5iigx
bafyreihyciakhmx3jk3z42zybyg25szueerpjafbzy2fd4z2o53lq6joxm,2026-05-16T21:45:44.075Z,"Can't you just smite him being , God after all ...   nobody is going to miss him anyway.",N/A,did:plc:4rsrxqcwtv2jmrexprgchlwq
bafyreifyjpf3rywfrc3r7la7eujtb7yhezr67puuymyglud5b4rjezenuy,2026-05-16T21:45:47.408Z,"Bulgarien, Deutschland, Österreich, Norwegen, Israel, Moldau meine Tops  Australien und Zypern ok.  Finnland, Griechenland langweilig.  UK einfach unerträglich.  #eurovision #esc",N/A,did:plc:bka7k4uh4akyjfsbhcqxwowg
bafyreibkl4fnsxrx3lcnsh53gsz6zevnw3zwjrhnkxhccm7dy4iff7c6um,2026-05-16T21:45:46.265Z,Dont forget the big rocks!!!,N/A,did:plc:qfbk6ou3ruhobqvwuzpveqrs
bafyreigrmqm2ievlcmptbih7nebwgpcs623eb4rdu4jeuqsy5kadwo6oca,2026-05-16T21:45:46.188Z,"My pessimism comes from being too aware that asking centrist and leftist Dems to grow up and show up, may be too tough an ask.   Too many Dems are like the sportsball people who have to win “a certain way.”",N/A,did:plc:cfjnmfvfvwgccvzaq5nkgyde
bafyreiakfk6xw3xpotd3prbdgtijkddj52cj32gnfm6r6hv34nhqutcwam,2026-05-16T21:45:46.009904Z,Now playing on DFM: Gold Digger  by Kanye West feat. Jamie Foxx! Tune in now: https://a12.asurahosting.com/public/dfm,N/A,did:plc:ulzsgh7zxllcdupfzaw6kekl
bafyreih6gme5irp6ddvqmjqqki5oryeee6jp4lq4vvwwj35r6zt2cac35a,2026-05-16T21:45:45.508Z,#Iraq May 16 2009 PM Maliki promised major crackdown on corruption Nothing happened musingsoniraq.blogspot.com/p/blog-page_...,N/A,did:plc:2f6dp7vhgeyyprjkga2ds3os
bafyreibgnesmkdgt2e2e5dw7knlja3vlysrgqpuhur5y3gz72davggoky4,2026-05-16T21:45:45.799Z,Haven’t read your other two! Have added to my growing list,N/A,did:plc:cyoxdpwi6uopyj7wugqrjojx
bafyreia3sykuirziykvohc5je2ciwmqi5diefgub4ycn7ceptxz7kavvd4,2026-05-16T21:45:46.447Z,Might bee,N/A,did:plc:tk32pf7q6xyremg2u6uj3gzz
bafyreidrv3vvoydyd4iwevved3qrg2gtfgmyqin73fy54tujvgbshu7cty,2026-05-16T21:45:44.913981+00:00,"Feed: ""TVLine - All TV. No Interference. TV News & Spoilers by TVLine"" By: staff@tvline.com (Madeline Lapreziosa) on Saturday, May 16, 2026",N/A,did:plc:o6ggjvnj4ze3mnrpnv5oravg
bafyreifxwgfnffoitxvgpepr5mgfkqeqxzko7cnbxryrkumyhr6dwnyhki,2026-05-16T21:45:46.343Z,Ja!,N/A,did:plc:h3win6tyczm7f57amjmwljwx
bafyreiev3pgdvvuhnrll3lwheo6lssvbcc3i2nb5d3wqf633uxy3wvusnq,2026-05-16T21:45:46.548Z,"Do you understand that at no point is their hypothetical even brushing up against realism?  This isn't a ""wanting the human race to continue to exist"" problem. This is a ""that's fucking ridiculous"" problem.",N/A,did:plc:rp5yjsqzdyqrquufmweizxyk
bafyreicjpadlou25esivy6tf7nuwssbwutco3ir7yhiso3t7deskfdmwym,2026-05-16T21:45:46+00:00,"🚨 Severe Thunderstorm Warning issued May 16 at 4:30PM CDT until May 16 at 5:00PM CDT by NWS Lincoln IL 🚨 Additional Details Here.",N/A,did:plc:mseqhm5ngc3pgurcixkmukac
bafyreietlkjtjkpt5f6h5squ5sr4vccrw563xtzs65wmqan4bba333jle4,2026-05-16T21:45:42.110Z,If enough crazy things happen in a single day it will literally feel as if they happened over a course of several days later,N/A,did:plc:lxtkpq44sxeribehgjltkavm
bafyreiegyhobrzk252g5fyl6rag4p7laccww472jpd57ne2nfffmm74eeq,2026-05-16T21:45:46.651Z,i Am sk sleepy ough,N/A,did:plc:q2lwbiewkri3jmhenzox5e55
bafyreigiz4rplzhbqhv7z2ctbdyjqpriueo5qgga74b444uwfyjrrf4yde,2026-05-16T21:45:46.211Z,That’s banditry. How long did it take? (Cost per hour),N/A,did:plc:mgt4ep5qjuhzydtuofyuangq
bafyreihi2hejvcwyail5kr4uwube3oqwseyvh3ec2pjaj7kglplkvsu4na,2026-05-16T21:45:46.380Z,omg,N/A,did:plc:xpzn5dri3idgyqs6bb7pwn5s
bafyreigqaqrnn3bdxyfaahy46i7ygcai7xxvhlestzeaifhxax7r7pan6i,2026-05-16T21:45:45.535Z,"Im not drinking because of health but I have exactly one glass of wine home and a low alcohol beer, which i will drink while watching the voting.   Really wished I could have seen this with my Finnish countrymen 🥺",N/A,did:plc:xbbgti3g2w7ktdiffksxlshn
bafyreiakohfdton345cdfwnraj4wqojhet7z7lqm6h6ymio5qnpyznrcgm,2026-05-16T21:45:46.631Z,Looking good,N/A,did:plc:aubhthqh5dvbcqikyi4rfp6m
bafyreic3ye2l7vv7zw4u3n6ts6azy35a56tc633d46lnzo7hunhspuk24y,2026-05-16T21:45:46.381Z,Thanks for sharing!! I’ll definitely be keeping an eye out for it,N/A,did:plc:x5wmjfja7npakgyzb7dlapp2
bafyreiesk4j4p7honxu5p2a62r7egzrr44i65uo4pkmzkfrv7kpn5ehn64,2026-05-16T21:45:46.893Z,did you know you can make good posts on this website too? it seems like you didn't know that :/ just thought you might not have heard.,N/A,did:plc:tfm42t3fm2shm4mxqiuoxpvm
bafyreige36m4erayey6x5blkipbl2isg2vdijseoauvae3uvliqdq337ly,2026-05-16T21:45:46.771Z,I wouldn’t want to come here either...,N/A,did:plc:zyimokrcahambit6s3b7zj6l
bafyreibwq3iz3vqgwefq5rzkr2dg6h6h7jmfxsmjlyihm526qadfvndafa,2026-05-16T21:45:42.377Z,"Jaaa, Electroswing! #ESC2026 #Eurovision",N/A,did:plc:6ne3gjnlmtal564rxsmfcakm
bafyreiao5nq7jvnvvubrz2uurmiabpzy5us2c5tyxaewvxgnxzr4gyvb4m,2026-05-16T21:45:46.327Z,"Esse era um cristalzinho do glorioso acervo audiovisual queer ""filmesgays.blogspot.com.br""  Certamente já chorei muito vendo",N/A,did:plc:elvdnavad2u3wf2m2t3i7ygk
bafyreieu73prryyrnyffq5webwjl2tqf7sjjhcsg6nih6pzhg5zqlvfrje,2026-05-16T21:45:42.102Z,Pick a Bond from the photos you already have in your phone.,N/A,did:plc:yd5dsa6xqw5aim77xek56zyp
bafyreifwten4rtyseyw77e33hg5cevaa5duephvss3kin2fycvxfbi4pwu,2026-05-16T21:45:46.300Z,Isn't this the way of the world these days? Seems so.,N/A,did:plc:6sytjlbkpq4affd5wbcvrfce
bafyreieg5nkh5zg4yafrebjs4oi65wyaiwa2o6dcyc2wxpifrgwiiganeq,2026-05-16T21:45:44.951Z,vamos!!!,N/A,did:plc:ym5t766rmf2tttf73siv54dh
bafyreih7u5bpq4csu2gjyubvmyvcg7tfazeffxuh6gb42ztzcz7q4hi2n4,2026-05-16T21:45:46.356Z,"Based on the men, more of them will join in.",N/A,did:plc:ewa4qkqldwgnrma4skbhgz2o
bafyreid4ha7lmamd3xc5orm4oxj672dmmkjyuwlghsl7dwt4dsggq7ewpi,2026-05-16T21:45:47.020Z,✉️チェックしてなかった、ねんどろいど祝装決済終わってた、よかった…,N/A,did:plc:oi34yacovemttdzs7eolv2pk
bafyreib23fugwetitol6zxnnxf4ysonnjezdokdqanevgb7buxj6e6n6ui,2026-05-16T21:45:46.722Z,outplayed!  //patreon reward for @ Kituri,N/A,did:plc:vczpkeh46uyz6hri22nqtxbg
bafyreiftyqhcj5w4uqlue5kapmdnnk3jfdnu3b2oaoh5kyvzxfr2s3xg7q,2026-05-16T21:45:45.933Z,"Si es jugar a algún juego de rol online, si  I speak english also, you can try to tell me what do you mean in English, if it helps.",N/A,did:plc:emgpabh7hfr6zwwuiynxepot
bafyreibphycs4nrr5rhgy2eupsy2365qmuqarpp2iwo4r2rfzsjw7ggnc4,2026-05-16T21:45:42.000Z,"Les Girondins de Bordeaux, qui ont échoué à monter en Ligue 3, seraient actuellement en négociations pour la cession majoritaire du club au scapulaire",N/A,did:plc:vjilon37uxx37mvf66lfhqbl
bafyreifglstg75stjadfgratxpuc4mpz2oidyyav6iizycci4t4xeid3rm,2026-05-16T21:45:38.156Z,"Now or Never, playoffs on the line 😤  Crucial Bo3 vs Disguised   #ArmTheRebels",N/A,did:plc:qwwih7x3srufxpp3gvwstf6q
bafyreig7rdpfhyfh5vv56avrub7p2an3kz2lr4fx6ignaukfoklrjpwjyu,2026-05-16T21:45:45.359Z,Was?,N/A,did:plc:qwl4i3qbtdzvvlleujcz5kdn
bafyreiavagk36z35dvluh3ygy53ro2tfz433dimeqmvs5dvrjbilngbwsu,2026-05-16T21:45:46.991Z,"2 wounded in shooting in Nashville, Tennessee.",N/A,did:plc:u75d3wn4cwt66m7nuvaxbttv
bafyreiezbvjoerw5ypnqbdveqhrzsgr7jof6rkriapvtvtiirkas74daxq,2026-05-16T21:45:48.764Z,Yeah. I'll never forget coming across a thread in a supporters group of theirs with a post discussing what a piece of shit I was with 200+ comments in agreement and literally making things up about me. Nor the handful of guys who told me it in my DMs on every platform for two weeks.,N/A,did:plc:qequeo3ega5piczfpts4xlq4
bafyreie4d76tq3z5uglwb4ktzgf7sy3wnkvnwnppizipztkqwutnd6q5vm,2026-05-16T21:45:46.495Z,I’ve only ever been to the Deaf Institute once - to see Babybird.  A decent venue!,N/A,did:plc:iva7zvkwmtdclltuir224b52
bafyreidepzvct2zf5jl3ux5qphgaai3srupvklnsdkmqpnpumbvx22egzu,2026-05-16T21:45:46.353Z,確かに夏休みはやばそうです😭😭コラボよかったし普通につくぱも楽しかったので隙をみて再訪したいな〜とはおもいました！,N/A,did:plc:gopenmn3kohvtavtlonng6jh
bafyreibr4msqb7x267az6723hw5f67fcjovlx3df4hvetqtuez6nhff6gm,2026-05-16T21:45:46.962Z,iyi gecelerrr,N/A,did:plc:lape5dztqw66xr5xgzhplnlf
bafyreiaxglxfgugkhxtveunodjfi63ouztavdgztcxgrypaxeiznebw7wy,2026-05-16T21:45:46.491Z,Let's get that party started. bsky.app/profile/chuc...,N/A,did:plc:6nbhm6zeudw442347s7q7n7o
bafyreifw246o3elzrlwnfgx74o2h4tzktvdg5mb3uxozmyjilhnkcdmoxi,2026-05-16T21:45:46.684Z,"Its been a cold civil war since "" reconstruction "".",N/A,did:plc:wvpkrthnz6yxesgsmg3xqxrb
bafyreicd344vc6kpe4kkxrf5gq75zczlxwtvceqqlpoc2rttwqaqdlr3ym,2026-05-16T21:45:46.946Z,#SVITOLINAAA 👏👏👏👏👏 #ELINAAA,N/A,did:plc:owop3ezkol655tv3mpbgdcpg
bafyreidlzjwjjlo6khtqhxy7wwo44z3j4vtc2zbz4n65ay7jseq2psjvgu,2026-05-16T21:45:46.301Z,Für war er ein niemand.  Ich hab nie als Vater angesprochen.  Du bist ihr Ex. Nerv lieber nicht. Der hat zwar noch mal versucht in Entscheidungen einzubringen.  Ich hatte Geld von ner Maßnahme bekommen und Kindergeld und der meinte meine Mom würde zu viel abgeben.  Da haben wir ihn auch abgebremst.,N/A,did:plc:xgmvbixuzo6abtrtht7qkdfd
bafyreibyx2zbd4y4spqtm4zp4rahxmmtw3gprbydhmght4ssm743svdbty,2026-05-16T21:45:47.158Z,God I was so scared of being ridiculed I never realized I had the potential to be a fucking ICON  All the WASTED YEARS,N/A,did:plc:irezh4isrvdfm3uv5r6iingd
bafyreig5c3q5e3tprzxicllq6dpqv5763cck2fzpiqnxamxtgbcwoa2gia,2026-05-16T21:45:46.775Z,"Gloomy news from the SF Symphony: Herbert Blomstedt who seemed quite unsteady during last night's performance of Mahler's 9th, is withdrawing from the remaining performances (tonight and tomorrow afternoon). David Robertson will step in.",N/A,did:plc:xzjevk5qjcywih6hphk5yse2
bafyreidhod6oonwggoapnimmldqojushvyhadxpvkvc77ssuyrhixfvaei,2026-05-16T21:45:44.042Z,Darkthroned up to finish lifting,N/A,did:plc:3cbes2lf7a4xmdkhzbvpa3rb
bafyreif46ybwacyar6lfopai7ub6gp3nrhnjkubgupe7lmukyn2fxvntny,2026-05-16T21:45:46.792Z,"i hate borderlands,,,",N/A,did:plc:tzbzw2ncfmeq7wlex5sxg5oz
bafyreidqwvgr7eydspw5oxd7j2nhvbwqtdk7ltrtxp2xwrpktsnuyry4s4,2026-05-16T21:45:47.978Z,"Hey if you don't wanna post them, just send them to me.... You know to get it out of your system...  Definitely don't have any ulterior motives..... >////>",N/A,did:plc:4z7fpblv7zuuaf3yhzw2vdtv
bafyreicxsl47t7gaakurxedo27oqaujrnxa6gbvuzbdgqawuc76nmqbi3a,2026-05-16T21:45:46.988Z,i would be the perfect lobotomy patient,N/A,did:plc:xmoixxofccopdq5if7u6xpve
bafyreig2wd4kylydakta6js2utlwp3eb36y4pjehvtaemgnk6kbbbfwcwe,2026-05-16T21:45:46.974679Z,BUENOS AIRES P1  Main - Female - Quarters  C. Fernandez Sanchez/S. Araujo def T. Icardo Alcorisa/C. Jensen 3/6 6/3 6/1,N/A,did:plc:eaxssnsscqcqspj7h4oeuxfj
bafyreicwm6ty5ryp6dfgchkpo6swvi3kelrol5hi3u2rvagqvat6tguxbq,2026-05-16T21:45:47.607Z,"Did you want a flow state of enjoyment? Sorry, you're good. Never again!   (Want you to know. You're so disruptive! You dumb animal. You do need to go to college. Who's gonna teach you? Some dog? No one, you'll rape everyone to death! Can't take you anywhere.)",N/A,did:plc:wlj5qvl3ihwza7surrjv3vr4
bafyreia5jdf6l67k7bb3mxqad5uaio24holxonprhrdieojul7l3fdsemi,2026-05-16T21:45:46.369Z,Какой чудесный Лев 🥺💓,N/A,did:plc:igmh4go6joxqqmvmex7bj4af
bafyreif3w6w7mqfxu2vjacsegnraq45iichsa75wpa3jck6h5ljbryomaq,2026-05-16T21:45:47.526Z,¿Y eso? ¿Qué te ha pasado?,N/A,did:plc:v4h4xzf5vgtjqxsbheffbtte
bafyreibxlv7qv2h2emwud7z7hgzxq5vd2r4dqf5nans6xrt734avvnucum,2026-05-16T21:44:47.728Z,We love our induction stovetop (1.5 yrs since installation)! Cooks so fast and so safe with the kiddos,N/A,did:plc:dcitfunpanvabgrcjsk3n2hg
bafyreic457aqfeqcpvuuckwjgcuosc3pwdx4e2fvv4xgfysl5o3anlsbmi,2026-05-16T21:45:46.121Z,Why don't these gutless anonymous Liberals come out of their effing comfort zone.,N/A,did:plc:j2bqswe737n7v6nb3p6jkotw
bafyreidbj34ux6kqjaetkptovckszj5n2ymjakhwu627e3yeaub2e4uoty,2026-05-16T21:45:47+00:00,"🚨 Tornado Watch issued May 16 at 4:43PM CDT until May 16 at 11:00PM CDT by NWS Des Moines IA 🚨 Additional Details Here.",N/A,did:plc:f53gjudygw4wphqgd2akej6i
bafyreids4vvlfsh57s75zviqieng36czam7m2a4d6u5j76q32ge2olcaye,2026-05-16T21:45:47.582Z,It will be exciting with all those guns the people don’t seem to know how to use.,N/A,did:plc:zubu7s47na623xejub6z3rff
bafyreiespfe6s3b5bgd4oxaocowlqg4kayh54x3mgpeneg2vbqdmamgh5a,2026-05-16T21:45:47.383Z,This is such an embarrassment. Trump has diminished our country. 25th amendment.,N/A,did:plc:uyljmbjut3l5ojjzvl4rv7eh
bafyreigqmhsk7jvbdxykehplan3vmyj2igogzlwliqjjh6dcddebjvx3q4,2026-05-16T21:45:45.931Z,I 💖 that sticker 😁,N/A,did:plc:oea4ds247yf4t5gqxp4zprj6
bafyreidz3ykyfj4ajfne5omki7opdmvmevydhokrnxtv6xkzyuxbev5xle,2026-05-16T21:45:47.018Z,おはようございますー 私もジョスラン応援してます◎ なんたって私の推し馬エフフォーリアの全妹なんですから！,N/A,did:plc:zs53nshlspq6ykxpfjboqjsu
bafyreihhkvk6yaxln3me7voxhbfsl2b2alkx555rsndayodnsmiulanh2e,2026-05-16T21:45:47.753Z,You sure do 🥴,N/A,did:plc:acoetfzcrfswclonwbhc4sju
bafyreiepe2ruqgh6uv7zpu6zrhpbjogg2f3w3dptlwabktzjwi4jowdbki,2026-05-16T21:45:46.810Z,"actually heard a white man i work with say out loud yesterday that he ""doesn't understand why everyone thinks eugenics is bad""...... the dude is autistic like me too and i just????? SIR???",N/A,did:plc:42ma653jq55yka2of5c4p2mx
bafyreiejv4i5f5whovuec6ykvhoqrarkwdsn75oqf66d7nwvtcnsztpbai,2026-05-16T21:45:45.025Z,"Mimic left and then it's another cape unlocked in Runescape, oh boy",N/A,did:plc:kyvtocsw72ug5wc3e5dxxnm7
bafyreiaplgsmf52iekonhqun6pigxaqsmcu7wevyki6ctkjqvrkighcpwi,2026-05-16T21:45:46.770Z,Proud of myself I wrote 1800 words today,N/A,did:plc:us6fgsqytpf7nr4yjgincbmw
bafyreicjmj3vdptnj7dl5qqbfneig7ze7giha4vdehal7mmf72lrh2de5i,2026-05-16T21:45:47.234Z,"Oh sweet, so happy to hear an episode 2 is coming!",N/A,did:plc:gz6ptt6kyrjzto7446ptep6r
bafyreihzphprebefbapa6qbleklh5godteluqcp3ovxxd5dwgk4p4xrqvq,2026-05-16T21:45:47.255Z,I'VE GOT YOU,N/A,did:plc:nzi3jlfl54syogridajrzypf
bafyreiawfdmfqvpomwkadnp63unxegyr3hrix7al6aqoloxcqa5zprq6mu,2026-05-16T21:45:47.782Z,And I'm a danger to myself 😭😫😫,N/A,did:plc:vun2mhzh6ewe7kqkifloe5k6
bafyreia6eokpou5cxw4ohzqqoejgdgvux6fnw2nbtolr5xpvzpbgn5glo4,2026-05-16T21:45:47.714Z,A já s vámi souhlasím.,N/A,did:plc:yucvb52bbofez6sqyf5hg4pm
bafyreif5vwbu4dbcye7yalyccatnswsjip5z7rvfwmfoezdtexgu4so5su,2026-05-16T21:45:47.326Z,YES!!!!,N/A,did:plc:d477btxwvdhsdcd7tn6qwtpn
bafyreic4mcoh7lhnasxcvjykuoqdla32qax2xmqbewt4uqoogskvqyqtre,2026-05-16T21:45:46.426Z,youtube.com/shorts/3DIZF...,N/A,did:plc:ghb4oqury35a5orch6bielmm
bafyreie2ktur2i6qsilslpddgma754rsaqbd5e2ambsheei4jnlk7qfpoe,2026-05-16T21:45:47.707Z,Can relate 😓,N/A,did:plc:mtgyhurec7ymu432nqclicuw
bafyreids37vuq5ckwmzvuuxp6c64x36d5bcucayr5ki2ncvhfwwpjxn6ri,2026-05-16T21:45:47.999Z,Can I come soap up the chub in the tub? Hehe,N/A,did:plc:hsd4hm7zhv2gfjlyx3pdxcgm
bafyreiav2r2epuwhe3oxrczlqokzvpfql7zbh6z5ugej35bas6aleqhhfq,2026-05-16T21:45:44.316Z,👌,N/A,did:plc:fpegbd56mv6gqxzavdmml2ei
bafyreiexbvtfshi5vdj26hhib2qdoiegopdf67nohtppwo6alcz2hpgnzq,2026-05-16T21:45:47.857Z,There's going to be some laughing in that room.,N/A,did:plc:kwtcis5nbvbfqob553n6wu34
bafyreidxy23fjzvafdhrhbdsdfmakqqvkprsqw4my2uynamkedghxsqpdm,2026-05-16T21:45:47.922Z,"I would like to be ravaged into the ground, please *respectfully*",N/A,did:plc:3h6hgho34lvmclr2a7jv3he4
bafyreigznqa7tb5kjrronm5gzy5psjrxlppplkw2hv3gbmjgc5g5i7t76m,2026-05-16T21:45:47.826645+00:00,🔥 Currys — £120 off  Code: PCW-SAMS55TV-120-GB Valid until 6 June 👉 https://codeland.uk/brands/currys  #Currys #codeland #couponcode #savemoney #shopsmarter,N/A,did:plc:4zzsfx4626xglnvvymadwmgk
bafyreifbhpm7k7sfed5sugg5qfm6qyotg5ngzjmwwwpvquirkkm5g5ztqu,2026-05-16T21:45:48.209Z,acho que nunca ouvi 1 música dos strokes,N/A,did:plc:qw7ddnvmiofzahj6bsdik6ho
bafyreicxlunxxxtjsxnay7hkwzqm2paunnulvpk2bgbk4l33vszbycwofi,2026-05-16T21:45:43.534Z,"Project Hail Mary- Phil Lord, Christopher Miller  Me tuvo pegado a la pantalla de principio a final, lloré lo que pocas veces tengo llorado viendo una película. Probablemente la vez que más carisma he sentido y más me ha gustado un personaje no humano en una live action. La banda sonora es loquisima",N/A,did:plc:wy5at35dbsad7lvj7dqlq2cw
bafyreig5oe2zzhovpdyupdnvtxjycrvidcncfjxno7gopmsd3w7nipj4wi,2026-05-16T21:45:45.414Z,確信犯で、「👁️カロンが甘じょっぱいものも美味しいと言っていた。」とか、目元舐める、ゔぇる🪶いいね、、ゔぇる🪶は良いね( ˘ω˘)ｽﾔｧ ※おばぁちゃんねんね。,N/A,did:plc:6qqnbdq2q32zocn7eyj7tzzo
bafyreiefjlsvtatt33opunjdsllwk55nky74bfcf5s6p5tz3326sr4h3aq,2026-05-16T21:45:45.496Z,@sickoscommittee.org   Mario Lemieux and WVU….for Moldova,N/A,did:plc:emdvlgu2nfny4iuemfftq5fs
bafyreigpcrgbjt42qrwrk6nlp7eknm3on53l5l5gncc7w5iw4yugnn3gfa,2026-05-16T21:45:47.872Z,Aquele meme my dick has lead me etc etc,N/A,did:plc:la2b7mtezlaukldwvnk7q4na
bafyreigck6iofojuebhfu65rdrqs2z6kaynwnd7hzphnkhcnhqsxcuxmdu,2026-05-16T21:45:47.032Z,At a certain point it won't be. I don't think we're there myself yet. But I think we've for a long time now been in prepare for it territory.,N/A,did:plc:p77wuyqfduabwbmkfzr3a2pz
bafyreiads7yge22ogjxqfn4i7muircf7jzdxkv3nzn6oqhnwm5ngc7iyg4,2026-05-16T21:45:48.297Z,#Tennessee check voter status or register to #Vote,N/A,did:plc:ljvmc62bpjtel3y5547z2huk
bafyreidv7sivie6hq4xu5hierrkts6k5vdvfismpi22zasdibqryk6ni4a,2013-09-01T00:00:00.000000Z,"Clinical Drug Trials in Ukraine  ""Myths and Realities""  https://www.publiceye.ch/fr/publications/detail/clinical-drug-trials-in-ukraine",N/A,did:plc:lb7v3uq23wmm5spv2a27kehv
bafyreiccvrni5dz7bsjvbnncea4i2eimwnwyiddrnlpgis7v6jdgchph2a,2026-05-16T21:45:42.58879000Z,"Plug a night light in, leave the porch light on, because the small dark corners have designs on me.",N/A,did:plc:2eukwkdaqe2zihsbppvhb5re
bafyreiba3i4cmyduhkqfbt6perxki62hs67ttospbgt5oj3kdypz7tsosy,2026-05-16T21:45:47.399Z,Want to post those Bvlgari pictures so badly but trying not to look like glazy mcglazerton,N/A,did:plc:2i2xcbi6pk4toq5zd3qetojk
bafyreifjc53cthd3tysyp552topu4hgcnl5ksavbcpb3ncl7ebqlfrws5m,2026-05-16T21:45:48.206356+00:00,Arf arf!,N/A,did:plc:4vsww6rhxujyrsd3h7z24xj7
bafyreieenxdqnn7p2zxflnt6o7n77abfcfzq6xp5tqutmu3k4ygktrqfi4,2026-05-16T21:45:48.729Z,"As I understand it, William Stewart was paid to organise translations 'of sic werkis as is necessar for edifeing of the people', and the 'Breif Gathering' is thought to be one, (Gordon Donaldson, Thirds, SHS 1949, p. 188)",N/A,did:plc:p3stfxwzlmhwdtnk4pe63vov
bafyreienblvb2q4rllchqakccphff23jejskymjz2xirca7s4mw6l5yahm,2026-05-16T21:45:48.383Z,Strong choices.,N/A,did:plc:qakej6mnmnfwfsgksjsis2p5
bafyreib4q4idxzpibhdkci7p24hyijrgiv43apng6t7sad53id52iyf7fe,2026-05-16T21:45:47.923Z,Bonne nuit,N/A,did:plc:xwe5hpcvt4yo23u4w63armov
bafyreihaqlkn4hzrvyaill4mkhdwg7wkv6v3x2z2i7jb35fy54vnduvobm,2026-05-16T21:45:48.037Z,"3 years before Curry's record-breaking season, the Dubs were already feeling the sting of defeat! On 3/4/12, they fell to TOR 75-83, shooting just 29% FG and 4-15 from 3. Can you imagine what Curry's shooting would've done to this team? #Warriors #NBA",N/A,did:plc:kf6pjnmxz7heacbwfkc2jquh
bafyreicvdtuldvrhvpsplsh65h5enewy2wv2zfztfvsikb3ppsb6ly654e,2026-05-16T21:45:48.487Z,Oof 🤦🏻‍♀️,N/A,did:plc:uz5mfld5jtvortbfsbmgflef
bafyreih2l2yts6rhchwbvdsr5hkwsm3se4nq4piyxznccxpkljiwmrvc7u,2026-05-16T21:45:48.195Z,Yup.,N/A,did:plc:mwobmaqarvitfyq3rxyzhlyd
bafyreicshnsll445aferrfo3t73cxoidaondim6e7rkaf46stnimcoijzy,2026-05-16T21:45:49.383Z,Nimm mich jetzt auch wenn ich stinke!,N/A,did:plc:nzmx3stedmqwr2kvs6apkmnn
bafyreidbcr7lshdyla2s6mgf6ueehnhgtkntskuijbjazgkmzedro4yoqu,2026-05-16T21:45:48.641Z,wondering if i should cook,N/A,did:plc:a24hsxnr7vx3yln7fgaictic
bafyreiccjippy2abcxsizzvl5crjaqwyjv6t2ixpgzjorljr3gg5otojua,2026-05-16T21:45:46.330Z,youtube.com/live/ykB5jle...,N/A,did:plc:pz7n4jlng6ejd7lem2og2sgq
bafyreigyygyezszr33sogprx4s2dylgd56wbajp6xelqhwuojunuevetgm,2026-05-16T21:45:47.034Z,I disabled quote posts on everything after ending up on the Discover feed a few times and discovering the people with a total lack of reading comprehension that brought into my life.,N/A,did:plc:mwxwzfwj7zd36a6c2v7vldha
bafyreidmwnchhrd7bwii6zycfpmzqj3taaivrjafzin6k6gcvvuzdmnbdq,2026-05-16T21:45:47.544Z,"Fantasy character idea: a skeleton who's HP are literally meat points. Just is covered in meat and skin stolen from enemies, but their fragile boney body lies underneath. Or maybe they grow the flesh back or something, I don't know which is better/worse.",N/A,did:plc:nkblqgxj5jncc7wrqq7ykoy2
bafyreia4zxnzknqk7ub62gxhy6mret2ayzlqo4yvnwjmo52a4p6d37r6om,2026-05-16T21:45:47.575Z,Esse é o mundo real.,N/A,did:plc:xs5bplgbe2hetkarcf2j2a7w
bafyreic22ufo5fh5ffjrixics27cpexkfpfsaujgp3k6kwkkgv642sw5eq,2026-05-16T21:45:46.993Z,"Instead of helping NOT used for needy kids, they spent donors' money to help adults hook up and vacation.   www.nytimes.com/2026/05/15/u...",N/A,did:plc:a7rv6trvmqwnelu244juyila
bafyreih6ieugv5rnbeimupr4jar5csbbokqgepqol5btfsvdir6s75wusm,2026-05-16T21:45:48.299Z,She is stunning!!,N/A,did:plc:hknm736j2rxj6gftteplok3d
bafyreig57yj54i3h3sh72llqkqyz7yuwc57wejuouxlocq24qo56bpdecq,2026-05-16T21:45:48.365Z,I know right 😭,N/A,did:plc:nawwtzg6pqoiquqpqmxcpa6j
bafyreibiegfr34kgsdtlcejkbzcvrvhvfmolp65bfams4ke5q7a5r4dtca,2026-05-16T21:45:48.709Z,I signed up for that labeler because it also tells you who changes their profile a lot and who unfollowed more than 100 people a day - stuff like that. But it ends up chiding me every day for posting too much.,N/A,did:plc:5gy3v7opwo3bfoa7dojkfhvp
bafyreicjnl4ffz6gdsut5gfue6wsnleilka7cs2kx4xirsele2v7czj6au,2026-05-16T21:45:45.275Z,Ghostbusters Sand Sculpture Under Construction at Universal Orlando’s Hard Rock Hotel: ghostbustersnews.com/2026/05/16/u...,N/A,did:plc:rposmyzao2vgkatjvsibwsh3
bafyreiguxv5lqysegxgj4wvx3c2itj2qaehloqc2c4liatsxdrdcgjc6fm,2026-05-16T21:45:48.556Z,Stock market manipulation is one of Donald's many perks,N/A,did:plc:46vunui375e6frgt3ygu27sr
bafyreibwdu2uccn7x7uvhs2u5prhklvyorws3yha7l6trbdr6ntckjirt4,2026-05-16T21:45:48.739Z,"Luckily, Estelle Getty could sing in a key used by a basso profondo.",N/A,did:plc:a4kwxjme4xkif6iszcp2ao67
bafyreiaogltw5skzxjhivmrj2ohy3bvo5wvapqyc3p64kqhzayd3e6o4be,2026-05-16T21:45:48.451Z,Parov Stelar ♥️ #esc,N/A,did:plc:jkeq7c3o6yz36xucdxlazlau
bafyreihphcj3bgn4cpnuixx6o4x7ndmqflhpqgdsct7mzrhipk4rw7cmpu,2026-05-16T21:45:48.520Z,my baby takes the morning train he works from nine til five and then he takes another home again  to find me crawling around doing donald duck voice and biting myself,N/A,did:plc:5oxatxk5wtcdeqvvcgxjk2jl
bafyreidakiis7rcj5kmfwegaspvsofb3mirci6r6he7hy3dsvmts5b55aa,2026-05-16T21:45:48.971977Z,BUENOS AIRES P1  Main - Male - Quarters  L. Augsburger/J. Lebron def F. Guerrero/F. Navarro 6/3 6/2,N/A,did:plc:eaxssnsscqcqspj7h4oeuxfj
bafyreicmag6zeh2nyae7y42ecpmh7dxen6sccutezbhi2ogg6ratpvf7ai,2026-05-16T21:45:50.713Z,Professional oled monitors in dark rooms were a mistake.,N/A,did:plc:ekzxaxdvwhckhlsnzf7u5qne
bafyreigtalq2y3kqzvco7qyzlkf26zzbyv4plywjwtf3yzvkoljaza7ccm,2026-05-16T21:45:47.776Z,"Those that are looking for the best version of #sweden #eurovision 2026, look for Tommy Johansson youtu.be/AvwI4PqeNTU (he would have won 100%).",N/A,did:plc:x7geymt525tlorzvmjbpg4e3
bafyreiflnroyfg5qelm3nao6hvx7rce74klta7oe6dt53k644jurthhw4q,2026-05-16T21:45:47.121Z,"@congressmanraja.bsky.social"" ""There was a very important document that was displayed at this particular hearing showing that [DoJ], in 2019, identified numerous co-conspirators ... But that very document came back to us w/ redactions of at least 6 individuals, & none of them have been disclosed""",N/A,did:plc:liuto76xi7dobqls2bknj3i3
bafyreicmmilwvwibdnednwm3yavnqr67avmezbgf6zb7omkfiizeaypliu,2026-05-16T21:45:44.626Z,Chillen playing randoms games and with friends as well! www.twitch.tv/wolfshier,N/A,did:plc:fkvwu6h5r2d62r263swymozv
bafyreicwezc3q2hjc54cm7ssxq5m2e5czxjnzrg6vejmaoep6ngmog3ujq,2026-05-16T21:45:49.061Z,"Thanks, Rebecca!",N/A,did:plc:kyoltwhfbb63bxul2pzgfhno
bafyreifat6n4qnejzvoibobdt75wcndvkafy53dqavltlqqka5jchdauqu,2026-05-16T21:45:48.582Z,Hope it's a fulfilling day 🤤,N/A,did:plc:qjce7yd25g5atl2wtzbk3den
bafyreida77ldl3saja3q5xucq2lbl6m6bhmzmdlfn7wkyijwhisuityrk4,2026-05-16T21:45:48.987Z,"カーゴパンツ キッズ コットン 楽天 テーパード ズボン ロングパンツ パンツ ロング ウエス...  価格: 1,581円",N/A,did:plc:ilbnegpaytrh247k73o6ptdn
bafyreiavedhjamomn4za7o5tlbvtw4rrtdczi5mxi7dosrzemzws44xezu,2026-05-16T21:45:49.242Z,It was that or “what’s her name”,N/A,did:plc:pcwdzcu54zdkxne72x4svpwj
bafyreid3c347hnhteab5xzaolo43sh3d5rcxhmywfw7xcy2myyqqmbnsv4,2026-05-16T21:45:48.070Z,who gets to do the research on this?,N/A,did:plc:tpahrbtxea5laqb6hxloyfiv
bafyreibu77oxlwthtp62ttj6xk4svlfddj7cia3cnv7yqnqsfdfqpxjl3m,2026-05-16T21:45:48.672Z,Well in that case enjoy your film 🍿,N/A,did:plc:ulo5wjl3dead62nnnyywprnq
bafyreigcfevwz6k74uce2vhuqyqyhv3iomepk5dgzwcspu4k2dhebkujv4,2026-05-16T21:45:48.583Z,"""...the only thing necessary for [MAGA] to be successful is for good people to do nothing.”   He oughtta know. 😉",N/A,did:plc:c75nhyxkq6peuocdzhvk3uy5
bafyreib34lpfd7crnaudpz2xn3hzsoumkxrmveezvitvy4mlwts6cuh3pm,2026-05-16T21:45:49.233Z,"ah, que legal, que ótimo, nossa, tô felizona!!!!!!",N/A,did:plc:td7z27wwjr62ybritvqn6sur
bafyreigtgr3cdk5vqf5pnwfsqut2fn5h4iimsoytu3gv6vpvtoplx3oh2u,2026-05-16T21:45:49.002Z,😂,N/A,did:plc:ftci5xvagtcm4dec2equhj35
bafyreib6j2f2cmiukrsolgwug3imief3u3em44yopzvvf3eggtdbssnahm,2026-05-16T21:45:48.702Z,Electro swing. Is this the person we have to thank for Electro Velvet? #Eurovision,N/A,did:plc:k6emizwpkpfd2qv2vlksyrun
bafyreiaga37nxyjbpu5jayw36bgvfzlikw3bs36hridcf4a7hxlslc43ai,2026-05-16T21:45:48.703Z,"If so, can we please not.",N/A,did:plc:k6emizwpkpfd2qv2vlksyrun
bafyreib3vkhtk45wk2fibkoii7znmqrva6wy3dhz4n2kc7ybguduca2xz4,2026-05-16T21:45:49.282Z,A major milestone for Mastenon Lake is here: a $5.18 million restoration project has been approved to enhance water quality and recreational access!   Click to read more!  #AuroraDuPageCounty #IL #CitizenPortal #AuroraParks #RecreationAccess #WaterQuality #EnvironmentalRestoration,N/A,did:plc:iy7u755bmfkywhx2nv6sgcu2
bafyreias6qcsclvuy36bgdxbnplxzc75hjjgby7cb6b2nrroxj3eha4svq,2026-05-16T21:45:48.561Z,Find lamp,N/A,did:plc:sa65ar756v4yhnco5che7mzy
bafyreigljhn7htske7gf2ncajzyc6riibkgnjerb7nevytvs2c3hu3uiwa,2026-05-16T21:45:49.046Z,Am ehesten noch,N/A,did:plc:hanwqr72wgvujwsytndmapgc
bafyreif24tjmn47c5sqma7hwkrdzpwnkc3eet2mofp6s5fw34b54l527re,2026-05-16T21:45:49.002Z,"I am skeptical that Tallarico’s pitch for evangelicals will work. We  have seen for ten years now that even though many former GOP politicians and commenters such as yourself and the folks at the Bulwark have in theory given GOP voters a permission structure to vote for a Dem, they have not done so.",N/A,did:plc:sc4hyenvsskenamszbxxraon
bafyreihkl7nkvioxivwvqrbtb54h45a7ro22ott2fqdiski7o43ixqk6b4,2026-05-16T21:45:47.710Z,I do plan on taking the day off when Trump dies. The next day will be what can I contribute to rebuild democracy,N/A,did:plc:kxjyjfmuawbgyg3bibsu3ne5
bafyreihlggyadh4azo6rmb6xthqsvjhxj62fki2atyd5cpzsooysrovske,2026-05-16T21:45:48.958Z,"Roman Blood.   And yes, it never fails. It also happens when I go to exercise in the garage. They've been entertaining themselves just fine for half an hour - as soon as I go in there they're hanging off of me like spider monkeys.",N/A,did:plc:istnusxblwlbn75mr373vy55
bafyreicxtbdkn6rs6kztcmzco2ed6pdoy6hr2v2mt4k7l2zc3acl3c37fe,2026-05-16T21:52:02.781Z,"Revi Eternos e digo com confiança, é o melhor filme do MCU.   Ponto.",N/A,did:plc:sgpic5udovfz6qf73vjt63mj
bafyreibgc67zjihosfs5ugt75zipn45b6tmjx3i3izrntrh5wwewellgye,2026-05-16T21:45:48.761Z,I like water.,N/A,did:plc:qsvhnxiy44g4ktahsj7e5ton
bafyreicfyx4nhsfvegzofbmkcklkxhcow7ox7m7mksa7fjd5biygr7e7cu,2026-05-16T21:45:48.189710+00:00,"Feed: ""TVLine - All TV. No Interference. TV News & Spoilers by TVLine"" By: staff@tvline.com (Ryan Schwartz) on Saturday, May 16, 2026",N/A,did:plc:o6ggjvnj4ze3mnrpnv5oravg
bafyreihbhukj7oj3wiabw5msk2ao5hivdrsvozpf4hzbetl4m76hk2ikeu,2026-05-16T21:45:49.793Z,Open in new tab > swap accounts > refresh tab That's how I do it 😁,N/A,did:plc:dxsiltwglbk6q6dot2cj3s4a
bafyreiemccuzwh664qw2f7wugaqlmkq6gewjuv7dsl4eb4r2jzpqlogpqm,2026-05-16T21:45:50.915Z,it's not fear it's anger,N/A,did:plc:jmvixb63l2aixziy6oybtawo
bafyreifbd7k2cazzwirj7hak4c6maklsstoa6hscnyptlqa4xd6mbtv3nm,2026-05-16T21:45:49.263Z,"...Awwww.  But my mind still wants to get itself out of my childhood.  ...Although I know if I remember 90s things, then I was a teenager for most of that.  (although part of that reinforced me remembering the early 90s before all of that happened)",N/A,did:plc:ixjecqwoacc36hxif66usixb
bafyreia4y6vfetenqu6i6twkvuwvogxzwjw7agnnlmviihenesw6evbghq,2026-05-16T21:45:49.661Z,Why yess yess,N/A,did:plc:dpc5h4ld255ownz22kj6uxic
bafyreiaatippc3ga4rto7xuz4kcs3jr357bbf5kw753cykyomhjex35twy,2026-05-16T21:45:51.649Z,白米の美味しさが身に染みる朝🍚,N/A,did:plc:ogcphsz3jssxza7bb54ssboy
bafyreiatnejo7dppenxrrvte4imvvwgabdof5wi7m6sex4j5wiyq2ig7s4,2026-05-16T21:45:50.439Z,"WHADDAYA MEAN IF,,,,  i cant accumulate more shapes i've already got SO MANY,,,,  but womemnbb",N/A,did:plc:5ylwqkx7tb6u3mslwi5qmspr
bafyreihin4ygb5j73amakiztl3dmhaq77j6zu4yv4p3wboeobnelsbyfsa,2026-05-16T21:45:48.689Z,Schnauze und macht jetzt Punktevergabe. #esc2026,N/A,did:plc:jy2b6j7jfhhxayiiq2kcgbig
bafyreic7ko37ob5zsrney5hpwluwfe4n3zewdtttbco7dlo67d3ld4sarm,2026-05-16T21:45:49.799Z,Very cool,N/A,did:plc:3yeusdwbaiule262363mccos
bafyreigvzw2qzatfgpiy5v5jiibr5tstv67khl7t6pefgzfvhesubc43ey,2026-05-16T21:45:50.345Z,You know Kash has some thoughts about How to Escape the Crowds at Tourist Sites (have your security detail close down the whole place),N/A,did:plc:pkjt2otk4svponrxpxbphl4h
bafyreifew6fxq5byn55w3peclcm336uzcezj5rnexte4f44hzr2kif35di,2026-05-16T21:45:49.294Z,… genuinely forgot I was the author of a “felix the barista decks reincarnated sylvain from across the counter” fic when making this post,N/A,did:plc:mgb2c2x2aegpkeancljeaho5
bafyreib7j2oo2huj5wczv5vedprvmo55arq7ihv5iuelecdikuep62hwpq,2026-05-16T21:45:45.132Z,"A lot of video game music was made to be looped, so it can continue playing for as long as it needs to in gameplay.  So why do people reuploading the music online never upload a version cut right at the loop point? It's always, like, a full loop or two, and then an extra bit fading out.",N/A,did:plc:mqe4bssnqumqa5r4tpmh664j
bafyreiddga3jbygjv5wyeyzxpvw77k6nryv74yjnp7t33peepwlkje3sau,2026-05-16T21:45:49.631Z,Thank you so much! 😭,N/A,did:plc:dsge4aqgrmjgibe4saugz5jl
bafyreihnm3rndxmadllf45erp7lxzb7ano5tzy3wgmdpclntzp2x2i4ocu,2026-05-16T21:45:49.616Z,Good~ she will stain her entire pantie stock for her~,N/A,did:plc:3offyg7izbs2s6lerhql2vzq
bafyreia2q5paj4lcummwvlrkfrxch4hz5wdxf3r7v3sg5nza2o4z6r2znq,2026-05-16T21:45:49.584Z,Oh yes. Fun in the midwest,N/A,did:plc:fm25o5fb63elgzhm33e2hsma
bafyreig55ztabfxb3dmviv2cx5y4r6ftzg37mne5urs5dmdmdc5645olkm,2026-05-16T21:45:47.628Z,"It is a fun RuneScape Inspired D&D, follow us to support us!",N/A,did:plc:3tooxhlezds4onxbdlsqgxia
bafyreifdbsqi43eyznggirjrcg4tn5hzvj5afvpxh6juq3y6vazh6iktve,2026-05-16T21:45:49.871Z,"Wordle 1,793 4/6  🟨⬜⬜⬜⬜ ⬜🟨⬜⬜⬜ ⬜⬜🟨⬜🟨 🟩🟩🟩🟩🟩",N/A,did:plc:g36mbejd6muibpshvlpxcnvs
bafyreihfjr5e4do4t2ok265xb2iwnyenp66qcxexf2vvs3t55xe43zqjy4,2026-05-16T21:45:48.935Z,"I've had that sometimes, and it's always because the memory is squirreled away into some compartment from situational trauma that isn't their fault. And it sucks.",N/A,did:plc:jxxizvh42em2udqgg45zmpng
bafyreib2fij7v4exm63eilwc5nrl2hx4fn4wd3fxos7ospvyr266qdxfcu,2013-09-01T00:00:00.000000Z,"Essais cliniques dans les pays en développement  ""Le rôle de Swissmedic dans la protection des participants vulnérables""  https://www.publiceye.ch/fr/publications/detail/essais-cliniques-dans-les-pays-en-developpement",N/A,did:plc:lb7v3uq23wmm5spv2a27kehv
bafyreigjviffbicaktyrwlzgkqp75b4hszy523d7angruiz4mlomxbd2ai,2026-05-16T21:45:50.046Z,"Huch, einer mehr🤗",N/A,did:plc:icnk3s24kt5ghk6ljbgwauw2
bafyreicsshzi2shzmotkke7nm7j7htteqgubqzlsdjh563tbinvsuh4cg4,2026-05-16T21:45:49.819Z,細か過ぎてカメラが捉えるのに苦戦してずっとピンボケしてた　エレガントの文字もちゃんと凸凹してて感動！,N/A,did:plc:n6i72qksmtnju7iaddgbnsyk
bafyreidkpbohoqhwm57g2lr54e2tf5k2gg2rh3fq6cswti5vxia7lmzinq,2026-05-16T21:45:49.261Z,WINGATE DRESSED AND ON THE ROSTER!!!!,N/A,did:plc:nfb745kqu5wwih7vcle5oiyk
bafyreib7p73ct6hb2c7yjwij3uhyomh6fk6vxdn4efjh5x43mnibze4oo4,2026-05-16T21:45:38.345Z,Jamie Bell adds #HalfMan to his great catalog   From Billy Elliott to Rocket Man   Will be the lead in the new Peaky Blinders,N/A,did:plc:pebobltc2bmaxasaqnxey4xy
bafyreiceyvae2h6jtdxzoh54sdxtcjacebx56d3pmma6ye2eirq3ezv6ay,2026-05-16T21:45:44.170Z,I did his colours :3 came out better than expected ngl.  I really enjoy the runic look of his costume. I took some inspiration from Majora's mask design and the giant Poe peddler in the underground statues (the one you have to find its eyes) In tears of the kingdom. #hanjoongi | #zeldaau | #twili,N/A,did:plc:hyocg3ittagn54jel5gm747e
bafyreifr5bgdskmwr2etgemvszoaq24mohyg74lbskwwxvc3zvrdvl5dqi,2026-05-16T21:45:49.786Z,"L'armées ukrainiennes ne pouvaient rivaliser avec le bombardier supersonique russe Tu-160M. Il avait été rapporté que l'industrie de défense russe, contrairement aux pays de l'OTAN , avait les moyens de moderniser cet appareil, ce qui lui conférerait de nouveaux avantages stratégiques.",N/A,did:plc:v3jgs5mesphhww5ovuhstz4i
bafyreied6rgtrwxo5wifg4fpkkiazjd6e7nrhooeor5qxp2yuyahekb67u,2026-05-16T21:45:50.183Z,🚀 BlueSky trending hashtags (15m) #16-30:  #furryart #cat #furry #catsofbluesky #booksky #vore #cats #digitalart #pokemon #aiイラスト #snluk #musicchallenge #aiart #nude #radioapple  👇 #1-15 trending hashtags,N/A,did:plc:k6a35s56ijvrb4zjkq4ojll5
bafyreiahbcy3qogdfbif7bm4jkanqiqfqwibepyf6wrel7dkrfmgtw7sdy,2026-05-16T21:45:49.207Z,That is quite the haul! 🥰🤭🐾💜,N/A,did:plc:yp7gr2u3osnnvmrkompezset
bafyreia3uhixhkh4yvgwi6dgag35fmfqe4velrwnzkliauvgqthhmvjfy4,2026-05-16T21:45:49.555Z,Take you time!!! No one will(should) fault you!!,N/A,did:plc:uuynb5tll657y7nh26n6mcda
bafyreihqki4tfazwuxzv2bjtqtn75ggkuna4ptyqfmw7uz47hwjoqdn2k4,2026-05-16T21:45:50.260Z,So süß,N/A,did:plc:k3urwjfgguwxg4iac6lmelj6
bafyreicv4c6nizp2qluijw74i37qr2m6bmtixoy4j4ohhxjm22bmhegb6a,2026-05-16T21:45:51.263Z,hottt pottttt,N/A,did:plc:xbxekicjbiqxm7c35vlnjh4c
bafyreieta77lzsabrsimyvlq5wit5b6nxz4rutsddkzc6moefbega74ney,2026-05-16T21:45:49.421Z,It matches the colour of her rage 🤣,N/A,did:plc:vj47wnyido66kohuekaqjrbt
bafyreihwmke7rdk3awlslils2d26wuy7xwluwmrjtf5d6s5nn73ykfbvmi,2026-05-16T21:45:50.231Z,You'll have to do that yourself.  >,N/A,did:plc:rxxdg3wxqjsf6y4mjutwo76z
bafyreibndha7zmhrxn4zmvrwkuupazr3fp3qbiqsyir76kaqv5yyc4oqke,2026-05-16T21:45:49.624Z,"The ads??? You mean a gazillion Big Pharma ads in their latest meds? With lots of side effects including the one I like the best ,” may cause cancer”.  They’re all in this together. May they all tot in the hell they’ve created for us",N/A,did:plc:kncmkazcz4fbkdfextucjtlo
bafyreig37xd4qiyoo4kumckw5po6wo4a6kii4h3edcytpsy4cucebwmpse,2026-05-16T21:45:49.426Z,"The union representing thousands of continuing care workers is calling on the Alberta government to pass legislation that it says would improve conditions for seniors, workers, and keep private care providers in check.",N/A,did:plc:kf5rbn26yo52vdwkr7wzo44i
bafyreialcazkx6jidcyo4k7ujz6kcrcbj2gijjtk4wd4buhambt7tyyvii,2026-05-16T21:45:47.901Z,Nothing totalitarian to see here.,N/A,did:plc:fwlcp3h55yvxunand6m7rpuq
bafyreiaxwnj3il6oh5kot3kn7sc2arwhjda4ekzkfpmn5z36kj2gixgj3e,2026-05-16T21:45:50.881Z,I see somebody has been playing too much Fallout 4.,N/A,did:plc:74jhpnkdt6fnosxfkz64lhjn
bafyreiexahnbdpfeh2el4trbrea6ythyv4kyfdmimzy5kkcjnx4eenj5iy,2026-05-16T21:45:50.052Z,Would love to get my hands on that bulge and body,N/A,did:plc:csos5wbcnsns67f6zudpoxqj
bafyreicfxnkokmwcsl6a4o2qstqd3syscrjxjxx7jqe6ap7mo2pv5br3ui,2026-05-16T21:45:46.722Z,"📦 Apple iPad 11 Chip A16, Wi-fi 256gb - Distribuidor Autorizado  💰 De: R$ 10.899,00 R$ 5.264,33 💵 (52% OFF)  👉 Link: https://meli.la/2R4hWjd  #oferta #promoção #desconto",N/A,did:plc:xg3d64pr5svduwjieph2hz2s
bafyreid3fwrmjgdl5mlcbr7s7ig2qoxyhoubjpyoonkepjqkoyt2o5boem,2026-05-16T21:45:50.263Z,"But if you throw them strikes, you might give up a hit to them!",N/A,did:plc:cxy4hyto35bnxt4m7jfvnymw
bafyreif3giubunfh64333f5ucbo2da4dgcglyldxd7xt6resirhhbve6nq,2026-05-16T21:45:49.731Z,2 million Americans not 2 typo sorry.,N/A,did:plc:5dx6zn36g6bz2nb3r6qrhid6
bafyreic3tutt3uowivbk4upu7keovsu3btkmcdhxdbbewp4uqs6n33phyy,2026-05-16T21:45:49.936Z,I’m home. Thankfully I didn’t have to drive but traffic was still rough. Car naps are a scam bc I’m still tired when I get home but not tired enough to go to sleep again. Anyways I’m very glad it’s Saturday and not Sunday,N/A,did:plc:jn5ehfh5dmu2dlfravfmm4lv
bafyreib7bw33ypo65brrmnf2swmre2s6gf2yftbtsueic6dqegogtodz5a,2026-05-16T21:45:49.812Z,Use unique passwords and enable 2FA to prevent AI-powered attacks.,N/A,did:plc:nba4di5mkdkmgsgw7symta6c
bafyreibw4exyw7t4z3xu4bq24bf6fevkdgzutzv3gaedx3w5n65schxnoe,2026-05-16T21:45:40.009Z,"I added a layer of wyldwood to each model, on shields / clothes / skin, painting by pure vibes here #hobbystreak day 533",N/A,did:plc:vqakpnj7flol6c4g7v6motll
bafyreicwhtcz66vzefsxiz6ksh35pg4vqqmzgtoqkitmfqp3z6dhgt23ya,2026-05-16T21:45:50.378225Z,Danke sehr!,N/A,did:plc:3j7swqmbyatocueowjtytaeh
bafyreiaveluaj2h6hg3ltgeeopm47vdrjyfhmdtnag4dbzgaaqvb2r3c7q,2026-05-16T21:45:49.893Z,Katy Gallagher & Wayne Swan At the 2026 Budget after party,N/A,did:plc:p2rg7myt4ory4yiiydtxdovl
bafyreid6d6zhsztetjbwmokr2uhojhowuks3zputr6zuugjkb7tkd35ilu,2026-05-16T21:45:50.404Z,Without practicing Christians America is solid blue.,N/A,did:plc:cm2bohdzh4gplehfykbaebvs
bafyreigbhbyza6opgu4x7wpjtdbiof4mlwnc4alb6uj2dbvxkw2e3nkz2u,2026-05-16T21:45:50.108Z,You wanted gougingly expensive!,N/A,did:plc:etwmxlwosc5a6i62dqirfskv
bafyreige2jq3ii53djdsfntlphecosx6vcuar5qyzd6doyf7p3hbml4cke,2026-05-16T21:45:45.495Z,Speaking of monsters…  🎨: @skiaskai.bsky.social,N/A,did:plc:qdt4u6yiixwgpv2obyijdvse
bafyreifvqqse5j7xeylja6h62uy3lp6llfddjk3tdkvowakfhvqljt3jce,2026-05-16T21:45:50.232Z,📸,N/A,did:plc:agazjjporumukt6kv5aylsxg
bafyreigb5n3rfi2pon7rwbkhzigjkdnfwfbeuavdsioxcaziqzmpk26jiq,2026-05-16T21:45:50.924Z,🔥🔥🔥🔥🔥,N/A,did:plc:h4r743wjyuleyepbgxblosrk
bafyreico5fdyoycpkany7catrsvcec6l45uckouomydbk2h3344yhptrzi,2026-05-16T21:45:50.674Z,🫶,N/A,did:plc:n3nkglkt25e5mhfcut6si4mt
bafyreigtlafwei5linfdgd4kslyei5crw4cwei2tiktugifahrmvnlc5im,2026-05-16T21:45:50.695157Z,FIP BRONZE MIAMI  Main - Male - Round of 16  J. Pablo Castillo/J. Pablo Padilla def M. Vidaurreta Villanueva/O. Cantu Garza 6/0 6/1,N/A,did:plc:eaxssnsscqcqspj7h4oeuxfj
bafyreico7iiuvaoz52oo47fizqf3frpyzqolnxuxvlbibj5qb6zgm3cjpm,2026-05-16T21:45:50.699Z,no,N/A,did:plc:jlgawwynop3qfm4x5ns4hvmy
bafyreigmzej3hbmmhyogxwe5zpjw3g5wslyzhkrahm44icdvc2aigs2kaq,2026-05-16T21:45:49+00:00,"Special Weather Statement issued May 16 at 5:38PM EDT by NWS Louisville KY Additional Details Here.",N/A,did:plc:is452bpf5sjtpmesp5rc3s7t
bafyreifvwfrydpqsitzvok5xhikjgyfodb44paonhe74rr2x7s7akawcku,2026-05-16T21:45:49.835513Z,Not my usual style… but I kinda like it,N/A,did:plc:gfiecye4fdff2usi2i6cqu4h
bafyreicgz2pem2csvpjy32cfukjeslgjeu7d7ni2osspdexvg54527holy,2026-05-16T21:45:49.741Z,"Labor are not exactly unracist. Their ridiculously brutal rhetoric hating on Australian women and children returning from Syria and constant pandering to zionists and their nasty anti-Palestinian racism, for a start.",N/A,did:plc:vsq2lir4527hv77tlxahhq6i
bafyreigex4n7svin5ssdlcccmdysx2uv27xo4sl4re47ywolp7i4bi23we,2026-05-16T21:45:50.464Z,Like chicken with green sauce because absolutely yes.,N/A,did:plc:zsghsvwshxlsansdf5axrxnz
bafyreifuuzh5wunnytcdpbzovzawmxhqqi3lqnqj4znsyyvb4varyvymsy,2026-05-16T21:45:48.586Z,"The weapon in this banner is available to players. There are several versions of it, but the best one is, of course, (get to) the Chopper!",N/A,did:plc:jh6p3mrzfzojauyohd5q3in6
bafyreifoujr7odxftrvdc2bgor7i4bs5akcew6wrxdsj5lpdfa2vcwityq,2026-05-16T21:45:49.198Z,"Well done,",N/A,did:plc:vpdoaalnlbr7bz3hcju5wfg4
bafyreifd2cq2i3rtnm4zc6qvc6ipu7f4cih2tudtfjvdhjafse2sacndi4,2026-05-16T21:45:50.269Z,"If that’s his first, it’s hell of a debut. Great performances, atmosphere, soundtrack.",N/A,did:plc:7hkjj7f5dokghap7u2zcodcp
bafyreicg6zls2xjqkfavnah2aps24boxd4mksvb7fsavh3z7vhil4hdsxq,2026-05-16T21:45:49.514Z,Mycket Xmal. Men vad gör det.,N/A,did:plc:pvamzeq3bldgtmkczfzpyj26
bafyreigqb3lcgqe6al5kmgzg6w4saqqxrffxh2e3sk3kalrqvkyf56ru5e,2026-05-16T21:45:50.105Z,🚀 BlueSky trending hashtags (15m):  #eurovision #esc #art #esc2026 #nsfw #caturday #photography #eurorrision2026 #oc #cutiesaturday #cineblus #birds #porn #scs #ocsky,N/A,did:plc:z22iojvb45xno3nblfy6fcwg
bafyreigvczxf4artsoqz7zhgxnsqppqplha2xvhimd7vvzw7mbfpdwyo3y,2026-05-16T21:45:49.515Z,"Yeeah, I used to get a lotta people just treating me like meat whenever they saw me getting eaten, and like. That's not how /I default, ESPECIALLY in public. They get the vibe way way wrong and I get pissy about it.",N/A,did:plc:6cs5q3g4vbxzrvnbek2y2oj3
bafyreihqw6nnm4ybauumq6mummjbs5bskc7lafncqcammqdyfixikprdkq,2026-05-16T21:45:49.516Z,"Like, I'm not pred only, and I don't fool around with folks who are, since reciprocity is super important to me! A pure-pred player is never gonna be prey for me, and I NEED to get my mouth around people, how else am I gonna keep 'em?? 💞",N/A,did:plc:6cs5q3g4vbxzrvnbek2y2oj3
bafyreiccp47xzlkrd5zbtt2jzy7xgihqkby4ouby6sbl2xjrdhtoz5rr7y,2026-05-16T21:45:46.484Z,"Trump:  ""I don't care about American's financial situation."" Reporter:  ""But they can't afford to pay for your ballroom."" Trump:  ""Make them work harder."" Reporter:  ""They can't compensate for your insurrectionists."" Trump:  ""Then I'll take it out of their social security.""",N/A,did:plc:fcvg4d6nt47thlhk23sjqfqh
bafyreiaqc7zvvn23e5oatuiqocyradkfjujqwppsfoibznsy367s42vj7m,2026-05-16T21:45:48.921Z,Making some tea then back to padding uniques - twitch.tv/arkaynan,N/A,did:plc:fjvzjfzslqwzcir34kkgwpmp
bafyreigwwbgjry6nufouittmp7kfibnq7rmye2qsn7cxsg5nakzhpztz4y,2026-05-16T21:45:50.668Z,animation director decided she could look so much more koharu coded,N/A,did:plc:al2wtd6zk3zkdukhk2p2zty4
bafyreifsvazvbihsmxx6ukirflrhpcaxi2kpos4w3x7pj7un2i63dvqhea,2026-05-16T21:45:50.490Z,"Literally the only thing I know about any of them is that Joe dumped both Taylor Swift, who wrote a song about it, and Sophie Turner, who did not, and that Nick is married to Priyanka Chopra. That's the sum total of my knowledge of the Jonas Brothers, except I believe there's one more. :)",N/A,did:plc:w6emm3joedcqyrpylg6sgxzz
bafyreidc5on4yn6gtwhledyvvzp7rtxkwa4bwpi26tsvyvf4sclkdf7bga,2026-05-16T21:45:50.510Z,Sua pintinha é fofa e seu filhote também ☹️🤏,N/A,did:plc:al7uswtp2gt32brhwbptf2ya
bafyreifgxnohksrxhsftkir3ctinpr2jo2xc5syqpoi64wbr5wkv2wzjwu,2026-05-16T21:45:50.067Z,Good,N/A,did:plc:ihb3u4u3qgk7sizpvtawyusz
bafyreiekqxfhfpdnwh33yxyqvkeyhw424limbp7a26suzjznagcjogtw6u,2026-05-16T21:45:50.931Z,Die wil ik hebben!!,N/A,did:plc:xb7wmgmfvbocu6dgeey5ilej
bafyreicr25z2iic4qjbjxrwlasyhmqq6vnsgkn5arqhxp6zlmbtz7h7yh4,2026-05-16T21:45:40.565Z,"""i am the definition of useless."" WRONG. u are not useless!!!!",N/A,did:plc:4oyjukv7bwois6f5luhgoy5r
bafyreidq22tb2yuzq6mpi6z3swbk3hak6z7ri4hgruuq7vg3d2thupeoba,2026-05-16T21:45:50.678Z,"2/   About canceling a vote after it’s begun is splitting voting districts in Memphis & Nashville apart.  This is more of the same shit as attacking DEI, career military & the education department.  This is not a black issue.  This is an American problem.  It’s a moral issue.   It is shameful.",N/A,did:plc:tw5rhkgzwfml3f3slbm4zdmn
bafyreie3vimymfp2xwa2xkbnhbb6vzkrzkbbrwgon3z2k3wscozfi6viqu,2026-05-16T21:45:50.113Z,"Ребятки-котятки, которые помолились за хорошую погоду на праздновании моего др... спасибо вам!!!! ПОГОДА БЫЛА АХУЕННОЙ И ЛУЧШЕ !!! ЖАРА ПИЗДЕЦ ПРОСТО 💅💅💅",N/A,did:plc:2tkiathagtunghva36f7zh37
bafyreigee3atmkzmohj45zz3ge77boyqh2it2aqdknfsf5qfayftf5o2ma,2026-05-16T21:45:50.997Z,Wonderful stuff by @kevedwardsretro.bsky.social !,N/A,did:plc:bay6hnddkudxbpaubxxxd5yi
bafyreignjtz6xqdwyu7dgx3nudhisio5vtpl3hxioi346jf4p4qpwkqtfe,2026-05-16T21:45:51.019Z,"I try not to look down on religion but evangelical Christianity serves as a giant cop out for dealing with death. Why process the loss and reflect on why it happened when you can just say “it all happened for a reason” “gods carrying me through it” and “I will see them in heaven, they are happy now”",N/A,did:plc:ghk43c7fowrfhxhpyvpnubqp
bafyreifb4khib4ft2uodszum74t5ifu5no5trpubi27dqsxcjbba3wqtfe,2026-05-16T21:45:51.115Z,"Sorry, lieber Nachbarn in Österreich, die Show ist toll, die Bühne ist toll, der Sound ist besser, als bei vielen anderen #ESC und die 70-Jahre-Grand-Prix-Songs waren der Hit, aber die Moderation ist weniger als semi. #EUROVISION #ESC2026",N/A,did:plc:smtziv2xxtazzcv77d6v6zd3
bafyreigbne7eeny34zhbic6kym57bzk4zluu2k3xrotxtj5l732colis2u,2026-05-16T21:45:50.833Z,Class action by VA voters whose ballots got tossed? It’s too late in the game to change the rules. Purcell?,N/A,did:plc:pfmf7poggb3hobenxrdzodgk
bafyreiheumjzciujrhwkopqnmo42ws4dfja3xeulg3wv6igf4drb6le36q,2026-05-16T21:45:46.327Z,Love your porn very very much 👍 your such a cool person,N/A,did:plc:r22wfjangxmfx3fjj55ikcrk
bafyreif5ytv73oklqsbqadhlzlwl644bkz663qbojtpgcqkjcob42r6oca,2026-05-16T21:45:51.006Z,Congrats Petra!!! ✨💖🎉✨🤩,N/A,did:plc:twmohqdlzdigs7p43plv2iac
bafyreiglo6kp4d4jlk7bg5bpcd5wislgiqnsfhhonyawusljuk24nmb3fq,2026-05-16T21:45:50.140Z,🫂🫂🫂🫂🫂😭😭😭😭😭,N/A,did:plc:utkhhkg4v2teysvj4o3jsaoc
bafyreiaj6ujzmypj6kherct47qt3rdkwrz2v6xy5gzw2cslyjiwvtawy34,2026-05-16T21:45:49.336Z,☕️ Not the Pop Star trying to piece it up w/Future.  💀 Transactional friendships are nasty work. He seeks male validation so bad he’ll bend over backwards for a check balance.  #GlassesMalone #NoCeilingsPod https://www.youtube.com/live/1k2oL1ovGtU?si=2MuWfNTYJc2kTfaJ  ,N/A,did:plc:fduli6ge5ffp7srbayhfxwsk
bafyreibug3qrr65tj5kearjfzhbp3jh4za5to6o5gcurgrfu3iubkuwchu,2026-05-16T21:45:51.338Z,"AI,AI,AI...When I search for something the AI thing tells me  where I live, like this...  ""I see you live in Iowa, you are probably referring to..."" Call me old school, but being off the radar was a lot less creepy.  Robo-Stalker.",N/A,did:plc:yc7svzsjqbpedrznhujq66xd
bafyreiebvcs3io5ntojo4htnf6cf6wbrmq3js6ub4474qggrjutdwejcim,2026-05-16T21:45:51.086088+00:00,the stairs to the roof were worth it,N/A,did:plc:rvcskg6ggy54kmma5q6wcnfm
bafyreihhyjdveyvxgdpjlu3qwuwa4vrkxswyyytp6vgb7z44oeq2owzl7y,2026-05-16T21:45:50.687360+00:00,"GREEN BAY WI May 16 Climate: High: 86 Low: 58 Precip: 0.06"" Snow: 0.0"" Snow Depth: 0"" Link",N/A,did:plc:m4fscp45e5bzyh6dursrzrct
bafyreidtlb4t4xcxzmvtl42nmb3obk5vnwrgptjsptgl7odl5w37kohpca,2026-05-16T21:45:51.331Z,It's not deflection. It's the intense standards you're employing b/c you simply don't like Platner for whatever reason. There's no other populist candidate or elected official who has to pass this test.,N/A,did:plc:rugyykep2pxbw37w5qomvejx
bafyreieughzxmhwclxohjnk4pzifn5cm63dr5fcu7dmfo75ralvvhe4zau,2026-05-16T21:45:47.040Z,"my favorite Yomi no Tsugai episode so far and it was nothing but dialogue, great stuff.",N/A,did:plc:er3pcserxwuyon27j65pgblr
bafyreifrzyii7sssc7kf2zzkrqdos7shomfly4rfcmjchpknip5pv7lnou,2026-05-16T21:45:50.668Z,love this❤️,N/A,did:plc:ba2okwlb6aaexwnmmwzjoe5z
bafyreibyrv6mtrfrl3amqqq7xfky3eefcpanri6xy74bxqrsf7h5d5apii,2026-05-16T21:45:50.862Z,"It was built to entertain the cruel, violent and blood thirsty magas",N/A,did:plc:h5xmz5i45s5z4kgbqi22cfo5
bafyreih2yqktkhisyr3ble2myp434x4x7dlbgbncoicbbp27he3k7p7tti,2026-05-16T21:45:51.593Z,"Does anyone play the Pokemon TCG Live and if so, do you want some codes?",N/A,did:plc:qn63scusz3oyahsj6ympmso4
bafyreiciiit27ye7uusxvoewtastzier76eu4woja6mmkirak2fbyvirua,2026-05-16T21:45:52.762Z,Conveniently all the assholes are situating themselves in close proximity to mentally unstable people who can't feed themselves in a state with loose gun laws.,N/A,did:plc:l3eskoelwavu5mgkq5rmycks
bafyreid3uwh6kkthwjtwoxlotqnfgcxeanwgjbeshw5gvsauufdrqz67w4,2013-09-06T00:00:00.000000Z,"Russie: le mirage des essais cliniques suisses  """"  https://www.publiceye.ch/fr/publications/detail/russie-le-mirage-des-essais-cliniques-suisses",N/A,did:plc:lb7v3uq23wmm5spv2a27kehv
bafyreigzbwolhv4lnhujeslcpxxe4xtjgr33rcgxadik4dfnlflyjj2snq,2026-05-16T21:45:51.115Z,あおは,N/A,did:plc:jxpyldqztthvg3tprinyttzw
bafyreiaavhde6gprj5c2d5ee6l45lk3mjzoeh26ypoxugmghbfjm5nffyi,2026-05-16T21:45:47+00:00,Ambulance uitgerukt naar Wijngaardenlaan in Rotterdam. Geen eerdere meldingen bekend.,N/A,did:plc:w23i6wxhyheqrwevgb4ukncb
bafyreidjfz3rxgmdypkbpsgq24as54mw2kl7ko3tkqqq2tfij7zu5x54w4,2026-05-16T21:45:50.787Z,valid reason tbh,N/A,did:plc:ueotqobusok7gxidfa2udq4b
bafyreidpzyzfzn2frpslnp7emdzlhddw6vipbmb4d6w4h26d7yk3fbke4q,2026-05-16T21:45:46.794Z,Good Afternoon 😉,N/A,did:plc:gw5tztwnwgdvgtgh5uwscyya
bafyreibbhpr5gtzwintz7gt4yt7c4oa2nkra2zfszshqabp77x5ih5rttu,2026-05-16T21:45:51.071Z,Dinos! Rawr! 🦖 🦕,N/A,did:plc:42v47he5tvlp5wqms54zch77
bafyreigui26c7fbuhlgfrziaa7iufmboa57xofxz2ivgzfkwkvalcru76a,2026-05-16T21:45:46.29156700Z,"Hmm? What is it, Kirito?",N/A,did:plc:in4lcy7i5rjotj2v62nvo6lo
bafyreidpzmk24v4jizhynqov5lzm6hz3u276ehpyn2bs623gyd3mtdym2q,2026-05-16T21:45:43.856Z,They divide opinion but there's no doubting the beauty of the Ring Necked Parakeet.  #Parakeet #birds,N/A,did:plc:dnyi3r7z62cy3fmq26tnlllc
bafyreiailwwd2gkfiuwgfmk5osco6vvqwrjc62jwiz7rux355iz355mati,2026-05-16T21:45:51.536Z,Lol das war rumpi als er seine Phase hatte wo er Hunde im 3. Weltkrieg generiert hat,N/A,did:plc:5gnsmkgwabj7fojdrk7blxan
bafyreiezzrxula2oluoy62qa24oriroo2exwyiuzdeox6cwslfhc3kcwq4,2026-05-16T21:45:50.497Z,Mullets and taches. It’s hilarious,N/A,did:plc:bttbwo25d776o42ruslwlkv4
bafyreiezfxgctdlil5d7swusg2xliwcz734ei66xgjscds3jqmdjvdxjwy,2026-05-16T21:45:51.211Z,War auch gut,N/A,did:plc:csyir5tpg3bkg6ezkaybpcnb
bafyreiabmjpioutccyfhxztie74hqc2ki3xgm7vwdokzbxv6uwnjlvlfua,2026-05-16T21:45:51.174Z,自分お部屋つくてた。完成したらいつかしょうたいする。,N/A,did:plc:glha2fawrwnbtnpnuor5z2ya
bafyreig4qpml4rnpzjnzi5vyzlymvt664ycupvr5zuzddkesbtvixn5f7i,2026-05-16T21:45:48.708Z,おはようございます😀  🐤 『本日も業界の闇🚗🛀に光をあてたPOSTを心掛けたいと思います』  😎 ピンポーン♪(インターホン)  🐤 『早朝からなんだろ？』 『うわなにをする！くぁwせdrftgyふじこlp・・・！！！』 　 店長は行方不明ですが 本日もよろしくお願いします (@_@)  x.com/livedoornews...,N/A,did:plc:2kn3qcmx472g4pdlhk7vtzev
bafyreigo7qroeky7i65tt763bdawbvsvj5aurxpqvtcglmvlspw7qpksoe,2026-05-16T21:45:51.508Z,Mais comme je suis dehors pas de dvd etc. Je ne fais pas de sport je devrais en vrai… mais l’enfermement j’ai bcp de mal depuis la vie d’adulte. J’avais aucun souci avec ça jadis!,N/A,did:plc:7hb45sfduqlt75shx7zefivo
bafyreiftktg5pkl42dl6t62xptf4i7dtn3e7o6huys6swuolilu66es7ky,2026-05-16T21:45:48.202Z,Book eleven - Wilderlore Book 1: The Accidental Apprentice by Amanda Foody,N/A,did:plc:u4fum7hony5chw3c3vpqjcqi
bafyreie5npnrnh63md2en72asijbckrla4xoemjeb3kmvvj2ohlyeiin74,2026-05-16T21:45:51.088Z,Another pre-made ad for @democrats.org  Start using it fercrissakes!,N/A,did:plc:2pdiusud4pb4fqhogtacr2hp
bafyreie26zqclaw25krplq4k4pf2wzx7xesc7ofwdpbvqtzugx6nficxki,2026-05-16T21:45:48.042Z,israel’s gonna demand to join this one too,N/A,did:plc:h42coey6msniqn276kenuavb
bafyreigforjunluxi7edmu4ik5c6ag5cjlghffipbigi2rs66zki3vkbpe,2026-05-16T21:45:51.640Z,Denmark went south,N/A,did:plc:eex2jxu5xyoufec3i7jrsjk3
bafyreibyvbr3f3kocpsqppcmatkr35bi7uojdchm4nlz4pvynzbo4d7x4q,2026-05-16T21:45:51.763Z,Have to believe the person is wearing the Cardinals jersey ironically.,N/A,did:plc:g4woxmzf4tmtaxuubj2aos62
bafyreifbzcvnwvfnirq6ttzhvvdkthcedtbbwmxprog7zai5xie3kzyh4i,2026-05-16T21:45:51.382Z,Ella les da mil vueltas a ambos   #Cineblus  #Eurorrision2026,N/A,did:plc:xu54cacb6v43ycgd2r6i4xa6
bafyreibfs6zj3rgqyqre2rrq5tkuwbttj5zsyt4jz5i57z46loca6sb2t4,2026-05-16T21:45:51.741731+00:00,🚒 Aid Response at 2806 W Elmore Pl ⏰ Time: 14:42 🔗 https://sfdlive.com/?id=F260065735,N/A,did:plc:vtueku2qq2o6xh43lv5j5prl
bafyreifdtbhol2jty6f76wvfbo7yl5g2kdsz4zg73sbyqa55gxkefat7eu,2026-05-16T21:45:51.335Z,Sa rozhodli zobrať to doslova? Špinavé ruské onuce?,N/A,did:plc:wizx3nnl6z5kzum3zop2m775
bafyreicyydtu2klylnavkvzwwg3owztxiviro6yclwknlyjbzp5345jxay,2026-05-16T21:45:29.436Z,...,N/A,did:plc:oh652jxvdtkk7gupfi7ypjuz
bafyreidfgkgf75r2zvmtbfnllzrrgxv4dsfj2sobyzebuzsijyfxaja7ra,2026-05-16T21:45:51.442Z,Do one with Putin & call it volume 1 & this one volume 2.   “The Art of the kneal”   Good one.,N/A,did:plc:eata7gdmv6lqfww6uh3ldcnn
bafyreih6vb7dr76c77b4anoaic4fpr3bsftxwmnaqoazppdzhtnfpbi4gq,2026-05-16T21:45:48.764Z,"He looks so kind. Also, you look so much like him!",N/A,did:plc:grnochfpti4ueatf4lpvbk5k
bafyreiejzazz6uwuqrdmgnynkizmyst33etvqpvkfpup2vyjbbnd7e6e5e,2026-05-16T21:45:46.147Z,Ruhiger und souveräner Auftritt von Julian Nagelsmann im Sportstudio zur Causa Manuel Neuer. Stark. #DFBTeam #Nagelsmann #Sportstudio #Neuer,N/A,did:plc:p6majt3moyf5hqbeft45ak3o
bafyreidzm2kf7elkeborbtfpoochk76ytffswa53nses637atwzbb3wuti,2026-05-16T21:45:51.781Z,"Jaaa, sah voll danach aus oder? So wie der alle geherzt hat und fast geweint hat 😢 oh mann",N/A,did:plc:zf2kgsdmtqau2kb3eh6bj53e
bafyreib3w7dfp4ynwxbjtemdfhbupzi5zibgtrv3clglbhbd5qyieseqmy,2026-05-16T21:45:51.270Z,I always wanted an EV. I just had to wait 50 years until technology caught up to me.,N/A,did:plc:miujmspznsrw66uz6xrcgmpe
bafyreifjmzdy3xprgfk6zx3fu6b7gxyyzopiu4sfn5pwosuayuta3cm3be,2026-05-16T21:45:51.119Z,We’ll lighten it in things up a bit.,N/A,did:plc:bf6chzjf7d7rhpd2fwopdepo
bafyreigo36mhz3jajhhm25p5xv42aff7suzs4pgy5zn4utt4jh3ahvkvji,2026-05-16T21:45:51.007Z,You probably posted something that wasn't a couch gag and they had a Twitter-style response...,N/A,did:plc:o72qk7hnk7z44bcjnytojr7n
bafyreidffknibwxog4w7ta7xyiaefcrkmddz6siecljgzwnfmssdnykc74,2026-05-16T21:45:51.411Z,Tylenol Arthritis gave me late-diagnosed autism.,N/A,did:plc:qdzyz72spr2jfvfee5o2fh6j
bafyreiecoaj2hb6wodlczd6wylahewvxerzdsz4aoeqdjcar6hls64ipju,2026-05-16T21:45:51.412Z,"(Just to be clear, that's a joke. My parents are where my autism came from.)",N/A,did:plc:qdzyz72spr2jfvfee5o2fh6j
bafyreif4yuuugenaj5klupf4es67ttwk2yhzq4ibx7beta3bzlfbz7ghoa,2026-05-16T21:45:51.508Z,Okay!? DAS hab ich nicht erwartet! #esc2026 #eurovision2026,N/A,did:plc:4qa4dkzzslkkvzdsovl7cbx6
bafyreifgdor375ox27ileys674j6djl2f4u54nlyjozfktjgn6gvsapora,2026-05-16T21:45:43.867Z,"Learned #May 16 is Pink Love Day and everyone is drawing Marisa, figured I'd join in with Inverted Marisa (Swap AU). She'd love it if you gave her a Tip lol Hope you all enjoy #Marisa #MarisaHakurai #TouhouProject #TouhouInvertedParadox #Touhou #ArtbyMe",N/A,did:plc:nd67clhu7lfjexhutvkbni2l
bafyreia4wd5beh7o5as3twowuoxaesqakloua5o54cwgoh2d6rob6jlp5q,2026-05-16T21:45:51.711802+00:00,"ILX issues Severe Thunderstorm Warning [tornado: POSSIBLE, wind: 60 MPH (RADAR INDICATED), hail: 1.00 IN (RADAR INDICATED)] for Clay [IL] till 5:30 PM CDT Link",N/A,did:plc:us5dlz2bn4s3zprc4r6jgt3i
bafyreigw27sm5kdqlurr6vbptug47wvsfsrm7gowz6lcmw6q56fblstcre,2026-05-16T21:45:51.252306+00:00,"Feed: ""TVLine - All TV. No Interference. TV News & Spoilers by TVLine"" By: staff@tvline.com (Gil Macias) on Saturday, May 16, 2026",N/A,did:plc:o6ggjvnj4ze3mnrpnv5oravg
bafyreialolipw7d2ei6skroieoxxv4l6qzbnsgkdwavn6wfi4tfnczgslm,2026-05-16T21:45:52.319Z,History will judge Zelensky as one of the greatest statesmen.,N/A,did:plc:qhb6nbpu6f56pyat72k66uyg
bafyreihygvlmilucctmhbjfktgvvbygbnu3mt3uueltvoyzb46wn45blgy,2026-05-16T21:45:52.002Z,起きた。,N/A,did:plc:bv7nqee5mr2axlfo65qjh6fg
bafyreif5qguxjq4qzyu46wni5eceikscbgb4l4fjqyeboou5x5xdnkuqym,2026-05-16T21:45:47.141Z,"Review coming for excessive public service salaries - after pressure from @mrrexpatrick.bsky.social & Jacquie Lambie - but it's to be in secret & ""Caesar judging Caesar""  #auspol  michaelwest.com.au/public-press...",N/A,did:plc:jarm6aa5yvyzgjgt5umqakwh
bafyreicbmiygvpst2fjs4g5o34eqbvu6rbnhz6q7itbvcxfm4p4xhiekem,2026-05-16T21:45:51.868Z,"*my eyes turn red* i'm going to get you for this, 👽🩻 ★ BRI'S_V0iD !! (´꒳`)♡ Sleep1est Alien ꩜｡★ 🌸💤!!!",N/A,did:plc:tfm42t3fm2shm4mxqiuoxpvm
bafyreih524wbujezrfprwmivr5agaydpmd53fktxlvkxsnmr6twctu2zmy,2026-05-16T21:45:54.277Z,"My favorite incarnation was when their front group was called ""Americans Elect"" and of course they're the sort of smug dweebs who easily get labeled the American Select.",N/A,did:plc:xfrwohjwxmkytdzadc4lqqy6
bafyreibdo32zhosyos2xwdsztq4f2f5ehepkh6rjsn2ib4m75w3tjczsdm,2026-05-16T21:45:51.447Z,This thing is too fun,N/A,did:plc:om3kzzrtzo2xdzi4ead2q6ne
bafyreigfdge6kapr6s7oqpwy7glfnwlvzj6pkefronilvzp6mbhsfrd44m,2026-05-16T21:45:50.891Z,Missing SM is just so massive though. He's yer heart n soul feels like   Rooting for ye's 🤞🏼,N/A,did:plc:m5tta5h2xqtnvu23tniq3zfn
bafyreifbh6ixkdyll55xdygjdhoi3mhdwpuzyho7gvckx3s4fbudf6fx7u,2026-05-16T21:45:52.328Z,"Get real, this only “astonishes” the mainstream media who are complicit in enabling and covering up this criminal and his criminal ways.",N/A,did:plc:ylslgasbeo6k4cxsg4vjx5x3
bafyreiant5342424ap5qvq26okyjt432iziqgucp3sfgxexpb2suhtz22e,2026-05-16T21:45:52.323Z,Klemtoon naar keuze.,N/A,did:plc:yz25thvlmwve6m5vdlfp7bvo
bafyreie3mqanhntosp7khk56dvtws7ltysetfbzg5pm2vnovf52xebe3wu,2026-05-16T21:45:52.217Z,"This was the downside of having more players in Ireland camp, but it's a good sign of the progress this year",N/A,did:plc:j76qq7mcrmqjmklosyku7mnn
bafyreia5hi24uf7og4x7o5bzhaiwixekk7hexqof6q6pzc4mjczfvskl6i,2026-05-16T21:45:52.322Z,It’s only 3 screens but there’s an event tomorrow too so probably aiming to get us in there who are feeling nostalgic after it.,N/A,did:plc:wa6pjzjfya4bddpyi5dubnzb
bafyreigzrrjrg63clcp2lbndeqistpu3q5tlha5lmlj53fdv7kxyzebrji,2026-05-16T21:45:52.740Z,Oooh I love electro swing!,N/A,did:plc:4cq7yl777ldtuyjgbxi44h5c
bafyreifbvhjorgahq6w7ql623d6mzhrzzu5r3lp55e43hqz4mmgj2rl3na,2026-05-16T21:45:52.038Z,"This!   I watch Trump talk and am astounded at how stupid he is and then cognitively impaired on top of it. And I can't understand how people don't see it BUT I do know that people in general assume a lot of things because ""how would the ""people in charge"" let someone impaired get to this point.""",N/A,did:plc:h2b5ygwfxpmaj7zfsm5fpz7x
bafyreibajrbgem23xocrvqer4p6pc3szf5cb4syb3chcdujq6wmw5zfr4e,2026-05-16T21:45:49.336Z,Soltar mierda faltona sobre la IA y los tolAIs de forma disfrutona mientras se toma un cafecito: por fin alguien en Hollywood que me representa. www.instagram.com/reel/DYVGHJO...,N/A,did:plc:tlpkyt5ntzcynplrjjc4jqdl
bafyreiadl6lzgzep7pazjsmbaysdlbjilcs5zqs2tnf673kny44i5vohtm,2026-05-16T21:45:52.247Z,"""Do you love her already? Sooo much?""  Yes, yes I do.  And she can walk! Her hip joints work, it's the feet that are the problem.  Guess she's not in pain.  And what large dog? Kinda fearless. And kind of Owen not to eat her for lunch.",N/A,did:plc:zoze7dms7jhthevq6gazmb7r
bafyreih5s3xts4oahpgkvddcg3g7pgoxk77hn5lw3xaebwskf3o7s7tti4,2014-01-01T00:00:00.000000Z,"Argumentaire sur l’accord de libre-échange avec la Chine  ""Pas de libre-échange sans normes minimales sur les droits humains et les droits au travail""  https://www.publiceye.ch/fr/publications/detail/argumentaire-sur-laccord-de-libre-echange-avec-la-chine",N/A,did:plc:lb7v3uq23wmm5spv2a27kehv
bafyreihfyvnc4eebxbhec547hnljmtdzd7cypipdyko7hos47dvpfsdz2u,2026-05-16T21:45:08.117Z,"Hng! Elio Lislerud er tilbake med ny poesi, og det er så bra!",N/A,did:plc:543lefazp2drdqxefuaucv3f
bafyreidgpidx4yej5dp4gq3cqvdo4cmm4734s2adiesjuctn4zq2m63s2q,2026-05-16T21:45:52.554Z,😆👍🏻,N/A,did:plc:xp7abttqx2b6hdbkonhxheej
bafyreif5egirbzinstpothk4l5g6z2y4lng5eaq4gdcenyqxbsi2hcsmpe,2026-05-16T21:45:52.023Z,Stuck in a hospital is the stuff of NIGHTMARES! 😅 The longest I spent in a hospital as a patient was two weeks.,N/A,did:plc:l6323lk2d4vx5mv4m2ss6soi
bafyreiczaqv5t4p6uihqc7n6kdnrme3hvi67hkhr25qsjfpyrviunxsrya,2026-05-16T21:45:55.083Z,"Yes, I've wondered about that.  A convoy was massing for the drive up when it exploded.  A couple of hours later and they would have all died.",N/A,did:plc:su7q6jngaiyjueenbbabq43s
bafyreiethj5em2nh3vtbymwfsx7wos5wmbpg3rxlgngtdao3iwiulzwfm4,2026-05-16T21:45:50.981Z,"With all the lies tRUMP has been caught in, The Republicans have been caught, The Democrats Have been caught in Does not America have a Right to an Independent vote. Not DICTATED by Asses+Grudges?",N/A,did:plc:zdndsmvu3odvazgsrqa4hlax
bafyreidcuvv4ygdekpzx5afwq6dkieqod5jsivpdwis4wy7fagtlhhta3y,2026-05-16T21:45:52.297Z,"I had someone on the phone pronounce my name ""Cawdy"" the other day. That was a first.",N/A,did:plc:dqwwq6mzcxtwzc56meitecwz
bafyreia4lnqowjkw3q24p7ndb5fdgv6smyrj33kesdskzsz2mkz7uq67xi,2026-05-16T21:45:23.022Z,いかん忘れてた この広重美術館、来月から来年の4月まで改修工事だそうです… すぐに見たいなら、今！,N/A,did:plc:mdewq7s5pdbzi6mpdr7owitq
bafyreiejxjbd733rxq5v2ob4ifgwle7sh42lkch2tqyxhd2t56y5tzwp2y,2026-05-16T21:45:52.099126+00:00,"RHINELANDER WI May 16 Climate: High: 79 Low: 53 Precip: 0.0"" Snow: 0.0"" Snow Depth: 0"" Link",N/A,did:plc:m4fscp45e5bzyh6dursrzrct
bafyreihfs4akphkiamqsv5r6uij5dnx7vjs3pxc6fopz3aofmdpadnnjjm,2026-05-16T21:45:51.762Z,gothamist.com/news/macys-j...,N/A,did:plc:guyo5qnqqdy42ced52gugd3n
bafyreidsmmywgvlkm5kikfj33qhuue3btuf534o7tppnmct2uwmxrzqjra,2026-05-16T21:45:52.747Z,Can you provide a link? I can find several news articles from 2015 reporting him saying it at the time when both were Labour MPs and candidates for the Labour leadership. I cannot find anything recent and it does not sound credible given that Corbyn is no longer a member of the Labour Party.,N/A,did:plc:rlonbccuorjpwsyoedmnb2sr
bafyreifl7jlupbk2g4omegdpcu46iosiiau3ngzrhzw6wl4na3nrcx7kyi,2026-05-16T21:45:53.134Z,"Die Krise im ORF muss echt unfassbar sein. Wenn man bedenkt, wie gut die Show und Hosts in Wien beim letzten Mal waren. Nun zweimal komplett fehlendes Talent. #ESC",N/A,did:plc:un2ylmvyft4rqolwxo32hq7s
bafyreiaugr5jh5jv6ym6pybbt7hlr2ejbljhkq7njrrvubmpimur2qoxei,2026-05-16T21:45:51.450Z,Forse un segno!,N/A,did:plc:srbc76th2ir4tpr7lhje2jnx
bafyreihws2bobkadurlfhcaksuybwgwgwfctlfdgsyakdcj4rlxkprzzui,2026-05-16T21:45:51.774Z,"She needs fiber, shame and a bidet!",N/A,did:plc:7qv25l5q37jjkim2feqsyjxu
bafyreiciaf4gkhkd2m7j7kmlwnln24dvptne5ut2rgswmqukq55w56cb4q,2026-05-16T21:45:52.869Z,"Foi bem triste, Weny.",N/A,did:plc:fn3374gboqzouewcjgc53boj
bafyreig345c2visrpv7mhj64b76nhownyge3y3totqed4rvg3uhhibm76u,2026-05-16T21:45:26.070Z,満喫し過ぎた（企画展だけで5時間半溶かした） 赤しかなかったけど、手拭いもゲット〜！図録がでかーい（割に重くない気がするカラーだろ中身？軽い紙で作ってくれたの？）！ ハントンライスはエビフライだったからフォンダンショコラ食べました。しれっとまた綿が増えました。 童子切（拵も）に列出来てたけど、せっかくなので並んで写真も撮った！でも上げるのは長義の鋒。,N/A,did:plc:jkcoqye4re6wwpjnkmqpdw4t
bafyreiflfzx43hb567wkx2ofq7be35i2sikvb7nxwa75udtvvuvrsyccbm,2026-05-16T21:46:32.567Z,like any flowers he gets I'll call well-earned,N/A,did:plc:6fpnypfzaavom45wm7syq4g6
bafyreibr2kjkwdn7uttcjtfmdht6jdxl6625x4jcqzzjxvfkwxjxbdkrcq,2026-05-16T21:45:26.071Z,根付けコーナーにいたアザラシ？の顔がなんとも言えなかったw 写謡は大きかったので断念。 若冲の高精細再現凄かった〜マジで時間溶けたけど楽しかったのでヨシ。,N/A,did:plc:jkcoqye4re6wwpjnkmqpdw4t
bafyreiegozpvnsalgk7j6ben6l46jqvoovjebu353me5oilxqtbp5vh5wi,2026-05-16T21:45:52.721Z,LLチネャンネ,N/A,did:plc:ma4ze2kgh7e67qlobuukw6gi
bafyreicmnlbj2lpdvfxjtbona74vwhkp4rhflzllcicedgcuq2p6gvwgta,2026-05-16T21:45:53.128Z,Anarchistische Kollektive die sich auf Instagram berufen. Finale Resignation vor dem Tankie-Rebranding? Fehlt nur noch die Hoffnung endlich auf der Siegerseite des Faschismus zu stehen.,N/A,did:plc:qnitbj7uu5t53c3vvawo5knz
bafyreiazgprgitgxgxesxuclfipegwjqpxex46uzomvkyosjfssuojgnhq,2026-05-16T21:45:52.622Z,Lemme hug ya butt rq as a frand 😂❤️,N/A,did:plc:ucg6a22kmknhieebxl72g3te
bafyreiagafqnea4gez7tpfyhlz23y7m3bs6krarvcpx4rq256cv7hfxif4,2026-05-16T21:45:52.607257Z,FIP BRONZE MIAMI  Main - Female - Round of 16  M. Meneses Cuellar/M. Vargas Parada def M. Magraner/S. Martinez 6/3 6/4,N/A,did:plc:eaxssnsscqcqspj7h4oeuxfj
bafyreibs5tbecpwq3ydysvfconsvo4c73ctbyf27y2twkhewtcgincs6wi,2026-05-16T21:45:54.307Z,"After the bees, the second plague on Trump's America is the reflecting pool running blue",N/A,did:plc:2kf2qj56o2vq7jfaq4x4ogp6
bafyreihcpnobjwhtl7f6u35aqb7lrxvjrlvmx7q5v7jsqcdhv5pkv6657i,2026-05-16T21:45:53.312Z,Learning that they made another thing live. Kinda. Stop turning animation into real life. The animation is the magic,N/A,did:plc:g3edfc2p3go3xhguskeb33uz
bafyreigcjq47oihl4vaxywnezlanydvdli6gjubr3g5i6jx7yl3gsafrqu,2026-05-16T21:44:55.361Z,belt being above his belly here still killing me his hips r too damn wide,N/A,did:plc:3qued753erj74m477lse72oc
bafyreiaw4vo6s4ckpbdb2ksoxvouqtsyudg7s26lt4fd4gbhmoa4aeatia,2026-05-16T21:45:53.183Z,🤣🤣🤣,N/A,did:plc:n2jocs5nr3tkng2lxw7clpvv
bafyreiaxbfaw6tylu76gw4wxugisxjfxu3qe4poggnt6mnom3fonuiytda,2026-05-16T21:45:04.355Z,Кек,N/A,did:plc:swcsmzgweyrzqwvokg372o3r
bafyreiafedypbwew2zwix4c64vhf4luxs5km66ohgb7oy2fqqpho3cmq2m,2026-05-16T21:45:00.327Z,sites.google.com/view/pulsefo...,N/A,did:plc:vkmjyw6thbgp3hwx55msin4l
bafyreiffpu3pi2pousiuoc26kphdnce5tkuwql7mpmunpmuicrllra2tjq,2026-05-16T21:45:46.899Z,Question for Son: What would you do if you caught your mommy like that?   Question for Mommy: What would you do if your son saw you in that position?,N/A,did:plc:va3334u7ggg7jrsx47wqo3ee
bafyreieiahffckmngf342gmleejec5muokvhdjdeyj3wffdnamugjz6yje,2026-05-16T21:45:52.920Z,"1.Tschechien 2. Kroatien 3. Norwegen  Und ja, das überrascht mich",N/A,did:plc:j7zozawt6sjlkps47kauslge
bafyreihgc5kb3feyi5desqr6wt2cfcox7slefvquacn5bizpkn2bjj7rhi,2026-05-16T21:45:21.187Z,la sua Serie di cazzate in geopolitica tende a +infinito. L'importante è che Z tenda a 0.,N/A,did:plc:dw6sdebjeb3ab5je6hqnfvwc
bafyreih5k4vaaknnk46thovj7ofwzj5qtpborczy6gtiej7p3qpq5iszz4,2026-05-16T21:45:49.309Z,"after playing chapter 3 of Fata morgana, I made a connection.",N/A,did:plc:hsom7dkkv4persdsi26mnmhf
bafyreibqkwxmj3viaklzyegm5qoroiaoxgecmdulbzjwx62ogbwfkbcknu,2026-05-16T21:45:20.220Z,Revising RESONANCE… changed from third to first person… and I’m realigning the opening chapters….! I’m a woman possessed and need this thing to WORK.   #WritingCommunity,N/A,did:plc:gtugut34xnu2zpyau3hxaejg
bafyreihdcq4lnr75oewlhq7gztxeyrndudp6ubhmeldh7p3zpjfikfgosa,2026-05-16T21:45:53.273698Z,Now playing on 91.3 Ayclt FM HD3: I Knew You Were Trouble. by Taylor Swift! Tune in now: https://radio.913aycltfm.com/listen/91.3_ayclt_fm_hd3/bluesky,N/A,did:plc:osgbq7gwpy2jhi6urpjcnlw7
bafyreie566jgfkkp5jmlzfhfbhiszosz4x5xfg4qdlyc4ka44udkqkq5fi,2026-05-16T21:45:52+00:00,"🚨 Severe Thunderstorm Warning issued May 16 at 4:42PM CDT until May 16 at 5:30PM CDT by NWS Omaha/Valley NE 🚨 Additional Details Here.",N/A,did:plc:mfekrrcqy2hj3u4d5vptqwyy
bafyreidizvt6thszxvsxnbp7533w3plcowo2f2xxxcpdkjlvlfnda3rvzi,2026-05-16T21:45:52.233Z,"However, depending on how ""literary"" I thought the requester was, I might say THE BLACK SWAN. Or really any of the popular Sabatinis, but I like that one just a smidge more than CAPTAIN BLOOD, SCARAMOUCHE, or THE SEA-HAWK. What can I say, they're good books (Brent).",N/A,did:plc:v6r3rvlcev2jhmgi2gl5orwm
bafyreihuke2icib2g3f3iqzgbbfnhmuwuivpduxkrweuudh56bhjriom7a,2026-05-16T21:44:35.012Z,"I'm listening to Chalkdust - 2025-07-25 Saratoga Springs, NY at phishjustjams.com #phishjustjams",N/A,did:plc:bmvfegzdyra6ysuxibx75svz
bafyreieybkbp4nt4h46gdoybatcqhnolf7oapo5l6mprw7piraxgmfkd6q,2026-05-16T21:45:53.414Z,lordi of finland’s iconic 2006 entry “hard rock hallelujah”,N/A,did:plc:36giq6n4hqhhlwgrr2w3dskl
bafyreiffsghx2vlz5cojwjqldxcy4yahgvgekkscxzq2vxmwpnqi4jttiu,2026-05-16T21:45:53.488Z,I fixed some plumbing today so that means I get to go to the brewery full of hot actual dads please clap,N/A,did:plc:5ijwnvltivx2unqsepyqf4gp
bafyreifvtyyar26y2ihpwykayz43thwvszazk2ttndcovki4tr7ep2jxoy,2026-05-16T21:45:53.632Z,"Hey now, Number One",N/A,did:plc:kcsadi6qxkoiagjaccmj23xz
